path,label
/Users/pickapu/Documents/PyCharmMiscProject/deepfake-ViT/test_data_v3/real/real__575__286.png,0
/Users/pickapu/Documents/PyCharmMiscProject/deepfake-ViT/test_data_v3/real/real__950__393.png,0
/Users/pickapu/Documents/PyCharmMiscProject/deepfake-ViT/test_data_v3/DiT/fake/DiT__DiT_id45_0000__2270.png,1
/Users/pickapu/Documents/PyCharmMiscProject/deepfake-ViT/test_data_v3/real/real__996__160.png,0
/Users/pickapu/Documents/PyCharmMiscProject/deepfake-ViT/test_data_v3/DiT/fake/DiT__DiT_00160__23584.png,1
/Users/pickapu/Documents/PyCharmMiscProject/deepfake-ViT/test_data_v3/DiT/fake/DiT__DiT_id37_0000__25696.png,1
/Users/pickapu/Documents/PyCharmMiscProject/deepfake-ViT/test_data_v3/real/real__729__327.png,0
/Users/pickapu/Documents/PyCharmMiscProject/deepfake-ViT/test_data_v3/real/real__327__254.png,0
/Users/pickapu/Documents/PyCharmMiscProject/deepfake-ViT/test_data_v3/real/real__339__235.png,0
/Users/pickapu/Documents/PyCharmMiscProject/deepfake-ViT/test_data_v3/real/real__524__271.png,0
/Users/pickapu/Documents/PyCharmMiscProject/deepfake-ViT/test_data_v3/DiT/fake/DiT__DiT_00142__20586.png,1
/Users/pickapu/Documents/PyCharmMiscProject/deepfake-ViT/test_data_v3/real/real__779__157.png,0
/Users/pickapu/Documents/PyCharmMiscProject/deepfake-ViT/test_data_v3/DiT/fake/DiT__DiT_id19_0008__2845.png,1
/Users/pickapu/Documents/PyCharmMiscProject/deepfake-ViT/test_data_v3/DiT/fake/DiT__id31_0004__24412.png,1
/Users/pickapu/Documents/PyCharmMiscProject/deepfake-ViT/test_data_v3/real/real__029__214.png,0
/Users/pickapu/Documents/PyCharmMiscProject/deepfake-ViT/test_data_v3/real/real__993__210.png,0
/Users/pickapu/Documents/PyCharmMiscProject/deepfake-ViT/test_data_v3/DiT/fake/DiT__880__20430.png,1
/Users/pickapu/Documents/PyCharmMiscProject/deepfake-ViT/test_data_v3/DiT/fake/DiT__DiT_id8_0004__26641.png,1
/Users/pickapu/Documents/PyCharmMiscProject/deepfake-ViT/test_data_v3/real/real__049__185.png,0
/Users/pickapu/Documents/PyCharmMiscProject/deepfake-ViT/test_data_v3/DiT/fake/DiT__DiT_id35_0009__24251.png,1
/Users/pickapu/Documents/PyCharmMiscProject/deepfake-ViT/test_data_v3/real/real__625__170.png,0
/Users/pickapu/Documents/PyCharmMiscProject/deepfake-ViT/test_data_v3/DiT/fake/DiT__DiT_id28_0006__2417.png,1
/Users/pickapu/Documents/PyCharmMiscProject/deepfake-ViT/test_data_v3/real/real__808__328.png,0
/Users/pickapu/Documents/PyCharmMiscProject/deepfake-ViT/test_data_v3/real/real__415__290.png,0
/Users/pickapu/Documents/PyCharmMiscProject/deepfake-ViT/test_data_v3/DiT/fake/DiT__DiT_00152__22893.png,1
/Users/pickapu/Documents/PyCharmMiscProject/deepfake-ViT/test_data_v3/real/real__953__180.png,0
/Users/pickapu/Documents/PyCharmMiscProject/deepfake-ViT/test_data_v3/real/real__798__190.png,0
/Users/pickapu/Documents/PyCharmMiscProject/deepfake-ViT/test_data_v3/DiT/fake/DiT__DiT_id37_0002__21550.png,1
/Users/pickapu/Documents/PyCharmMiscProject/deepfake-ViT/test_data_v3/DiT/fake/DiT__DiT_id21_0008__23319.png,1
/Users/pickapu/Documents/PyCharmMiscProject/deepfake-ViT/test_data_v3/real/real__150__234.png,0
/Users/pickapu/Documents/PyCharmMiscProject/deepfake-ViT/test_data_v3/real/real__530__369.png,0
/Users/pickapu/Documents/PyCharmMiscProject/deepfake-ViT/test_data_v3/DiT/fake/DiT__DiT_id55_0001__19653.png,1
/Users/pickapu/Documents/PyCharmMiscProject/deepfake-ViT/test_data_v3/real/real__853__317.png,0
/Users/pickapu/Documents/PyCharmMiscProject/deepfake-ViT/test_data_v3/DiT/fake/DiT__DiT_00223__25282.png,1
/Users/pickapu/Documents/PyCharmMiscProject/deepfake-ViT/test_data_v3/DiT/fake/DiT__DiT_id57_0000__2526.png,1
/Users/pickapu/Documents/PyCharmMiscProject/deepfake-ViT/test_data_v3/real/real__399__444.png,0
/Users/pickapu/Documents/PyCharmMiscProject/deepfake-ViT/test_data_v3/DiT/fake/DiT__DiT_id0_0004__26985.png,1
/Users/pickapu/Documents/PyCharmMiscProject/deepfake-ViT/test_data_v3/real/real__685__268.png,0
/Users/pickapu/Documents/PyCharmMiscProject/deepfake-ViT/test_data_v3/DiT/fake/DiT__DiT_id60_0002__21739.png,1
/Users/pickapu/Documents/PyCharmMiscProject/deepfake-ViT/test_data_v3/DiT/fake/DiT__DiT_id20_0003__21444.png,1
/Users/pickapu/Documents/PyCharmMiscProject/deepfake-ViT/test_data_v3/DiT/fake/DiT__DiT_id3_0003__23706.png,1
/Users/pickapu/Documents/PyCharmMiscProject/deepfake-ViT/test_data_v3/DiT/fake/DiT__DiT_00099__21052.png,1
/Users/pickapu/Documents/PyCharmMiscProject/deepfake-ViT/test_data_v3/real/real__id32_0008__243.png,0
/Users/pickapu/Documents/PyCharmMiscProject/deepfake-ViT/test_data_v3/DiT/fake/DiT__DiT_id8_0001__23089.png,1
/Users/pickapu/Documents/PyCharmMiscProject/deepfake-ViT/test_data_v3/DiT/fake/DiT__DiT_id32_0007__23634.png,1
/Users/pickapu/Documents/PyCharmMiscProject/deepfake-ViT/test_data_v3/real/real__id11_0006__162.png,0
/Users/pickapu/Documents/PyCharmMiscProject/deepfake-ViT/test_data_v3/real/real__684__256.png,0
/Users/pickapu/Documents/PyCharmMiscProject/deepfake-ViT/test_data_v3/real/real__247__205.png,0
/Users/pickapu/Documents/PyCharmMiscProject/deepfake-ViT/test_data_v3/DiT/fake/DiT__00283__21557.png,1
/Users/pickapu/Documents/PyCharmMiscProject/deepfake-ViT/test_data_v3/real/real__114__368.png,0
/Users/pickapu/Documents/PyCharmMiscProject/deepfake-ViT/test_data_v3/real/real__541__200.png,0
/Users/pickapu/Documents/PyCharmMiscProject/deepfake-ViT/test_data_v3/DiT/fake/DiT__190__19847.png,1
/Users/pickapu/Documents/PyCharmMiscProject/deepfake-ViT/test_data_v3/DiT/fake/DiT__DiT_id46_0009__26675.png,1
/Users/pickapu/Documents/PyCharmMiscProject/deepfake-ViT/test_data_v3/DiT/fake/DiT__00288__23045.png,1
/Users/pickapu/Documents/PyCharmMiscProject/deepfake-ViT/test_data_v3/real/real__612__216.png,0
/Users/pickapu/Documents/PyCharmMiscProject/deepfake-ViT/test_data_v3/DiT/fake/DiT__DiT_id42_0004__24616.png,1
/Users/pickapu/Documents/PyCharmMiscProject/deepfake-ViT/test_data_v3/real/real__721__299.png,0
/Users/pickapu/Documents/PyCharmMiscProject/deepfake-ViT/test_data_v3/real/real__471__278.png,0
/Users/pickapu/Documents/PyCharmMiscProject/deepfake-ViT/test_data_v3/real/real__452__312.png,0
/Users/pickapu/Documents/PyCharmMiscProject/deepfake-ViT/test_data_v3/real/real__011__325.png,0
/Users/pickapu/Documents/PyCharmMiscProject/deepfake-ViT/test_data_v3/real/real__253__258.png,0
/Users/pickapu/Documents/PyCharmMiscProject/deepfake-ViT/test_data_v3/DiT/fake/DiT__DiT_00183__2430.png,1
/Users/pickapu/Documents/PyCharmMiscProject/deepfake-ViT/test_data_v3/DiT/fake/DiT__DiT_id24_0001__2316.png,1
/Users/pickapu/Documents/PyCharmMiscProject/deepfake-ViT/test_data_v3/DiT/fake/DiT__DiT_00031__24266.png,1
/Users/pickapu/Documents/PyCharmMiscProject/deepfake-ViT/test_data_v3/real/real__000__203.png,0
/Users/pickapu/Documents/PyCharmMiscProject/deepfake-ViT/test_data_v3/DiT/fake/DiT__DiT_id37_0001__2119.png,1
/Users/pickapu/Documents/PyCharmMiscProject/deepfake-ViT/test_data_v3/DiT/fake/DiT__DiT_id4_0003__20920.png,1
/Users/pickapu/Documents/PyCharmMiscProject/deepfake-ViT/test_data_v3/real/real__965__179.png,0
/Users/pickapu/Documents/PyCharmMiscProject/deepfake-ViT/test_data_v3/real/real__421__468.png,0
/Users/pickapu/Documents/PyCharmMiscProject/deepfake-ViT/test_data_v3/real/real__801__228.png,0
/Users/pickapu/Documents/PyCharmMiscProject/deepfake-ViT/test_data_v3/DiT/fake/DiT__DiT_00181__20756.png,1
/Users/pickapu/Documents/PyCharmMiscProject/deepfake-ViT/test_data_v3/DiT/fake/DiT__DiT_id40_0006__21904.png,1
/Users/pickapu/Documents/PyCharmMiscProject/deepfake-ViT/test_data_v3/real/real__025__385.png,0
/Users/pickapu/Documents/PyCharmMiscProject/deepfake-ViT/test_data_v3/real/real__456__313.png,0
/Users/pickapu/Documents/PyCharmMiscProject/deepfake-ViT/test_data_v3/DiT/fake/DiT__id17_0000__20711.png,1
/Users/pickapu/Documents/PyCharmMiscProject/deepfake-ViT/test_data_v3/DiT/fake/DiT__862__3219.png,1
/Users/pickapu/Documents/PyCharmMiscProject/deepfake-ViT/test_data_v3/real/real__511__417.png,0
/Users/pickapu/Documents/PyCharmMiscProject/deepfake-ViT/test_data_v3/real/real__036__173.png,0
/Users/pickapu/Documents/PyCharmMiscProject/deepfake-ViT/test_data_v3/real/real__004__158.png,0
/Users/pickapu/Documents/PyCharmMiscProject/deepfake-ViT/test_data_v3/real/real__736__213.png,0
/Users/pickapu/Documents/PyCharmMiscProject/deepfake-ViT/test_data_v3/DiT/fake/DiT__DiT_id49_0001__20187.png,1
/Users/pickapu/Documents/PyCharmMiscProject/deepfake-ViT/test_data_v3/real/real__444__225.png,0
/Users/pickapu/Documents/PyCharmMiscProject/deepfake-ViT/test_data_v3/DiT/fake/DiT__id16_0011__26366.png,1
/Users/pickapu/Documents/PyCharmMiscProject/deepfake-ViT/test_data_v3/real/real__947__330.png,0
/Users/pickapu/Documents/PyCharmMiscProject/deepfake-ViT/test_data_v3/DiT/fake/DiT__00258__20092.png,1
/Users/pickapu/Documents/PyCharmMiscProject/deepfake-ViT/test_data_v3/DiT/fake/DiT__DiT_id49_0006__20784.png,1
/Users/pickapu/Documents/PyCharmMiscProject/deepfake-ViT/test_data_v3/real/real__710__194.png,0
/Users/pickapu/Documents/PyCharmMiscProject/deepfake-ViT/test_data_v3/DiT/fake/DiT__DiT_00231__26468.png,1
/Users/pickapu/Documents/PyCharmMiscProject/deepfake-ViT/test_data_v3/DiT/fake/DiT__DiT_id21_0000__20869.png,1
/Users/pickapu/Documents/PyCharmMiscProject/deepfake-ViT/test_data_v3/real/real__549__321.png,0
/Users/pickapu/Documents/PyCharmMiscProject/deepfake-ViT/test_data_v3/real/real__id36_0006__242.png,0
/Users/pickapu/Documents/PyCharmMiscProject/deepfake-ViT/test_data_v3/DiT/fake/DiT__661__20168.png,1
/Users/pickapu/Documents/PyCharmMiscProject/deepfake-ViT/test_data_v3/DiT/fake/DiT__DiT_id55_0003__23505.png,1
/Users/pickapu/Documents/PyCharmMiscProject/deepfake-ViT/test_data_v3/real/real__007__260.png,0
/Users/pickapu/Documents/PyCharmMiscProject/deepfake-ViT/test_data_v3/DiT/fake/DiT__DiT_id20_0004__27887.png,1
/Users/pickapu/Documents/PyCharmMiscProject/deepfake-ViT/test_data_v3/DiT/fake/DiT__DiT_id6_0006__24753.png,1
/Users/pickapu/Documents/PyCharmMiscProject/deepfake-ViT/test_data_v3/real/real__647__360.png,0
/Users/pickapu/Documents/PyCharmMiscProject/deepfake-ViT/test_data_v3/DiT/fake/DiT__DiT_id23_0008__2234.png,1
/Users/pickapu/Documents/PyCharmMiscProject/deepfake-ViT/test_data_v3/DiT/fake/DiT__DiT_id38_0002__25713.png,1
/Users/pickapu/Documents/PyCharmMiscProject/deepfake-ViT/test_data_v3/real/real__272__166.png,0
/Users/pickapu/Documents/PyCharmMiscProject/deepfake-ViT/test_data_v3/real/real__id12_0000__193.png,0
/Users/pickapu/Documents/PyCharmMiscProject/deepfake-ViT/test_data_v3/DiT/fake/DiT__DiT_id24_0003__2633.png,1
/Users/pickapu/Documents/PyCharmMiscProject/deepfake-ViT/test_data_v3/DiT/fake/DiT__id56_0009__20689.png,1
/Users/pickapu/Documents/PyCharmMiscProject/deepfake-ViT/test_data_v3/DiT/fake/DiT__DiT_id6_0009__20948.png,1
/Users/pickapu/Documents/PyCharmMiscProject/deepfake-ViT/test_data_v3/real/real__175__259.png,0
/Users/pickapu/Documents/PyCharmMiscProject/deepfake-ViT/test_data_v3/DiT/fake/DiT__DiT_id55_0009__23511.png,1
/Users/pickapu/Documents/PyCharmMiscProject/deepfake-ViT/test_data_v3/DiT/fake/DiT__995__28.png,1
/Users/pickapu/Documents/PyCharmMiscProject/deepfake-ViT/test_data_v3/real/real__188__159.png,0
/Users/pickapu/Documents/PyCharmMiscProject/deepfake-ViT/test_data_v3/DiT/fake/DiT__DiT_00113__21988.png,1
/Users/pickapu/Documents/PyCharmMiscProject/deepfake-ViT/test_data_v3/DiT/fake/DiT__138__18874.png,1
/Users/pickapu/Documents/PyCharmMiscProject/deepfake-ViT/test_data_v3/DiT/fake/DiT__DiT_00294__19656.png,1
/Users/pickapu/Documents/PyCharmMiscProject/deepfake-ViT/test_data_v3/DiT/fake/DiT__DiT_id29_0003__20700.png,1
/Users/pickapu/Documents/PyCharmMiscProject/deepfake-ViT/test_data_v3/real/real__261__348.png,0
/Users/pickapu/Documents/PyCharmMiscProject/deepfake-ViT/test_data_v3/real/real__941__254.png,0
/Users/pickapu/Documents/PyCharmMiscProject/deepfake-ViT/test_data_v3/DiT/fake/DiT__DiT_id54_0002__23260.png,1
/Users/pickapu/Documents/PyCharmMiscProject/deepfake-ViT/test_data_v3/real/real__739__156.png,0
/Users/pickapu/Documents/PyCharmMiscProject/deepfake-ViT/test_data_v3/real/real__077__314.png,0
/Users/pickapu/Documents/PyCharmMiscProject/deepfake-ViT/test_data_v3/DiT/fake/DiT__DiT_id53_0005__21502.png,1
/Users/pickapu/Documents/PyCharmMiscProject/deepfake-ViT/test_data_v3/DiT/fake/DiT__DiT_00158__20708.png,1
/Users/pickapu/Documents/PyCharmMiscProject/deepfake-ViT/test_data_v3/DiT/fake/DiT__id3_0001__2808.png,1
/Users/pickapu/Documents/PyCharmMiscProject/deepfake-ViT/test_data_v3/DiT/fake/DiT__00188__22075.png,1
/Users/pickapu/Documents/PyCharmMiscProject/deepfake-ViT/test_data_v3/real/real__195__171.png,0
/Users/pickapu/Documents/PyCharmMiscProject/deepfake-ViT/test_data_v3/DiT/fake/DiT__id39_0005__21045.png,1
/Users/pickapu/Documents/PyCharmMiscProject/deepfake-ViT/test_data_v3/real/real__389__161.png,0
/Users/pickapu/Documents/PyCharmMiscProject/deepfake-ViT/test_data_v3/DiT/fake/DiT__id2_0001__21967.png,1
/Users/pickapu/Documents/PyCharmMiscProject/deepfake-ViT/test_data_v3/real/real__115__164.png,0
/Users/pickapu/Documents/PyCharmMiscProject/deepfake-ViT/test_data_v3/DiT/fake/DiT__DiT_id11_0005__20958.png,1
/Users/pickapu/Documents/PyCharmMiscProject/deepfake-ViT/test_data_v3/real/real__532__201.png,0
/Users/pickapu/Documents/PyCharmMiscProject/deepfake-ViT/test_data_v3/real/real__161__189.png,0
/Users/pickapu/Documents/PyCharmMiscProject/deepfake-ViT/test_data_v3/DiT/fake/DiT__161__2057.png,1
/Users/pickapu/Documents/PyCharmMiscProject/deepfake-ViT/test_data_v3/real/real__278__231.png,0
/Users/pickapu/Documents/PyCharmMiscProject/deepfake-ViT/test_data_v3/real/real__723__376.png,0
/Users/pickapu/Documents/PyCharmMiscProject/deepfake-ViT/test_data_v3/real/real__194__292.png,0
/Users/pickapu/Documents/PyCharmMiscProject/deepfake-ViT/test_data_v3/DiT/fake/DiT__DiT_id43_0008__23352.png,1
/Users/pickapu/Documents/PyCharmMiscProject/deepfake-ViT/test_data_v3/real/real__177__211.png,0
/Users/pickapu/Documents/PyCharmMiscProject/deepfake-ViT/test_data_v3/DiT/fake/DiT__DiT_id56_0006__20839.png,1
/Users/pickapu/Documents/PyCharmMiscProject/deepfake-ViT/test_data_v3/real/real__041__179.png,0
/Users/pickapu/Documents/PyCharmMiscProject/deepfake-ViT/test_data_v3/DiT/fake/DiT__id27_0008__22355.png,1
/Users/pickapu/Documents/PyCharmMiscProject/deepfake-ViT/test_data_v3/DiT/fake/DiT__DiT_id47_0005__18929.png,1
/Users/pickapu/Documents/PyCharmMiscProject/deepfake-ViT/test_data_v3/real/real__162__353.png,0
/Users/pickapu/Documents/PyCharmMiscProject/deepfake-ViT/test_data_v3/DiT/fake/DiT__DiT_id0_0002__19572.png,1
/Users/pickapu/Documents/PyCharmMiscProject/deepfake-ViT/test_data_v3/real/real__346__316.png,0
/Users/pickapu/Documents/PyCharmMiscProject/deepfake-ViT/test_data_v3/DiT/fake/DiT__DiT_00073__24025.png,1
/Users/pickapu/Documents/PyCharmMiscProject/deepfake-ViT/test_data_v3/DiT/fake/DiT__00138__19064.png,1
/Users/pickapu/Documents/PyCharmMiscProject/deepfake-ViT/test_data_v3/DiT/fake/DiT__id3_0002__19874.png,1
/Users/pickapu/Documents/PyCharmMiscProject/deepfake-ViT/test_data_v3/real/real__225__156.png,0
/Users/pickapu/Documents/PyCharmMiscProject/deepfake-ViT/test_data_v3/real/real__873__455.png,0
/Users/pickapu/Documents/PyCharmMiscProject/deepfake-ViT/test_data_v3/real/real__172__387.png,0
/Users/pickapu/Documents/PyCharmMiscProject/deepfake-ViT/test_data_v3/real/real__id11_0008__190.png,0
/Users/pickapu/Documents/PyCharmMiscProject/deepfake-ViT/test_data_v3/real/real__324__362.png,0
/Users/pickapu/Documents/PyCharmMiscProject/deepfake-ViT/test_data_v3/DiT/fake/DiT__DiT_id2_0009__23387.png,1
/Users/pickapu/Documents/PyCharmMiscProject/deepfake-ViT/test_data_v3/DiT/fake/DiT__DiT_00033__24466.png,1
/Users/pickapu/Documents/PyCharmMiscProject/deepfake-ViT/test_data_v3/DiT/fake/DiT__id44_0003__23070.png,1
/Users/pickapu/Documents/PyCharmMiscProject/deepfake-ViT/test_data_v3/DiT/fake/DiT__DiT_id57_0005__22757.png,1
/Users/pickapu/Documents/PyCharmMiscProject/deepfake-ViT/test_data_v3/DiT/fake/DiT__DiT_00124__26212.png,1
/Users/pickapu/Documents/PyCharmMiscProject/deepfake-ViT/test_data_v3/real/real__156__266.png,0
/Users/pickapu/Documents/PyCharmMiscProject/deepfake-ViT/test_data_v3/DiT/fake/DiT__DiT_id47_0002__22952.png,1
/Users/pickapu/Documents/PyCharmMiscProject/deepfake-ViT/test_data_v3/DiT/fake/DiT__DiT_id1_0000__25239.png,1
/Users/pickapu/Documents/PyCharmMiscProject/deepfake-ViT/test_data_v3/real/real__738__214.png,0
/Users/pickapu/Documents/PyCharmMiscProject/deepfake-ViT/test_data_v3/real/real__065__227.png,0
/Users/pickapu/Documents/PyCharmMiscProject/deepfake-ViT/test_data_v3/real/real__621__190.png,0
/Users/pickapu/Documents/PyCharmMiscProject/deepfake-ViT/test_data_v3/real/real__125__257.png,0
/Users/pickapu/Documents/PyCharmMiscProject/deepfake-ViT/test_data_v3/real/real__310__193.png,0
/Users/pickapu/Documents/PyCharmMiscProject/deepfake-ViT/test_data_v3/DiT/fake/DiT__DiT_00230__25413.png,1
/Users/pickapu/Documents/PyCharmMiscProject/deepfake-ViT/test_data_v3/DiT/fake/DiT__DiT_id57_0006__23225.png,1
/Users/pickapu/Documents/PyCharmMiscProject/deepfake-ViT/test_data_v3/real/real__866__262.png,0
/Users/pickapu/Documents/PyCharmMiscProject/deepfake-ViT/test_data_v3/real/real__585__184.png,0
/Users/pickapu/Documents/PyCharmMiscProject/deepfake-ViT/test_data_v3/real/real__455__190.png,0
/Users/pickapu/Documents/PyCharmMiscProject/deepfake-ViT/test_data_v3/real/real__095__486.png,0
/Users/pickapu/Documents/PyCharmMiscProject/deepfake-ViT/test_data_v3/real/real__439__237.png,0
/Users/pickapu/Documents/PyCharmMiscProject/deepfake-ViT/test_data_v3/DiT/fake/DiT__DiT_00241__23087.png,1
/Users/pickapu/Documents/PyCharmMiscProject/deepfake-ViT/test_data_v3/real/real__523__193.png,0
/Users/pickapu/Documents/PyCharmMiscProject/deepfake-ViT/test_data_v3/real/real__245__171.png,0
/Users/pickapu/Documents/PyCharmMiscProject/deepfake-ViT/test_data_v3/real/real__00021__237.png,0
/Users/pickapu/Documents/PyCharmMiscProject/deepfake-ViT/test_data_v3/real/real__843__163.png,0
/Users/pickapu/Documents/PyCharmMiscProject/deepfake-ViT/test_data_v3/real/real__867__240.png,0
/Users/pickapu/Documents/PyCharmMiscProject/deepfake-ViT/test_data_v3/real/real__497__320.png,0
/Users/pickapu/Documents/PyCharmMiscProject/deepfake-ViT/test_data_v3/real/real__582__221.png,0
/Users/pickapu/Documents/PyCharmMiscProject/deepfake-ViT/test_data_v3/real/real__911__169.png,0
/Users/pickapu/Documents/PyCharmMiscProject/deepfake-ViT/test_data_v3/real/real__698__156.png,0
/Users/pickapu/Documents/PyCharmMiscProject/deepfake-ViT/test_data_v3/DiT/fake/DiT__DiT_id7_0005__25837.png,1
/Users/pickapu/Documents/PyCharmMiscProject/deepfake-ViT/test_data_v3/real/real__701__202.png,0
/Users/pickapu/Documents/PyCharmMiscProject/deepfake-ViT/test_data_v3/real/real__781__244.png,0
/Users/pickapu/Documents/PyCharmMiscProject/deepfake-ViT/test_data_v3/real/real__539__161.png,0
/Users/pickapu/Documents/PyCharmMiscProject/deepfake-ViT/test_data_v3/DiT/fake/DiT__DiT_00046__23769.png,1
/Users/pickapu/Documents/PyCharmMiscProject/deepfake-ViT/test_data_v3/DiT/fake/DiT__DiT_id26_0009__20820.png,1
/Users/pickapu/Documents/PyCharmMiscProject/deepfake-ViT/test_data_v3/real/real__657__281.png,0
/Users/pickapu/Documents/PyCharmMiscProject/deepfake-ViT/test_data_v3/DiT/fake/DiT__DiT_id22_0004__20965.png,1
/Users/pickapu/Documents/PyCharmMiscProject/deepfake-ViT/test_data_v3/real/real__885__169.png,0
/Users/pickapu/Documents/PyCharmMiscProject/deepfake-ViT/test_data_v3/real/real__708__282.png,0
/Users/pickapu/Documents/PyCharmMiscProject/deepfake-ViT/test_data_v3/real/real__00138__247.png,0
/Users/pickapu/Documents/PyCharmMiscProject/deepfake-ViT/test_data_v3/real/real__924__362.png,0
/Users/pickapu/Documents/PyCharmMiscProject/deepfake-ViT/test_data_v3/real/real__323__234.png,0
/Users/pickapu/Documents/PyCharmMiscProject/deepfake-ViT/test_data_v3/real/real__112__215.png,0
/Users/pickapu/Documents/PyCharmMiscProject/deepfake-ViT/test_data_v3/real/real__677__161.png,0
/Users/pickapu/Documents/PyCharmMiscProject/deepfake-ViT/test_data_v3/real/real__692__182.png,0
/Users/pickapu/Documents/PyCharmMiscProject/deepfake-ViT/test_data_v3/real/real__id52_0001__240.png,0
/Users/pickapu/Documents/PyCharmMiscProject/deepfake-ViT/test_data_v3/DiT/fake/DiT__DiT_id58_0000__26861.png,1
/Users/pickapu/Documents/PyCharmMiscProject/deepfake-ViT/test_data_v3/real/real__493__203.png,0
/Users/pickapu/Documents/PyCharmMiscProject/deepfake-ViT/test_data_v3/real/real__691__278.png,0
/Users/pickapu/Documents/PyCharmMiscProject/deepfake-ViT/test_data_v3/real/real__00061__212.png,0
/Users/pickapu/Documents/PyCharmMiscProject/deepfake-ViT/test_data_v3/real/real__976__168.png,0
/Users/pickapu/Documents/PyCharmMiscProject/deepfake-ViT/test_data_v3/real/real__048__249.png,0
/Users/pickapu/Documents/PyCharmMiscProject/deepfake-ViT/test_data_v3/DiT/fake/DiT__DiT_id41_0009__21698.png,1
/Users/pickapu/Documents/PyCharmMiscProject/deepfake-ViT/test_data_v3/DiT/fake/DiT__id37_0004__2272.png,1
/Users/pickapu/Documents/PyCharmMiscProject/deepfake-ViT/test_data_v3/DiT/fake/DiT__DiT_id30_0000__25061.png,1
/Users/pickapu/Documents/PyCharmMiscProject/deepfake-ViT/test_data_v3/real/real__416__161.png,0
/Users/pickapu/Documents/PyCharmMiscProject/deepfake-ViT/test_data_v3/real/real__615__232.png,0
/Users/pickapu/Documents/PyCharmMiscProject/deepfake-ViT/test_data_v3/DiT/fake/DiT__219__20329.png,1
/Users/pickapu/Documents/PyCharmMiscProject/deepfake-ViT/test_data_v3/DiT/fake/DiT__id12_0005__23532.png,1
/Users/pickapu/Documents/PyCharmMiscProject/deepfake-ViT/test_data_v3/DiT/fake/DiT__868__20068.png,1
/Users/pickapu/Documents/PyCharmMiscProject/deepfake-ViT/test_data_v3/DiT/fake/DiT__DiT_00225__2253.png,1
/Users/pickapu/Documents/PyCharmMiscProject/deepfake-ViT/test_data_v3/real/real__990__156.png,0
/Users/pickapu/Documents/PyCharmMiscProject/deepfake-ViT/test_data_v3/DiT/fake/DiT__DiT_id12_0003__2318.png,1
/Users/pickapu/Documents/PyCharmMiscProject/deepfake-ViT/test_data_v3/real/real__311__189.png,0
/Users/pickapu/Documents/PyCharmMiscProject/deepfake-ViT/test_data_v3/real/real__485__413.png,0
/Users/pickapu/Documents/PyCharmMiscProject/deepfake-ViT/test_data_v3/real/real__931__164.png,0
/Users/pickapu/Documents/PyCharmMiscProject/deepfake-ViT/test_data_v3/real/real__069__398.png,0
/Users/pickapu/Documents/PyCharmMiscProject/deepfake-ViT/test_data_v3/real/real__365__189.png,0
/Users/pickapu/Documents/PyCharmMiscProject/deepfake-ViT/test_data_v3/DiT/fake/DiT__id3_0008__19373.png,1
/Users/pickapu/Documents/PyCharmMiscProject/deepfake-ViT/test_data_v3/real/real__674__188.png,0
/Users/pickapu/Documents/PyCharmMiscProject/deepfake-ViT/test_data_v3/real/real__id36_0002__220.png,0
/Users/pickapu/Documents/PyCharmMiscProject/deepfake-ViT/test_data_v3/DiT/fake/DiT__DiT_00127__21901.png,1
/Users/pickapu/Documents/PyCharmMiscProject/deepfake-ViT/test_data_v3/real/real__136__314.png,0
/Users/pickapu/Documents/PyCharmMiscProject/deepfake-ViT/test_data_v3/real/real__331__241.png,0
/Users/pickapu/Documents/PyCharmMiscProject/deepfake-ViT/test_data_v3/DiT/fake/DiT__DiT_id52_0006__23750.png,1
/Users/pickapu/Documents/PyCharmMiscProject/deepfake-ViT/test_data_v3/real/real__957__215.png,0
/Users/pickapu/Documents/PyCharmMiscProject/deepfake-ViT/test_data_v3/real/real__id51_0001__210.png,0
/Users/pickapu/Documents/PyCharmMiscProject/deepfake-ViT/test_data_v3/real/real__id45_0003__161.png,0
/Users/pickapu/Documents/PyCharmMiscProject/deepfake-ViT/test_data_v3/DiT/fake/DiT__DiT_id45_0009__24057.png,1
/Users/pickapu/Documents/PyCharmMiscProject/deepfake-ViT/test_data_v3/DiT/fake/DiT__DiT_id59_0000__21350.png,1
/Users/pickapu/Documents/PyCharmMiscProject/deepfake-ViT/test_data_v3/DiT/fake/DiT__DiT_id45_0001__21731.png,1
/Users/pickapu/Documents/PyCharmMiscProject/deepfake-ViT/test_data_v3/DiT/fake/DiT__029__20229.png,1
/Users/pickapu/Documents/PyCharmMiscProject/deepfake-ViT/test_data_v3/real/real__250__290.png,0
/Users/pickapu/Documents/PyCharmMiscProject/deepfake-ViT/test_data_v3/real/real__960__177.png,0
/Users/pickapu/Documents/PyCharmMiscProject/deepfake-ViT/test_data_v3/real/real__00282__213.png,0
/Users/pickapu/Documents/PyCharmMiscProject/deepfake-ViT/test_data_v3/real/real__852__219.png,0
/Users/pickapu/Documents/PyCharmMiscProject/deepfake-ViT/test_data_v3/real/real__835__219.png,0
/Users/pickapu/Documents/PyCharmMiscProject/deepfake-ViT/test_data_v3/real/real__083__280.png,0
/Users/pickapu/Documents/PyCharmMiscProject/deepfake-ViT/test_data_v3/real/real__764__189.png,0
/Users/pickapu/Documents/PyCharmMiscProject/deepfake-ViT/test_data_v3/DiT/fake/DiT__280__19976.png,1
/Users/pickapu/Documents/PyCharmMiscProject/deepfake-ViT/test_data_v3/real/real__345__217.png,0
/Users/pickapu/Documents/PyCharmMiscProject/deepfake-ViT/test_data_v3/real/real__628__461.png,0
/Users/pickapu/Documents/PyCharmMiscProject/deepfake-ViT/test_data_v3/DiT/fake/DiT__DiT_id36_0005__23269.png,1
/Users/pickapu/Documents/PyCharmMiscProject/deepfake-ViT/test_data_v3/real/real__645__285.png,0
/Users/pickapu/Documents/PyCharmMiscProject/deepfake-ViT/test_data_v3/DiT/fake/DiT__DiT_id38_0006__21861.png,1
/Users/pickapu/Documents/PyCharmMiscProject/deepfake-ViT/test_data_v3/DiT/fake/DiT__DiT_id28_0005__22198.png,1
/Users/pickapu/Documents/PyCharmMiscProject/deepfake-ViT/test_data_v3/DiT/fake/DiT__DiT_id46_0005__19993.png,1
/Users/pickapu/Documents/PyCharmMiscProject/deepfake-ViT/test_data_v3/real/real__348__213.png,0
/Users/pickapu/Documents/PyCharmMiscProject/deepfake-ViT/test_data_v3/DiT/fake/DiT__DiT_00120__26406.png,1
/Users/pickapu/Documents/PyCharmMiscProject/deepfake-ViT/test_data_v3/DiT/fake/DiT__DiT_00211__21638.png,1
/Users/pickapu/Documents/PyCharmMiscProject/deepfake-ViT/test_data_v3/real/real__id36_0001__219.png,0
/Users/pickapu/Documents/PyCharmMiscProject/deepfake-ViT/test_data_v3/real/real__989__494.png,0
/Users/pickapu/Documents/PyCharmMiscProject/deepfake-ViT/test_data_v3/DiT/fake/DiT__DiT_00121__19963.png,1
/Users/pickapu/Documents/PyCharmMiscProject/deepfake-ViT/test_data_v3/real/real__00281__236.png,0
/Users/pickapu/Documents/PyCharmMiscProject/deepfake-ViT/test_data_v3/DiT/fake/DiT__DiT_id23_0004__2401.png,1
/Users/pickapu/Documents/PyCharmMiscProject/deepfake-ViT/test_data_v3/DiT/fake/DiT__DiT_id51_0008__22868.png,1
/Users/pickapu/Documents/PyCharmMiscProject/deepfake-ViT/test_data_v3/DiT/fake/DiT__DiT_00056__21725.png,1
/Users/pickapu/Documents/PyCharmMiscProject/deepfake-ViT/test_data_v3/DiT/fake/DiT__DiT_id29_0004__22190.png,1
/Users/pickapu/Documents/PyCharmMiscProject/deepfake-ViT/test_data_v3/real/real__id27_0008__170.png,0
/Users/pickapu/Documents/PyCharmMiscProject/deepfake-ViT/test_data_v3/real/real__id13_0004__181.png,0
/Users/pickapu/Documents/PyCharmMiscProject/deepfake-ViT/test_data_v3/real/real__393__298.png,0
/Users/pickapu/Documents/PyCharmMiscProject/deepfake-ViT/test_data_v3/DiT/fake/DiT__DiT_id51_0003__2395.png,1
/Users/pickapu/Documents/PyCharmMiscProject/deepfake-ViT/test_data_v3/real/real__565__221.png,0
/Users/pickapu/Documents/PyCharmMiscProject/deepfake-ViT/test_data_v3/DiT/fake/DiT__DiT_id7_0000__24588.png,1
/Users/pickapu/Documents/PyCharmMiscProject/deepfake-ViT/test_data_v3/real/real__219__180.png,0
/Users/pickapu/Documents/PyCharmMiscProject/deepfake-ViT/test_data_v3/real/real__887__174.png,0
/Users/pickapu/Documents/PyCharmMiscProject/deepfake-ViT/test_data_v3/DiT/fake/DiT__169__1890.png,1
/Users/pickapu/Documents/PyCharmMiscProject/deepfake-ViT/test_data_v3/DiT/fake/DiT__DiT_00130__26696.png,1
/Users/pickapu/Documents/PyCharmMiscProject/deepfake-ViT/test_data_v3/DiT/fake/DiT__DiT_00209__22285.png,1
/Users/pickapu/Documents/PyCharmMiscProject/deepfake-ViT/test_data_v3/DiT/fake/DiT__id45_0003__19976.png,1
/Users/pickapu/Documents/PyCharmMiscProject/deepfake-ViT/test_data_v3/real/real__357__178.png,0
/Users/pickapu/Documents/PyCharmMiscProject/deepfake-ViT/test_data_v3/real/real__758__201.png,0
/Users/pickapu/Documents/PyCharmMiscProject/deepfake-ViT/test_data_v3/real/real__610__202.png,0
/Users/pickapu/Documents/PyCharmMiscProject/deepfake-ViT/test_data_v3/real/real__940__158.png,0
/Users/pickapu/Documents/PyCharmMiscProject/deepfake-ViT/test_data_v3/DiT/fake/DiT__DiT_00214__2690.png,1
/Users/pickapu/Documents/PyCharmMiscProject/deepfake-ViT/test_data_v3/DiT/fake/DiT__DiT_id40_0000__23451.png,1
/Users/pickapu/Documents/PyCharmMiscProject/deepfake-ViT/test_data_v3/DiT/fake/DiT__DiT_id12_0002__22684.png,1
/Users/pickapu/Documents/PyCharmMiscProject/deepfake-ViT/test_data_v3/DiT/fake/DiT__DiT_id25_0007__24508.png,1
/Users/pickapu/Documents/PyCharmMiscProject/deepfake-ViT/test_data_v3/real/real__514__185.png,0
/Users/pickapu/Documents/PyCharmMiscProject/deepfake-ViT/test_data_v3/real/real__146__484.png,0
/Users/pickapu/Documents/PyCharmMiscProject/deepfake-ViT/test_data_v3/DiT/fake/DiT__DiT_id46_0001__20861.png,1
/Users/pickapu/Documents/PyCharmMiscProject/deepfake-ViT/test_data_v3/DiT/fake/DiT__DiT_id34_0000__2734.png,1
/Users/pickapu/Documents/PyCharmMiscProject/deepfake-ViT/test_data_v3/real/real__488__266.png,0
/Users/pickapu/Documents/PyCharmMiscProject/deepfake-ViT/test_data_v3/real/real__943__242.png,0
/Users/pickapu/Documents/PyCharmMiscProject/deepfake-ViT/test_data_v3/DiT/fake/DiT__DiT_id16_0004__23959.png,1
/Users/pickapu/Documents/PyCharmMiscProject/deepfake-ViT/test_data_v3/real/real__872__244.png,0
/Users/pickapu/Documents/PyCharmMiscProject/deepfake-ViT/test_data_v3/real/real__208__239.png,0
/Users/pickapu/Documents/PyCharmMiscProject/deepfake-ViT/test_data_v3/DiT/fake/DiT__id33_0002__2243.png,1
/Users/pickapu/Documents/PyCharmMiscProject/deepfake-ViT/test_data_v3/DiT/fake/DiT__DiT_00189__23591.png,1
/Users/pickapu/Documents/PyCharmMiscProject/deepfake-ViT/test_data_v3/DiT/fake/DiT__DiT_id22_0001__24556.png,1
/Users/pickapu/Documents/PyCharmMiscProject/deepfake-ViT/test_data_v3/DiT/fake/DiT__DiT_00012__20324.png,1
/Users/pickapu/Documents/PyCharmMiscProject/deepfake-ViT/test_data_v3/real/real__230__191.png,0
/Users/pickapu/Documents/PyCharmMiscProject/deepfake-ViT/test_data_v3/DiT/fake/DiT__DiT_id17_0004__2375.png,1
/Users/pickapu/Documents/PyCharmMiscProject/deepfake-ViT/test_data_v3/real/real__183__200.png,0
/Users/pickapu/Documents/PyCharmMiscProject/deepfake-ViT/test_data_v3/DiT/fake/DiT__421__20552.png,1
/Users/pickapu/Documents/PyCharmMiscProject/deepfake-ViT/test_data_v3/DiT/fake/DiT__id52_0001__21442.png,1
/Users/pickapu/Documents/PyCharmMiscProject/deepfake-ViT/test_data_v3/DiT/fake/DiT__DiT_id40_0001__22578.png,1
/Users/pickapu/Documents/PyCharmMiscProject/deepfake-ViT/test_data_v3/DiT/fake/DiT__id21_0009__20380.png,1
/Users/pickapu/Documents/PyCharmMiscProject/deepfake-ViT/test_data_v3/DiT/fake/DiT__DiT_id22_0002__21632.png,1
/Users/pickapu/Documents/PyCharmMiscProject/deepfake-ViT/test_data_v3/real/real__00207__060.png,0
/Users/pickapu/Documents/PyCharmMiscProject/deepfake-ViT/test_data_v3/real/real__00188__245.png,0
/Users/pickapu/Documents/PyCharmMiscProject/deepfake-ViT/test_data_v3/DiT/fake/DiT__00023__23607.png,1
/Users/pickapu/Documents/PyCharmMiscProject/deepfake-ViT/test_data_v3/real/real__748__163.png,0
/Users/pickapu/Documents/PyCharmMiscProject/deepfake-ViT/test_data_v3/DiT/fake/DiT__id40_0003__19169.png,1
/Users/pickapu/Documents/PyCharmMiscProject/deepfake-ViT/test_data_v3/DiT/fake/DiT__DiT_00226__2276.png,1
/Users/pickapu/Documents/PyCharmMiscProject/deepfake-ViT/test_data_v3/DiT/fake/DiT__DiT_id32_0001__26249.png,1
/Users/pickapu/Documents/PyCharmMiscProject/deepfake-ViT/test_data_v3/real/real__144__177.png,0
/Users/pickapu/Documents/PyCharmMiscProject/deepfake-ViT/test_data_v3/real/real__538__307.png,0
/Users/pickapu/Documents/PyCharmMiscProject/deepfake-ViT/test_data_v3/real/real__317__351.png,0
/Users/pickapu/Documents/PyCharmMiscProject/deepfake-ViT/test_data_v3/real/real__344__325.png,0
/Users/pickapu/Documents/PyCharmMiscProject/deepfake-ViT/test_data_v3/real/real__014__348.png,0
/Users/pickapu/Documents/PyCharmMiscProject/deepfake-ViT/test_data_v3/real/real__995__282.png,0
/Users/pickapu/Documents/PyCharmMiscProject/deepfake-ViT/test_data_v3/real/real__335__197.png,0
/Users/pickapu/Documents/PyCharmMiscProject/deepfake-ViT/test_data_v3/DiT/fake/DiT__494__19351.png,1
/Users/pickapu/Documents/PyCharmMiscProject/deepfake-ViT/test_data_v3/DiT/fake/DiT__DiT_id5_0005__25074.png,1
/Users/pickapu/Documents/PyCharmMiscProject/deepfake-ViT/test_data_v3/real/real__id28_0009__170.png,0
/Users/pickapu/Documents/PyCharmMiscProject/deepfake-ViT/test_data_v3/DiT/fake/DiT__DiT_id60_0001__26878.png,1
/Users/pickapu/Documents/PyCharmMiscProject/deepfake-ViT/test_data_v3/real/real__472__246.png,0
/Users/pickapu/Documents/PyCharmMiscProject/deepfake-ViT/test_data_v3/real/real__693__306.png,0
/Users/pickapu/Documents/PyCharmMiscProject/deepfake-ViT/test_data_v3/real/real__id44_0001__161.png,0
/Users/pickapu/Documents/PyCharmMiscProject/deepfake-ViT/test_data_v3/DiT/fake/DiT__DiT_id26_0000__2200.png,1
/Users/pickapu/Documents/PyCharmMiscProject/deepfake-ViT/test_data_v3/DiT/fake/DiT__DiT_id41_0000__22965.png,1
/Users/pickapu/Documents/PyCharmMiscProject/deepfake-ViT/test_data_v3/DiT/fake/DiT__DiT_id41_0008__21652.png,1
/Users/pickapu/Documents/PyCharmMiscProject/deepfake-ViT/test_data_v3/real/real__134__178.png,0
/Users/pickapu/Documents/PyCharmMiscProject/deepfake-ViT/test_data_v3/real/real__773__298.png,0
/Users/pickapu/Documents/PyCharmMiscProject/deepfake-ViT/test_data_v3/DiT/fake/DiT__DiT_id49_0008__23622.png,1
/Users/pickapu/Documents/PyCharmMiscProject/deepfake-ViT/test_data_v3/real/real__850__315.png,0
/Users/pickapu/Documents/PyCharmMiscProject/deepfake-ViT/test_data_v3/DiT/fake/DiT__00272__23615.png,1
/Users/pickapu/Documents/PyCharmMiscProject/deepfake-ViT/test_data_v3/real/real__343__153.png,0
/Users/pickapu/Documents/PyCharmMiscProject/deepfake-ViT/test_data_v3/DiT/fake/DiT__707__18900.png,1
/Users/pickapu/Documents/PyCharmMiscProject/deepfake-ViT/test_data_v3/DiT/fake/DiT__DiT_00159__22907.png,1
/Users/pickapu/Documents/PyCharmMiscProject/deepfake-ViT/test_data_v3/real/real__id43_0002__172.png,0
/Users/pickapu/Documents/PyCharmMiscProject/deepfake-ViT/test_data_v3/DiT/fake/DiT__DiT_00148__2098.png,1
/Users/pickapu/Documents/PyCharmMiscProject/deepfake-ViT/test_data_v3/DiT/fake/DiT__00250__24017.png,1
/Users/pickapu/Documents/PyCharmMiscProject/deepfake-ViT/test_data_v3/DiT/fake/DiT__003__17856.png,1
/Users/pickapu/Documents/PyCharmMiscProject/deepfake-ViT/test_data_v3/DiT/fake/DiT__DiT_00156__3098.png,1
/Users/pickapu/Documents/PyCharmMiscProject/deepfake-ViT/test_data_v3/real/real__00269__163.png,0
/Users/pickapu/Documents/PyCharmMiscProject/deepfake-ViT/test_data_v3/real/real__id33_0008__259.png,0
/Users/pickapu/Documents/PyCharmMiscProject/deepfake-ViT/test_data_v3/real/real__581__196.png,0
/Users/pickapu/Documents/PyCharmMiscProject/deepfake-ViT/test_data_v3/DiT/fake/DiT__DiT_00069__24754.png,1
/Users/pickapu/Documents/PyCharmMiscProject/deepfake-ViT/test_data_v3/DiT/fake/DiT__id7_0006__22683.png,1
/Users/pickapu/Documents/PyCharmMiscProject/deepfake-ViT/test_data_v3/DiT/fake/DiT__DiT_id57_0004__23805.png,1
/Users/pickapu/Documents/PyCharmMiscProject/deepfake-ViT/test_data_v3/DiT/fake/DiT__DiT_00246__2791.png,1
/Users/pickapu/Documents/PyCharmMiscProject/deepfake-ViT/test_data_v3/DiT/fake/DiT__DiT_id57_0008__24186.png,1
/Users/pickapu/Documents/PyCharmMiscProject/deepfake-ViT/test_data_v3/real/real__334__345.png,0
/Users/pickapu/Documents/PyCharmMiscProject/deepfake-ViT/test_data_v3/DiT/fake/DiT__DiT_id26_0003__22163.png,1
/Users/pickapu/Documents/PyCharmMiscProject/deepfake-ViT/test_data_v3/DiT/fake/DiT__00286__2208.png,1
/Users/pickapu/Documents/PyCharmMiscProject/deepfake-ViT/test_data_v3/DiT/fake/DiT__DiT_id35_0007__27049.png,1
/Users/pickapu/Documents/PyCharmMiscProject/deepfake-ViT/test_data_v3/DiT/fake/DiT__00285__22792.png,1
/Users/pickapu/Documents/PyCharmMiscProject/deepfake-ViT/test_data_v3/DiT/fake/DiT__DiT_id13_0014__23393.png,1
/Users/pickapu/Documents/PyCharmMiscProject/deepfake-ViT/test_data_v3/real/real__505__279.png,0
/Users/pickapu/Documents/PyCharmMiscProject/deepfake-ViT/test_data_v3/DiT/fake/DiT__DiT_id5_0002__24204.png,1
/Users/pickapu/Documents/PyCharmMiscProject/deepfake-ViT/test_data_v3/DiT/fake/DiT__id4_0004__23512.png,1
/Users/pickapu/Documents/PyCharmMiscProject/deepfake-ViT/test_data_v3/real/real__762__214.png,0
/Users/pickapu/Documents/PyCharmMiscProject/deepfake-ViT/test_data_v3/DiT/fake/DiT__DiT_id20_0006__25294.png,1
/Users/pickapu/Documents/PyCharmMiscProject/deepfake-ViT/test_data_v3/real/real__502__163.png,0
/Users/pickapu/Documents/PyCharmMiscProject/deepfake-ViT/test_data_v3/DiT/fake/DiT__id11_0008__24984.png,1
/Users/pickapu/Documents/PyCharmMiscProject/deepfake-ViT/test_data_v3/real/real__974__163.png,0
/Users/pickapu/Documents/PyCharmMiscProject/deepfake-ViT/test_data_v3/DiT/fake/DiT__DiT_id38_0008__19111.png,1
/Users/pickapu/Documents/PyCharmMiscProject/deepfake-ViT/test_data_v3/DiT/fake/DiT__DiT_00081__24340.png,1
/Users/pickapu/Documents/PyCharmMiscProject/deepfake-ViT/test_data_v3/DiT/fake/DiT__DiT_id61_0007__2027.png,1
/Users/pickapu/Documents/PyCharmMiscProject/deepfake-ViT/test_data_v3/DiT/fake/DiT__308__18244.png,1
/Users/pickapu/Documents/PyCharmMiscProject/deepfake-ViT/test_data_v3/DiT/fake/DiT__DiT_id34_0004__18147.png,1
/Users/pickapu/Documents/PyCharmMiscProject/deepfake-ViT/test_data_v3/real/real__210__432.png,0
/Users/pickapu/Documents/PyCharmMiscProject/deepfake-ViT/test_data_v3/real/real__457__272.png,0
/Users/pickapu/Documents/PyCharmMiscProject/deepfake-ViT/test_data_v3/real/real__894__168.png,0
/Users/pickapu/Documents/PyCharmMiscProject/deepfake-ViT/test_data_v3/real/real__460__329.png,0
/Users/pickapu/Documents/PyCharmMiscProject/deepfake-ViT/test_data_v3/DiT/fake/DiT__00279__25445.png,1
/Users/pickapu/Documents/PyCharmMiscProject/deepfake-ViT/test_data_v3/DiT/fake/DiT__DiT_id3_0009__23229.png,1
/Users/pickapu/Documents/PyCharmMiscProject/deepfake-ViT/test_data_v3/real/real__732__219.png,0
/Users/pickapu/Documents/PyCharmMiscProject/deepfake-ViT/test_data_v3/DiT/fake/DiT__DiT_id19_0001__23508.png,1
/Users/pickapu/Documents/PyCharmMiscProject/deepfake-ViT/test_data_v3/real/real__969__183.png,0
/Users/pickapu/Documents/PyCharmMiscProject/deepfake-ViT/test_data_v3/real/real__106__183.png,0
/Users/pickapu/Documents/PyCharmMiscProject/deepfake-ViT/test_data_v3/DiT/fake/DiT__DiT_00146__2228.png,1
/Users/pickapu/Documents/PyCharmMiscProject/deepfake-ViT/test_data_v3/real/real__271__252.png,0
/Users/pickapu/Documents/PyCharmMiscProject/deepfake-ViT/test_data_v3/real/real__00194__237.png,0
/Users/pickapu/Documents/PyCharmMiscProject/deepfake-ViT/test_data_v3/real/real__165__199.png,0
/Users/pickapu/Documents/PyCharmMiscProject/deepfake-ViT/test_data_v3/DiT/fake/DiT__DiT_id38_0007__22344.png,1
/Users/pickapu/Documents/PyCharmMiscProject/deepfake-ViT/test_data_v3/real/real__322__161.png,0
/Users/pickapu/Documents/PyCharmMiscProject/deepfake-ViT/test_data_v3/real/real__023__284.png,0
/Users/pickapu/Documents/PyCharmMiscProject/deepfake-ViT/test_data_v3/real/real__978__390.png,0
/Users/pickapu/Documents/PyCharmMiscProject/deepfake-ViT/test_data_v3/real/real__917__230.png,0
/Users/pickapu/Documents/PyCharmMiscProject/deepfake-ViT/test_data_v3/real/real__id28_0004__160.png,0
/Users/pickapu/Documents/PyCharmMiscProject/deepfake-ViT/test_data_v3/real/real__098__153.png,0
/Users/pickapu/Documents/PyCharmMiscProject/deepfake-ViT/test_data_v3/DiT/fake/DiT__00274__24748.png,1
/Users/pickapu/Documents/PyCharmMiscProject/deepfake-ViT/test_data_v3/DiT/fake/DiT__314__246.png,1
/Users/pickapu/Documents/PyCharmMiscProject/deepfake-ViT/test_data_v3/DiT/fake/DiT__00208__27373.png,1
/Users/pickapu/Documents/PyCharmMiscProject/deepfake-ViT/test_data_v3/DiT/fake/DiT__DiT_00292__20377.png,1
/Users/pickapu/Documents/PyCharmMiscProject/deepfake-ViT/test_data_v3/DiT/fake/DiT__00036__2232.png,1
/Users/pickapu/Documents/PyCharmMiscProject/deepfake-ViT/test_data_v3/DiT/fake/DiT__DiT_id22_0006__21715.png,1
/Users/pickapu/Documents/PyCharmMiscProject/deepfake-ViT/test_data_v3/DiT/fake/DiT__DiT_00098__20248.png,1
/Users/pickapu/Documents/PyCharmMiscProject/deepfake-ViT/test_data_v3/DiT/fake/DiT__DiT_id35_0002__25081.png,1
/Users/pickapu/Documents/PyCharmMiscProject/deepfake-ViT/test_data_v3/real/real__890__175.png,0
/Users/pickapu/Documents/PyCharmMiscProject/deepfake-ViT/test_data_v3/DiT/fake/DiT__DiT_00117__22009.png,1
/Users/pickapu/Documents/PyCharmMiscProject/deepfake-ViT/test_data_v3/DiT/fake/DiT__480__18293.png,1
/Users/pickapu/Documents/PyCharmMiscProject/deepfake-ViT/test_data_v3/DiT/fake/DiT__DiT_00065__2079.png,1
/Users/pickapu/Documents/PyCharmMiscProject/deepfake-ViT/test_data_v3/real/real__340__141.png,0
/Users/pickapu/Documents/PyCharmMiscProject/deepfake-ViT/test_data_v3/DiT/fake/DiT__DiT_id2_0006__22247.png,1
/Users/pickapu/Documents/PyCharmMiscProject/deepfake-ViT/test_data_v3/DiT/fake/DiT__DiT_00111__19746.png,1
/Users/pickapu/Documents/PyCharmMiscProject/deepfake-ViT/test_data_v3/real/real__159__167.png,0
/Users/pickapu/Documents/PyCharmMiscProject/deepfake-ViT/test_data_v3/real/real__405__273.png,0
/Users/pickapu/Documents/PyCharmMiscProject/deepfake-ViT/test_data_v3/DiT/fake/DiT__DiT_00040__21980.png,1
/Users/pickapu/Documents/PyCharmMiscProject/deepfake-ViT/test_data_v3/real/real__660__174.png,0
/Users/pickapu/Documents/PyCharmMiscProject/deepfake-ViT/test_data_v3/DiT/fake/DiT__DiT_id35_0001__20656.png,1
/Users/pickapu/Documents/PyCharmMiscProject/deepfake-ViT/test_data_v3/real/real__id32_0003__230.png,0
/Users/pickapu/Documents/PyCharmMiscProject/deepfake-ViT/test_data_v3/real/real__349__242.png,0
/Users/pickapu/Documents/PyCharmMiscProject/deepfake-ViT/test_data_v3/real/real__999__172.png,0
/Users/pickapu/Documents/PyCharmMiscProject/deepfake-ViT/test_data_v3/DiT/fake/DiT__DiT_00186__22773.png,1
/Users/pickapu/Documents/PyCharmMiscProject/deepfake-ViT/test_data_v3/real/real__751__170.png,0
/Users/pickapu/Documents/PyCharmMiscProject/deepfake-ViT/test_data_v3/real/real__id44_0003__176.png,0
/Users/pickapu/Documents/PyCharmMiscProject/deepfake-ViT/test_data_v3/DiT/fake/DiT__DiT_id59_0004__21394.png,1
/Users/pickapu/Documents/PyCharmMiscProject/deepfake-ViT/test_data_v3/DiT/fake/DiT__DiT_00087__22333.png,1
/Users/pickapu/Documents/PyCharmMiscProject/deepfake-ViT/test_data_v3/real/real__id52_0002__278.png,0
/Users/pickapu/Documents/PyCharmMiscProject/deepfake-ViT/test_data_v3/DiT/fake/DiT__DiT_id54_0004__20794.png,1
/Users/pickapu/Documents/PyCharmMiscProject/deepfake-ViT/test_data_v3/DiT/fake/DiT__DiT_id10_0005__2182.png,1
/Users/pickapu/Documents/PyCharmMiscProject/deepfake-ViT/test_data_v3/real/real__019__312.png,0
/Users/pickapu/Documents/PyCharmMiscProject/deepfake-ViT/test_data_v3/DiT/fake/DiT__DiT_id33_0006__22967.png,1
/Users/pickapu/Documents/PyCharmMiscProject/deepfake-ViT/test_data_v3/real/real__540__493.png,0
/Users/pickapu/Documents/PyCharmMiscProject/deepfake-ViT/test_data_v3/real/real__052__166.png,0
/Users/pickapu/Documents/PyCharmMiscProject/deepfake-ViT/test_data_v3/DiT/fake/DiT__00268__25508.png,1
/Users/pickapu/Documents/PyCharmMiscProject/deepfake-ViT/test_data_v3/real/real__155__427.png,0
/Users/pickapu/Documents/PyCharmMiscProject/deepfake-ViT/test_data_v3/DiT/fake/DiT__DiT_id7_0009__18381.png,1
/Users/pickapu/Documents/PyCharmMiscProject/deepfake-ViT/test_data_v3/real/real__284__248.png,0
/Users/pickapu/Documents/PyCharmMiscProject/deepfake-ViT/test_data_v3/real/real__306__375.png,0
/Users/pickapu/Documents/PyCharmMiscProject/deepfake-ViT/test_data_v3/real/real__503__347.png,0
/Users/pickapu/Documents/PyCharmMiscProject/deepfake-ViT/test_data_v3/real/real__015__225.png,0
/Users/pickapu/Documents/PyCharmMiscProject/deepfake-ViT/test_data_v3/DiT/fake/DiT__id20_0008__20263.png,1
/Users/pickapu/Documents/PyCharmMiscProject/deepfake-ViT/test_data_v3/real/real__056__192.png,0
/Users/pickapu/Documents/PyCharmMiscProject/deepfake-ViT/test_data_v3/real/real__164__493.png,0
/Users/pickapu/Documents/PyCharmMiscProject/deepfake-ViT/test_data_v3/DiT/fake/DiT__DiT_id33_0007__3181.png,1
/Users/pickapu/Documents/PyCharmMiscProject/deepfake-ViT/test_data_v3/real/real__527__176.png,0
/Users/pickapu/Documents/PyCharmMiscProject/deepfake-ViT/test_data_v3/DiT/fake/DiT__DiT_id5_0001__20456.png,1
/Users/pickapu/Documents/PyCharmMiscProject/deepfake-ViT/test_data_v3/DiT/fake/DiT__DiT_id60_0005__22373.png,1
/Users/pickapu/Documents/PyCharmMiscProject/deepfake-ViT/test_data_v3/DiT/fake/DiT__id22_0000__24165.png,1
/Users/pickapu/Documents/PyCharmMiscProject/deepfake-ViT/test_data_v3/DiT/fake/DiT__DiT_id52_0007__21581.png,1
/Users/pickapu/Documents/PyCharmMiscProject/deepfake-ViT/test_data_v3/DiT/fake/DiT__DiT_id5_0003__21729.png,1
/Users/pickapu/Documents/PyCharmMiscProject/deepfake-ViT/test_data_v3/DiT/fake/DiT__DiT_00290__18256.png,1
/Users/pickapu/Documents/PyCharmMiscProject/deepfake-ViT/test_data_v3/DiT/fake/DiT__id28_0004__23738.png,1
/Users/pickapu/Documents/PyCharmMiscProject/deepfake-ViT/test_data_v3/DiT/fake/DiT__DiT_id20_0000__24212.png,1
/Users/pickapu/Documents/PyCharmMiscProject/deepfake-ViT/test_data_v3/real/real__970__245.png,0
/Users/pickapu/Documents/PyCharmMiscProject/deepfake-ViT/test_data_v3/DiT/fake/DiT__517__20467.png,1
/Users/pickapu/Documents/PyCharmMiscProject/deepfake-ViT/test_data_v3/DiT/fake/DiT__DiT_00108__19391.png,1
/Users/pickapu/Documents/PyCharmMiscProject/deepfake-ViT/test_data_v3/real/real__743__160.png,0
/Users/pickapu/Documents/PyCharmMiscProject/deepfake-ViT/test_data_v3/DiT/fake/DiT__DiT_00229__21535.png,1
/Users/pickapu/Documents/PyCharmMiscProject/deepfake-ViT/test_data_v3/real/real__392__241.png,0
/Users/pickapu/Documents/PyCharmMiscProject/deepfake-ViT/test_data_v3/DiT/fake/DiT__DiT_00115__2436.png,1
/Users/pickapu/Documents/PyCharmMiscProject/deepfake-ViT/test_data_v3/real/real__259__228.png,0
/Users/pickapu/Documents/PyCharmMiscProject/deepfake-ViT/test_data_v3/real/real__378__392.png,0
/Users/pickapu/Documents/PyCharmMiscProject/deepfake-ViT/test_data_v3/DiT/fake/DiT__485__18012.png,1
/Users/pickapu/Documents/PyCharmMiscProject/deepfake-ViT/test_data_v3/DiT/fake/DiT__DiT_00219__25431.png,1
/Users/pickapu/Documents/PyCharmMiscProject/deepfake-ViT/test_data_v3/real/real__573__315.png,0
/Users/pickapu/Documents/PyCharmMiscProject/deepfake-ViT/test_data_v3/real/real__105__154.png,0
/Users/pickapu/Documents/PyCharmMiscProject/deepfake-ViT/test_data_v3/DiT/fake/DiT__DiT_id20_0002__20287.png,1
/Users/pickapu/Documents/PyCharmMiscProject/deepfake-ViT/test_data_v3/DiT/fake/DiT__DiT_id17_0007__2012.png,1
/Users/pickapu/Documents/PyCharmMiscProject/deepfake-ViT/test_data_v3/DiT/fake/DiT__DiT_00234__25359.png,1
/Users/pickapu/Documents/PyCharmMiscProject/deepfake-ViT/test_data_v3/real/real__361__234.png,0
/Users/pickapu/Documents/PyCharmMiscProject/deepfake-ViT/test_data_v3/real/real__611__332.png,0
/Users/pickapu/Documents/PyCharmMiscProject/deepfake-ViT/test_data_v3/real/real__778__168.png,0
/Users/pickapu/Documents/PyCharmMiscProject/deepfake-ViT/test_data_v3/real/real__864__167.png,0
/Users/pickapu/Documents/PyCharmMiscProject/deepfake-ViT/test_data_v3/DiT/fake/DiT__953__20923.png,1
/Users/pickapu/Documents/PyCharmMiscProject/deepfake-ViT/test_data_v3/DiT/fake/DiT__DiT_id34_0005__23228.png,1
/Users/pickapu/Documents/PyCharmMiscProject/deepfake-ViT/test_data_v3/real/real__901__269.png,0
/Users/pickapu/Documents/PyCharmMiscProject/deepfake-ViT/test_data_v3/DiT/fake/DiT__DiT_id57_0009__26028.png,1
/Users/pickapu/Documents/PyCharmMiscProject/deepfake-ViT/test_data_v3/real/real__704__231.png,0
/Users/pickapu/Documents/PyCharmMiscProject/deepfake-ViT/test_data_v3/real/real__883__222.png,0
/Users/pickapu/Documents/PyCharmMiscProject/deepfake-ViT/test_data_v3/real/real__805__211.png,0
/Users/pickapu/Documents/PyCharmMiscProject/deepfake-ViT/test_data_v3/DiT/fake/DiT__675__18648.png,1
/Users/pickapu/Documents/PyCharmMiscProject/deepfake-ViT/test_data_v3/DiT/fake/DiT__DiT_id25_0003__22923.png,1
/Users/pickapu/Documents/PyCharmMiscProject/deepfake-ViT/test_data_v3/DiT/fake/DiT__DiT_id24_0004__24202.png,1
/Users/pickapu/Documents/PyCharmMiscProject/deepfake-ViT/test_data_v3/DiT/fake/DiT__DiT_00077__20505.png,1
/Users/pickapu/Documents/PyCharmMiscProject/deepfake-ViT/test_data_v3/real/real__984__174.png,0
/Users/pickapu/Documents/PyCharmMiscProject/deepfake-ViT/test_data_v3/DiT/fake/DiT__DiT_id45_0004__5444.png,1
/Users/pickapu/Documents/PyCharmMiscProject/deepfake-ViT/test_data_v3/DiT/fake/DiT__DiT_00190__26831.png,1
/Users/pickapu/Documents/PyCharmMiscProject/deepfake-ViT/test_data_v3/DiT/fake/DiT__DiT_id13_0015__25667.png,1
/Users/pickapu/Documents/PyCharmMiscProject/deepfake-ViT/test_data_v3/real/real__414__302.png,0
/Users/pickapu/Documents/PyCharmMiscProject/deepfake-ViT/test_data_v3/real/real__285__197.png,0
/Users/pickapu/Documents/PyCharmMiscProject/deepfake-ViT/test_data_v3/real/real__002__357.png,0
/Users/pickapu/Documents/PyCharmMiscProject/deepfake-ViT/test_data_v3/real/real__246__255.png,0
/Users/pickapu/Documents/PyCharmMiscProject/deepfake-ViT/test_data_v3/DiT/fake/DiT__DiT_00010__25263.png,1
/Users/pickapu/Documents/PyCharmMiscProject/deepfake-ViT/test_data_v3/real/real__817__215.png,0
/Users/pickapu/Documents/PyCharmMiscProject/deepfake-ViT/test_data_v3/DiT/fake/DiT__id36_0008__24150.png,1
/Users/pickapu/Documents/PyCharmMiscProject/deepfake-ViT/test_data_v3/real/real__445__475.png,0
/Users/pickapu/Documents/PyCharmMiscProject/deepfake-ViT/test_data_v3/DiT/fake/DiT__DiT_00232__26719.png,1
/Users/pickapu/Documents/PyCharmMiscProject/deepfake-ViT/test_data_v3/DiT/fake/DiT__608__3815.png,1
/Users/pickapu/Documents/PyCharmMiscProject/deepfake-ViT/test_data_v3/real/real__351__352.png,0
/Users/pickapu/Documents/PyCharmMiscProject/deepfake-ViT/test_data_v3/DiT/fake/DiT__DiT_00171__21492.png,1
/Users/pickapu/Documents/PyCharmMiscProject/deepfake-ViT/test_data_v3/DiT/fake/DiT__DiT_id50_0008__22305.png,1
/Users/pickapu/Documents/PyCharmMiscProject/deepfake-ViT/test_data_v3/real/real__749__357.png,0
/Users/pickapu/Documents/PyCharmMiscProject/deepfake-ViT/test_data_v3/DiT/fake/DiT__DiT_00220__23810.png,1
/Users/pickapu/Documents/PyCharmMiscProject/deepfake-ViT/test_data_v3/DiT/fake/DiT__DiT_id55_0002__20542.png,1
/Users/pickapu/Documents/PyCharmMiscProject/deepfake-ViT/test_data_v3/DiT/fake/DiT__683__2165.png,1
/Users/pickapu/Documents/PyCharmMiscProject/deepfake-ViT/test_data_v3/DiT/fake/DiT__DiT_id30_0003__23427.png,1
/Users/pickapu/Documents/PyCharmMiscProject/deepfake-ViT/test_data_v3/DiT/fake/DiT__id53_0003__21181.png,1
/Users/pickapu/Documents/PyCharmMiscProject/deepfake-ViT/test_data_v3/real/real__572__178.png,0
/Users/pickapu/Documents/PyCharmMiscProject/deepfake-ViT/test_data_v3/real/real__00288__241.png,0
/Users/pickapu/Documents/PyCharmMiscProject/deepfake-ViT/test_data_v3/real/real__120__208.png,0
/Users/pickapu/Documents/PyCharmMiscProject/deepfake-ViT/test_data_v3/real/real__00213__252.png,0
/Users/pickapu/Documents/PyCharmMiscProject/deepfake-ViT/test_data_v3/DiT/fake/DiT__DiT_id48_0005__23071.png,1
/Users/pickapu/Documents/PyCharmMiscProject/deepfake-ViT/test_data_v3/real/real__id1_0008__267.png,0
/Users/pickapu/Documents/PyCharmMiscProject/deepfake-ViT/test_data_v3/real/real__690__170.png,0
/Users/pickapu/Documents/PyCharmMiscProject/deepfake-ViT/test_data_v3/real/real__id28_0007__154.png,0
/Users/pickapu/Documents/PyCharmMiscProject/deepfake-ViT/test_data_v3/real/real__576__237.png,0
/Users/pickapu/Documents/PyCharmMiscProject/deepfake-ViT/test_data_v3/DiT/fake/DiT__851__19244.png,1
/Users/pickapu/Documents/PyCharmMiscProject/deepfake-ViT/test_data_v3/DiT/fake/DiT__DiT_00235__25181.png,1
/Users/pickapu/Documents/PyCharmMiscProject/deepfake-ViT/test_data_v3/DiT/fake/DiT__id12_0000__23653.png,1
/Users/pickapu/Documents/PyCharmMiscProject/deepfake-ViT/test_data_v3/real/real__543__370.png,0
/Users/pickapu/Documents/PyCharmMiscProject/deepfake-ViT/test_data_v3/real/real__220__183.png,0
/Users/pickapu/Documents/PyCharmMiscProject/deepfake-ViT/test_data_v3/DiT/fake/DiT__id32_0008__21490.png,1
/Users/pickapu/Documents/PyCharmMiscProject/deepfake-ViT/test_data_v3/real/real__00287__241.png,0
/Users/pickapu/Documents/PyCharmMiscProject/deepfake-ViT/test_data_v3/DiT/fake/DiT__DiT_id27_0003__22706.png,1
/Users/pickapu/Documents/PyCharmMiscProject/deepfake-ViT/test_data_v3/DiT/fake/DiT__DiT_id48_0007__22655.png,1
/Users/pickapu/Documents/PyCharmMiscProject/deepfake-ViT/test_data_v3/DiT/fake/DiT__DiT_id26_0002__19695.png,1
/Users/pickapu/Documents/PyCharmMiscProject/deepfake-ViT/test_data_v3/DiT/fake/DiT__DiT_id10_0004__22251.png,1
/Users/pickapu/Documents/PyCharmMiscProject/deepfake-ViT/test_data_v3/DiT/fake/DiT__DiT_id59_0009__25368.png,1
/Users/pickapu/Documents/PyCharmMiscProject/deepfake-ViT/test_data_v3/DiT/fake/DiT__DiT_00015__24121.png,1
/Users/pickapu/Documents/PyCharmMiscProject/deepfake-ViT/test_data_v3/real/real__650__357.png,0
/Users/pickapu/Documents/PyCharmMiscProject/deepfake-ViT/test_data_v3/real/real__id29_0008__231.png,0
/Users/pickapu/Documents/PyCharmMiscProject/deepfake-ViT/test_data_v3/real/real__00284__238.png,0
/Users/pickapu/Documents/PyCharmMiscProject/deepfake-ViT/test_data_v3/real/real__081__414.png,0
/Users/pickapu/Documents/PyCharmMiscProject/deepfake-ViT/test_data_v3/DiT/fake/DiT__DiT_id32_0000__21355.png,1
/Users/pickapu/Documents/PyCharmMiscProject/deepfake-ViT/test_data_v3/real/real__295__211.png,0
/Users/pickapu/Documents/PyCharmMiscProject/deepfake-ViT/test_data_v3/DiT/fake/DiT__DiT_00019__23970.png,1
/Users/pickapu/Documents/PyCharmMiscProject/deepfake-ViT/test_data_v3/DiT/fake/DiT__DiT_00126__2594.png,1
/Users/pickapu/Documents/PyCharmMiscProject/deepfake-ViT/test_data_v3/DiT/fake/DiT__id2_0004__25569.png,1
/Users/pickapu/Documents/PyCharmMiscProject/deepfake-ViT/test_data_v3/real/real__450__398.png,0
/Users/pickapu/Documents/PyCharmMiscProject/deepfake-ViT/test_data_v3/real/real__328__164.png,0
/Users/pickapu/Documents/PyCharmMiscProject/deepfake-ViT/test_data_v3/DiT/fake/DiT__DiT_00035__21907.png,1
/Users/pickapu/Documents/PyCharmMiscProject/deepfake-ViT/test_data_v3/DiT/fake/DiT__id48_0003__19654.png,1
/Users/pickapu/Documents/PyCharmMiscProject/deepfake-ViT/test_data_v3/real/real__038__156.png,0
/Users/pickapu/Documents/PyCharmMiscProject/deepfake-ViT/test_data_v3/DiT/fake/DiT__DiT_id13_0002__25763.png,1
/Users/pickapu/Documents/PyCharmMiscProject/deepfake-ViT/test_data_v3/DiT/fake/DiT__id54_0007__22674.png,1
/Users/pickapu/Documents/PyCharmMiscProject/deepfake-ViT/test_data_v3/DiT/fake/DiT__DiT_id55_0000__22074.png,1
/Users/pickapu/Documents/PyCharmMiscProject/deepfake-ViT/test_data_v3/DiT/fake/DiT__DiT_00144__17467.png,1
/Users/pickapu/Documents/PyCharmMiscProject/deepfake-ViT/test_data_v3/DiT/fake/DiT__DiT_id5_0008__24778.png,1
/Users/pickapu/Documents/PyCharmMiscProject/deepfake-ViT/test_data_v3/DiT/fake/DiT__00287__21833.png,1
/Users/pickapu/Documents/PyCharmMiscProject/deepfake-ViT/test_data_v3/DiT/fake/DiT__DiT_id51_0002__22643.png,1
/Users/pickapu/Documents/PyCharmMiscProject/deepfake-ViT/test_data_v3/DiT/fake/DiT__00280__19398.png,1
/Users/pickapu/Documents/PyCharmMiscProject/deepfake-ViT/test_data_v3/real/real__644__212.png,0
/Users/pickapu/Documents/PyCharmMiscProject/deepfake-ViT/test_data_v3/real/real__807__334.png,0
/Users/pickapu/Documents/PyCharmMiscProject/deepfake-ViT/test_data_v3/DiT/fake/DiT__682__18367.png,1
/Users/pickapu/Documents/PyCharmMiscProject/deepfake-ViT/test_data_v3/real/real__116__168.png,0
/Users/pickapu/Documents/PyCharmMiscProject/deepfake-ViT/test_data_v3/real/real__id26_0008__163.png,0
/Users/pickapu/Documents/PyCharmMiscProject/deepfake-ViT/test_data_v3/real/real__869__171.png,0
/Users/pickapu/Documents/PyCharmMiscProject/deepfake-ViT/test_data_v3/real/real__id2_0004__218.png,0
/Users/pickapu/Documents/PyCharmMiscProject/deepfake-ViT/test_data_v3/DiT/fake/DiT__DiT_00196__20373.png,1
/Users/pickapu/Documents/PyCharmMiscProject/deepfake-ViT/test_data_v3/real/real__877__293.png,0
/Users/pickapu/Documents/PyCharmMiscProject/deepfake-ViT/test_data_v3/real/real__398__299.png,0
/Users/pickapu/Documents/PyCharmMiscProject/deepfake-ViT/test_data_v3/DiT/fake/DiT__DiT_id10_0009__18845.png,1
/Users/pickapu/Documents/PyCharmMiscProject/deepfake-ViT/test_data_v3/real/real__542__164.png,0
/Users/pickapu/Documents/PyCharmMiscProject/deepfake-ViT/test_data_v3/DiT/fake/DiT__DiT_id53_0008__24559.png,1
/Users/pickapu/Documents/PyCharmMiscProject/deepfake-ViT/test_data_v3/DiT/fake/DiT__DiT_id30_0005__20742.png,1
/Users/pickapu/Documents/PyCharmMiscProject/deepfake-ViT/test_data_v3/real/real__171__278.png,0
/Users/pickapu/Documents/PyCharmMiscProject/deepfake-ViT/test_data_v3/real/real__id36_0000__200.png,0
/Users/pickapu/Documents/PyCharmMiscProject/deepfake-ViT/test_data_v3/DiT/fake/DiT__DiT_id24_0007__23573.png,1
/Users/pickapu/Documents/PyCharmMiscProject/deepfake-ViT/test_data_v3/real/real__00258__237.png,0
/Users/pickapu/Documents/PyCharmMiscProject/deepfake-ViT/test_data_v3/DiT/fake/DiT__352__3385.png,1
/Users/pickapu/Documents/PyCharmMiscProject/deepfake-ViT/test_data_v3/DiT/fake/DiT__DiT_00008__2185.png,1
/Users/pickapu/Documents/PyCharmMiscProject/deepfake-ViT/test_data_v3/real/real__428__278.png,0
/Users/pickapu/Documents/PyCharmMiscProject/deepfake-ViT/test_data_v3/real/real__id53_0003__243.png,0
/Users/pickapu/Documents/PyCharmMiscProject/deepfake-ViT/test_data_v3/DiT/fake/DiT__DiT_id6_0003__25202.png,1
/Users/pickapu/Documents/PyCharmMiscProject/deepfake-ViT/test_data_v3/real/real__id2_0003__197.png,0
/Users/pickapu/Documents/PyCharmMiscProject/deepfake-ViT/test_data_v3/real/real__971__182.png,0
/Users/pickapu/Documents/PyCharmMiscProject/deepfake-ViT/test_data_v3/real/real__424__160.png,0
/Users/pickapu/Documents/PyCharmMiscProject/deepfake-ViT/test_data_v3/real/real__258__256.png,0
/Users/pickapu/Documents/PyCharmMiscProject/deepfake-ViT/test_data_v3/DiT/fake/DiT__DiT_id24_0005__20105.png,1
/Users/pickapu/Documents/PyCharmMiscProject/deepfake-ViT/test_data_v3/DiT/fake/DiT__DiT_id13_0010__2466.png,1
/Users/pickapu/Documents/PyCharmMiscProject/deepfake-ViT/test_data_v3/DiT/fake/DiT__DiT_00022__18430.png,1
/Users/pickapu/Documents/PyCharmMiscProject/deepfake-ViT/test_data_v3/DiT/fake/DiT__DiT_id22_0007__22572.png,1
/Users/pickapu/Documents/PyCharmMiscProject/deepfake-ViT/test_data_v3/real/real__id30_0007__234.png,0
/Users/pickapu/Documents/PyCharmMiscProject/deepfake-ViT/test_data_v3/real/real__719__206.png,0
/Users/pickapu/Documents/PyCharmMiscProject/deepfake-ViT/test_data_v3/DiT/fake/DiT__DiT_id24_0000__25399.png,1
/Users/pickapu/Documents/PyCharmMiscProject/deepfake-ViT/test_data_v3/real/real__00270__162.png,0
/Users/pickapu/Documents/PyCharmMiscProject/deepfake-ViT/test_data_v3/DiT/fake/DiT__DiT_id9_0009__23374.png,1
/Users/pickapu/Documents/PyCharmMiscProject/deepfake-ViT/test_data_v3/real/real__925__183.png,0
/Users/pickapu/Documents/PyCharmMiscProject/deepfake-ViT/test_data_v3/DiT/fake/DiT__DiT_00131__24718.png,1
/Users/pickapu/Documents/PyCharmMiscProject/deepfake-ViT/test_data_v3/DiT/fake/DiT__DiT_00178__22877.png,1
/Users/pickapu/Documents/PyCharmMiscProject/deepfake-ViT/test_data_v3/DiT/fake/DiT__970__17299.png,1
/Users/pickapu/Documents/PyCharmMiscProject/deepfake-ViT/test_data_v3/DiT/fake/DiT__00082__21742.png,1
/Users/pickapu/Documents/PyCharmMiscProject/deepfake-ViT/test_data_v3/DiT/fake/DiT__DiT_00149__23312.png,1
/Users/pickapu/Documents/PyCharmMiscProject/deepfake-ViT/test_data_v3/real/real__id3_0001__195.png,0
/Users/pickapu/Documents/PyCharmMiscProject/deepfake-ViT/test_data_v3/DiT/fake/DiT__DiT_id30_0001__23974.png,1
/Users/pickapu/Documents/PyCharmMiscProject/deepfake-ViT/test_data_v3/DiT/fake/DiT__DiT_00075__21714.png,1
/Users/pickapu/Documents/PyCharmMiscProject/deepfake-ViT/test_data_v3/DiT/fake/DiT__DiT_id25_0002__25486.png,1
/Users/pickapu/Documents/PyCharmMiscProject/deepfake-ViT/test_data_v3/real/real__00011__242.png,0
/Users/pickapu/Documents/PyCharmMiscProject/deepfake-ViT/test_data_v3/DiT/fake/DiT__00260__22201.png,1
/Users/pickapu/Documents/PyCharmMiscProject/deepfake-ViT/test_data_v3/DiT/fake/DiT__625__19029.png,1
/Users/pickapu/Documents/PyCharmMiscProject/deepfake-ViT/test_data_v3/real/real__830__263.png,0
/Users/pickapu/Documents/PyCharmMiscProject/deepfake-ViT/test_data_v3/DiT/fake/DiT__DiT_id61_0003__22903.png,1
/Users/pickapu/Documents/PyCharmMiscProject/deepfake-ViT/test_data_v3/DiT/fake/DiT__DiT_id34_0003__22937.png,1
/Users/pickapu/Documents/PyCharmMiscProject/deepfake-ViT/test_data_v3/real/real__203__229.png,0
/Users/pickapu/Documents/PyCharmMiscProject/deepfake-ViT/test_data_v3/real/real__613__213.png,0
/Users/pickapu/Documents/PyCharmMiscProject/deepfake-ViT/test_data_v3/real/real__754__206.png,0
/Users/pickapu/Documents/PyCharmMiscProject/deepfake-ViT/test_data_v3/DiT/fake/DiT__630__16197.png,1
/Users/pickapu/Documents/PyCharmMiscProject/deepfake-ViT/test_data_v3/real/real__889__169.png,0
/Users/pickapu/Documents/PyCharmMiscProject/deepfake-ViT/test_data_v3/DiT/fake/DiT__DiT_id61_0004__24170.png,1
/Users/pickapu/Documents/PyCharmMiscProject/deepfake-ViT/test_data_v3/real/real__516__182.png,0
/Users/pickapu/Documents/PyCharmMiscProject/deepfake-ViT/test_data_v3/real/real__938__189.png,0
/Users/pickapu/Documents/PyCharmMiscProject/deepfake-ViT/test_data_v3/DiT/fake/DiT__DiT_00224__21331.png,1
/Users/pickapu/Documents/PyCharmMiscProject/deepfake-ViT/test_data_v3/real/real__176__193.png,0
/Users/pickapu/Documents/PyCharmMiscProject/deepfake-ViT/test_data_v3/real/real__928__193.png,0
/Users/pickapu/Documents/PyCharmMiscProject/deepfake-ViT/test_data_v3/real/real__111__222.png,0
/Users/pickapu/Documents/PyCharmMiscProject/deepfake-ViT/test_data_v3/real/real__325__274.png,0
/Users/pickapu/Documents/PyCharmMiscProject/deepfake-ViT/test_data_v3/real/real__279__467.png,0
/Users/pickapu/Documents/PyCharmMiscProject/deepfake-ViT/test_data_v3/real/real__338__458.png,0
/Users/pickapu/Documents/PyCharmMiscProject/deepfake-ViT/test_data_v3/DiT/fake/DiT__142__20060.png,1
/Users/pickapu/Documents/PyCharmMiscProject/deepfake-ViT/test_data_v3/real/real__948__223.png,0
/Users/pickapu/Documents/PyCharmMiscProject/deepfake-ViT/test_data_v3/real/real__157__250.png,0
/Users/pickapu/Documents/PyCharmMiscProject/deepfake-ViT/test_data_v3/real/real__234__272.png,0
/Users/pickapu/Documents/PyCharmMiscProject/deepfake-ViT/test_data_v3/DiT/fake/DiT__DiT_id39_0009__22754.png,1
/Users/pickapu/Documents/PyCharmMiscProject/deepfake-ViT/test_data_v3/DiT/fake/DiT__DiT_id51_0000__26898.png,1
/Users/pickapu/Documents/PyCharmMiscProject/deepfake-ViT/test_data_v3/real/real__886__270.png,0
/Users/pickapu/Documents/PyCharmMiscProject/deepfake-ViT/test_data_v3/real/real__973__274.png,0
/Users/pickapu/Documents/PyCharmMiscProject/deepfake-ViT/test_data_v3/DiT/fake/DiT__DiT_id49_0002__23310.png,1
/Users/pickapu/Documents/PyCharmMiscProject/deepfake-ViT/test_data_v3/real/real__934__194.png,0
/Users/pickapu/Documents/PyCharmMiscProject/deepfake-ViT/test_data_v3/DiT/fake/DiT__DiT_id38_0003__2093.png,1
/Users/pickapu/Documents/PyCharmMiscProject/deepfake-ViT/test_data_v3/DiT/fake/DiT__DiT_id54_0008__21396.png,1
/Users/pickapu/Documents/PyCharmMiscProject/deepfake-ViT/test_data_v3/DiT/fake/DiT__DiT_00042__20354.png,1
/Users/pickapu/Documents/PyCharmMiscProject/deepfake-ViT/test_data_v3/real/real__00133__257.png,0
/Users/pickapu/Documents/PyCharmMiscProject/deepfake-ViT/test_data_v3/real/real__id34_0006__212.png,0
/Users/pickapu/Documents/PyCharmMiscProject/deepfake-ViT/test_data_v3/DiT/fake/DiT__DiT_id43_0007__20421.png,1
/Users/pickapu/Documents/PyCharmMiscProject/deepfake-ViT/test_data_v3/DiT/fake/DiT__DiT_00180__17666.png,1
/Users/pickapu/Documents/PyCharmMiscProject/deepfake-ViT/test_data_v3/DiT/fake/DiT__DiT_id30_0004__15673.png,1
/Users/pickapu/Documents/PyCharmMiscProject/deepfake-ViT/test_data_v3/real/real__988__234.png,0
/Users/pickapu/Documents/PyCharmMiscProject/deepfake-ViT/test_data_v3/real/real__047__164.png,0
/Users/pickapu/Documents/PyCharmMiscProject/deepfake-ViT/test_data_v3/DiT/fake/DiT__DiT_00139__17651.png,1
/Users/pickapu/Documents/PyCharmMiscProject/deepfake-ViT/test_data_v3/DiT/fake/DiT__id50_0006__24124.png,1
/Users/pickapu/Documents/PyCharmMiscProject/deepfake-ViT/test_data_v3/real/real__834__155.png,0
/Users/pickapu/Documents/PyCharmMiscProject/deepfake-ViT/test_data_v3/DiT/fake/DiT__id22_0009__21891.png,1
/Users/pickapu/Documents/PyCharmMiscProject/deepfake-ViT/test_data_v3/DiT/fake/DiT__DiT_id44_0000__23856.png,1
/Users/pickapu/Documents/PyCharmMiscProject/deepfake-ViT/test_data_v3/DiT/fake/DiT__DiT_id55_0006__25813.png,1
/Users/pickapu/Documents/PyCharmMiscProject/deepfake-ViT/test_data_v3/real/real__395__230.png,0
/Users/pickapu/Documents/PyCharmMiscProject/deepfake-ViT/test_data_v3/DiT/fake/DiT__id28_0009__21122.png,1
/Users/pickapu/Documents/PyCharmMiscProject/deepfake-ViT/test_data_v3/DiT/fake/DiT__DiT_id31_0002__20809.png,1
/Users/pickapu/Documents/PyCharmMiscProject/deepfake-ViT/test_data_v3/DiT/fake/DiT__DiT_id10_0008__2629.png,1
/Users/pickapu/Documents/PyCharmMiscProject/deepfake-ViT/test_data_v3/DiT/fake/DiT__DiT_id1_0002__25247.png,1
/Users/pickapu/Documents/PyCharmMiscProject/deepfake-ViT/test_data_v3/DiT/fake/DiT__DiT_id47_0006__2932.png,1
/Users/pickapu/Documents/PyCharmMiscProject/deepfake-ViT/test_data_v3/real/real__765__199.png,0
/Users/pickapu/Documents/PyCharmMiscProject/deepfake-ViT/test_data_v3/DiT/fake/DiT__DiT_00051__23967.png,1
/Users/pickapu/Documents/PyCharmMiscProject/deepfake-ViT/test_data_v3/real/real__026__165.png,0
/Users/pickapu/Documents/PyCharmMiscProject/deepfake-ViT/test_data_v3/real/real__446__217.png,0
/Users/pickapu/Documents/PyCharmMiscProject/deepfake-ViT/test_data_v3/DiT/fake/DiT__DiT_id44_0004__22531.png,1
/Users/pickapu/Documents/PyCharmMiscProject/deepfake-ViT/test_data_v3/DiT/fake/DiT__id16_0007__26283.png,1
/Users/pickapu/Documents/PyCharmMiscProject/deepfake-ViT/test_data_v3/DiT/fake/DiT__DiT_00184__21958.png,1
/Users/pickapu/Documents/PyCharmMiscProject/deepfake-ViT/test_data_v3/DiT/fake/DiT__DiT_00109__22218.png,1
/Users/pickapu/Documents/PyCharmMiscProject/deepfake-ViT/test_data_v3/DiT/fake/DiT__DiT_00018__24303.png,1
/Users/pickapu/Documents/PyCharmMiscProject/deepfake-ViT/test_data_v3/DiT/fake/DiT__DiT_00054__20389.png,1
/Users/pickapu/Documents/PyCharmMiscProject/deepfake-ViT/test_data_v3/DiT/fake/DiT__DiT_id2_0007__25059.png,1
/Users/pickapu/Documents/PyCharmMiscProject/deepfake-ViT/test_data_v3/DiT/fake/DiT__id23_0001__26297.png,1
/Users/pickapu/Documents/PyCharmMiscProject/deepfake-ViT/test_data_v3/real/real__927__359.png,0
/Users/pickapu/Documents/PyCharmMiscProject/deepfake-ViT/test_data_v3/real/real__312__220.png,0
/Users/pickapu/Documents/PyCharmMiscProject/deepfake-ViT/test_data_v3/DiT/fake/DiT__DiT_id22_0008__22758.png,1
/Users/pickapu/Documents/PyCharmMiscProject/deepfake-ViT/test_data_v3/DiT/fake/DiT__732__2787.png,1
/Users/pickapu/Documents/PyCharmMiscProject/deepfake-ViT/test_data_v3/real/real__667__241.png,0
/Users/pickapu/Documents/PyCharmMiscProject/deepfake-ViT/test_data_v3/real/real__042__173.png,0
/Users/pickapu/Documents/PyCharmMiscProject/deepfake-ViT/test_data_v3/real/real__881__328.png,0
/Users/pickapu/Documents/PyCharmMiscProject/deepfake-ViT/test_data_v3/real/real__238__320.png,0
/Users/pickapu/Documents/PyCharmMiscProject/deepfake-ViT/test_data_v3/real/real__091__329.png,0
/Users/pickapu/Documents/PyCharmMiscProject/deepfake-ViT/test_data_v3/DiT/fake/DiT__DiT_00072__22293.png,1
/Users/pickapu/Documents/PyCharmMiscProject/deepfake-ViT/test_data_v3/DiT/fake/DiT__DiT_id37_0008__24866.png,1
/Users/pickapu/Documents/PyCharmMiscProject/deepfake-ViT/test_data_v3/real/real__839__198.png,0
/Users/pickapu/Documents/PyCharmMiscProject/deepfake-ViT/test_data_v3/DiT/fake/DiT__00256__19596.png,1
/Users/pickapu/Documents/PyCharmMiscProject/deepfake-ViT/test_data_v3/DiT/fake/DiT__DiT_id60_0007__2484.png,1
/Users/pickapu/Documents/PyCharmMiscProject/deepfake-ViT/test_data_v3/real/real__571__296.png,0
/Users/pickapu/Documents/PyCharmMiscProject/deepfake-ViT/test_data_v3/real/real__314__212.png,0
/Users/pickapu/Documents/PyCharmMiscProject/deepfake-ViT/test_data_v3/real/real__481__213.png,0
/Users/pickapu/Documents/PyCharmMiscProject/deepfake-ViT/test_data_v3/DiT/fake/DiT__DiT_id10_0003__25152.png,1
/Users/pickapu/Documents/PyCharmMiscProject/deepfake-ViT/test_data_v3/real/real__380__234.png,0
/Users/pickapu/Documents/PyCharmMiscProject/deepfake-ViT/test_data_v3/real/real__789__292.png,0
/Users/pickapu/Documents/PyCharmMiscProject/deepfake-ViT/test_data_v3/real/real__829__412.png,0
/Users/pickapu/Documents/PyCharmMiscProject/deepfake-ViT/test_data_v3/DiT/fake/DiT__DiT_00084__25964.png,1
/Users/pickapu/Documents/PyCharmMiscProject/deepfake-ViT/test_data_v3/real/real__896__273.png,0
/Users/pickapu/Documents/PyCharmMiscProject/deepfake-ViT/test_data_v3/DiT/fake/DiT__DiT_id28_0003__23935.png,1
/Users/pickapu/Documents/PyCharmMiscProject/deepfake-ViT/test_data_v3/real/real__id10_0007__242.png,0
/Users/pickapu/Documents/PyCharmMiscProject/deepfake-ViT/test_data_v3/DiT/fake/DiT__DiT_id12_0004__22389.png,1
/Users/pickapu/Documents/PyCharmMiscProject/deepfake-ViT/test_data_v3/DiT/fake/DiT__DiT_id40_0008__25289.png,1
/Users/pickapu/Documents/PyCharmMiscProject/deepfake-ViT/test_data_v3/real/real__837__228.png,0
/Users/pickapu/Documents/PyCharmMiscProject/deepfake-ViT/test_data_v3/real/real__649__479.png,0
/Users/pickapu/Documents/PyCharmMiscProject/deepfake-ViT/test_data_v3/DiT/fake/DiT__DiT_id53_0001__3304.png,1
/Users/pickapu/Documents/PyCharmMiscProject/deepfake-ViT/test_data_v3/real/real__00036__283.png,0
/Users/pickapu/Documents/PyCharmMiscProject/deepfake-ViT/test_data_v3/real/real__id56_0002__186.png,0
/Users/pickapu/Documents/PyCharmMiscProject/deepfake-ViT/test_data_v3/DiT/fake/DiT__DiT_id45_0005__2598.png,1
/Users/pickapu/Documents/PyCharmMiscProject/deepfake-ViT/test_data_v3/DiT/fake/DiT__DiT_id16_0003__22651.png,1
/Users/pickapu/Documents/PyCharmMiscProject/deepfake-ViT/test_data_v3/real/real__id53_0000__243.png,0
/Users/pickapu/Documents/PyCharmMiscProject/deepfake-ViT/test_data_v3/real/real__760__157.png,0
/Users/pickapu/Documents/PyCharmMiscProject/deepfake-ViT/test_data_v3/real/real__386__231.png,0
/Users/pickapu/Documents/PyCharmMiscProject/deepfake-ViT/test_data_v3/real/real__861__306.png,0
/Users/pickapu/Documents/PyCharmMiscProject/deepfake-ViT/test_data_v3/DiT/fake/DiT__id2_0008__26533.png,1
/Users/pickapu/Documents/PyCharmMiscProject/deepfake-ViT/test_data_v3/DiT/fake/DiT__DiT_id50_0001__22638.png,1
/Users/pickapu/Documents/PyCharmMiscProject/deepfake-ViT/test_data_v3/DiT/fake/DiT__DiT_id54_0001__26996.png,1
/Users/pickapu/Documents/PyCharmMiscProject/deepfake-ViT/test_data_v3/real/real__846__181.png,0
/Users/pickapu/Documents/PyCharmMiscProject/deepfake-ViT/test_data_v3/real/real__id37_0005__235.png,0
/Users/pickapu/Documents/PyCharmMiscProject/deepfake-ViT/test_data_v3/DiT/fake/DiT__DiT_id41_0005__23226.png,1
/Users/pickapu/Documents/PyCharmMiscProject/deepfake-ViT/test_data_v3/real/real__665__166.png,0
/Users/pickapu/Documents/PyCharmMiscProject/deepfake-ViT/test_data_v3/DiT/fake/DiT__DiT_00007__25477.png,1
/Users/pickapu/Documents/PyCharmMiscProject/deepfake-ViT/test_data_v3/DiT/fake/DiT__DiT_id54_0003__21030.png,1
/Users/pickapu/Documents/PyCharmMiscProject/deepfake-ViT/test_data_v3/real/real__242__170.png,0
/Users/pickapu/Documents/PyCharmMiscProject/deepfake-ViT/test_data_v3/DiT/fake/DiT__id36_0001__23496.png,1
/Users/pickapu/Documents/PyCharmMiscProject/deepfake-ViT/test_data_v3/real/real__802__180.png,0
/Users/pickapu/Documents/PyCharmMiscProject/deepfake-ViT/test_data_v3/real/real__442__182.png,0
/Users/pickapu/Documents/PyCharmMiscProject/deepfake-ViT/test_data_v3/real/real__113__433.png,0
/Users/pickapu/Documents/PyCharmMiscProject/deepfake-ViT/test_data_v3/DiT/fake/DiT__DiT_00071__25510.png,1
/Users/pickapu/Documents/PyCharmMiscProject/deepfake-ViT/test_data_v3/DiT/fake/DiT__DiT_id55_0004__24767.png,1
/Users/pickapu/Documents/PyCharmMiscProject/deepfake-ViT/test_data_v3/real/real__926__171.png,0
/Users/pickapu/Documents/PyCharmMiscProject/deepfake-ViT/test_data_v3/real/real__844__439.png,0
/Users/pickapu/Documents/PyCharmMiscProject/deepfake-ViT/test_data_v3/real/real__662__255.png,0
/Users/pickapu/Documents/PyCharmMiscProject/deepfake-ViT/test_data_v3/real/real__787__258.png,0
/Users/pickapu/Documents/PyCharmMiscProject/deepfake-ViT/test_data_v3/real/real__170__259.png,0
/Users/pickapu/Documents/PyCharmMiscProject/deepfake-ViT/test_data_v3/real/real__907__270.png,0
/Users/pickapu/Documents/PyCharmMiscProject/deepfake-ViT/test_data_v3/DiT/fake/DiT__DiT_id19_0006__18185.png,1
/Users/pickapu/Documents/PyCharmMiscProject/deepfake-ViT/test_data_v3/DiT/fake/DiT__DiT_id29_0005__24037.png,1
/Users/pickapu/Documents/PyCharmMiscProject/deepfake-ViT/test_data_v3/DiT/fake/DiT__DiT_id20_0005__26034.png,1
/Users/pickapu/Documents/PyCharmMiscProject/deepfake-ViT/test_data_v3/real/real__id8_0009__182.png,0
/Users/pickapu/Documents/PyCharmMiscProject/deepfake-ViT/test_data_v3/real/real__131__157.png,0
/Users/pickapu/Documents/PyCharmMiscProject/deepfake-ViT/test_data_v3/DiT/fake/DiT__102__20143.png,1
/Users/pickapu/Documents/PyCharmMiscProject/deepfake-ViT/test_data_v3/DiT/fake/DiT__id43_0002__22463.png,1
/Users/pickapu/Documents/PyCharmMiscProject/deepfake-ViT/test_data_v3/real/real__929__237.png,0
/Users/pickapu/Documents/PyCharmMiscProject/deepfake-ViT/test_data_v3/DiT/fake/DiT__DiT_00118__23610.png,1
/Users/pickapu/Documents/PyCharmMiscProject/deepfake-ViT/test_data_v3/real/real__599__204.png,0
/Users/pickapu/Documents/PyCharmMiscProject/deepfake-ViT/test_data_v3/DiT/fake/DiT__DiT_00198__23395.png,1
/Users/pickapu/Documents/PyCharmMiscProject/deepfake-ViT/test_data_v3/real/real__526__432.png,0
/Users/pickapu/Documents/PyCharmMiscProject/deepfake-ViT/test_data_v3/DiT/fake/DiT__452__20504.png,1
/Users/pickapu/Documents/PyCharmMiscProject/deepfake-ViT/test_data_v3/DiT/fake/DiT__DiT_00105__19961.png,1
/Users/pickapu/Documents/PyCharmMiscProject/deepfake-ViT/test_data_v3/DiT/fake/DiT__000__18822.png,1
/Users/pickapu/Documents/PyCharmMiscProject/deepfake-ViT/test_data_v3/real/real__804__184.png,0
/Users/pickapu/Documents/PyCharmMiscProject/deepfake-ViT/test_data_v3/DiT/fake/DiT__423__297.png,1
/Users/pickapu/Documents/PyCharmMiscProject/deepfake-ViT/test_data_v3/DiT/fake/DiT__739__19517.png,1
/Users/pickapu/Documents/PyCharmMiscProject/deepfake-ViT/test_data_v3/DiT/fake/DiT__00011__22632.png,1
/Users/pickapu/Documents/PyCharmMiscProject/deepfake-ViT/test_data_v3/real/real__858__248.png,0
/Users/pickapu/Documents/PyCharmMiscProject/deepfake-ViT/test_data_v3/real/real__545__224.png,0
/Users/pickapu/Documents/PyCharmMiscProject/deepfake-ViT/test_data_v3/DiT/fake/DiT__DiT_id10_0002__2061.png,1
/Users/pickapu/Documents/PyCharmMiscProject/deepfake-ViT/test_data_v3/real/real__142__496.png,0
/Users/pickapu/Documents/PyCharmMiscProject/deepfake-ViT/test_data_v3/DiT/fake/DiT__DiT_id31_0005__2186.png,1
/Users/pickapu/Documents/PyCharmMiscProject/deepfake-ViT/test_data_v3/DiT/fake/DiT__DiT_id47_0004__23388.png,1
/Users/pickapu/Documents/PyCharmMiscProject/deepfake-ViT/test_data_v3/real/real__912__333.png,0
/Users/pickapu/Documents/PyCharmMiscProject/deepfake-ViT/test_data_v3/real/real__id54_0007__294.png,0
/Users/pickapu/Documents/PyCharmMiscProject/deepfake-ViT/test_data_v3/real/real__id51_0006__237.png,0
/Users/pickapu/Documents/PyCharmMiscProject/deepfake-ViT/test_data_v3/real/real__433__274.png,0
/Users/pickapu/Documents/PyCharmMiscProject/deepfake-ViT/test_data_v3/real/real__00095__235.png,0
/Users/pickapu/Documents/PyCharmMiscProject/deepfake-ViT/test_data_v3/real/real__521__156.png,0
/Users/pickapu/Documents/PyCharmMiscProject/deepfake-ViT/test_data_v3/DiT/fake/DiT__DiT_00114__2106.png,1
/Users/pickapu/Documents/PyCharmMiscProject/deepfake-ViT/test_data_v3/real/real__181__246.png,0
/Users/pickapu/Documents/PyCharmMiscProject/deepfake-ViT/test_data_v3/DiT/fake/DiT__DiT_id53_0006__20983.png,1
/Users/pickapu/Documents/PyCharmMiscProject/deepfake-ViT/test_data_v3/DiT/fake/DiT__DiT_id13_0005__23205.png,1
/Users/pickapu/Documents/PyCharmMiscProject/deepfake-ViT/test_data_v3/real/real__00265__240.png,0
/Users/pickapu/Documents/PyCharmMiscProject/deepfake-ViT/test_data_v3/DiT/fake/DiT__DiT_00179__19182.png,1
/Users/pickapu/Documents/PyCharmMiscProject/deepfake-ViT/test_data_v3/DiT/fake/DiT__DiT_00005__21951.png,1
/Users/pickapu/Documents/PyCharmMiscProject/deepfake-ViT/test_data_v3/real/real__547__255.png,0
/Users/pickapu/Documents/PyCharmMiscProject/deepfake-ViT/test_data_v3/DiT/fake/DiT__DiT_00053__22335.png,1
/Users/pickapu/Documents/PyCharmMiscProject/deepfake-ViT/test_data_v3/real/real__264__234.png,0
/Users/pickapu/Documents/PyCharmMiscProject/deepfake-ViT/test_data_v3/DiT/fake/DiT__521__18894.png,1
/Users/pickapu/Documents/PyCharmMiscProject/deepfake-ViT/test_data_v3/real/real__465__169.png,0
/Users/pickapu/Documents/PyCharmMiscProject/deepfake-ViT/test_data_v3/real/real__033__417.png,0
/Users/pickapu/Documents/PyCharmMiscProject/deepfake-ViT/test_data_v3/DiT/fake/DiT__DiT_id17_0001__22585.png,1
/Users/pickapu/Documents/PyCharmMiscProject/deepfake-ViT/test_data_v3/DiT/fake/DiT__527__2035.png,1
/Users/pickapu/Documents/PyCharmMiscProject/deepfake-ViT/test_data_v3/real/real__437__305.png,0
/Users/pickapu/Documents/PyCharmMiscProject/deepfake-ViT/test_data_v3/real/real__707__499.png,0
/Users/pickapu/Documents/PyCharmMiscProject/deepfake-ViT/test_data_v3/real/real__087__158.png,0
/Users/pickapu/Documents/PyCharmMiscProject/deepfake-ViT/test_data_v3/real/real__00063__230.png,0
/Users/pickapu/Documents/PyCharmMiscProject/deepfake-ViT/test_data_v3/real/real__725__360.png,0
/Users/pickapu/Documents/PyCharmMiscProject/deepfake-ViT/test_data_v3/real/real__354__236.png,0
/Users/pickapu/Documents/PyCharmMiscProject/deepfake-ViT/test_data_v3/real/real__222__209.png,0
/Users/pickapu/Documents/PyCharmMiscProject/deepfake-ViT/test_data_v3/real/real__683__155.png,0
/Users/pickapu/Documents/PyCharmMiscProject/deepfake-ViT/test_data_v3/real/real__697__239.png,0
/Users/pickapu/Documents/PyCharmMiscProject/deepfake-ViT/test_data_v3/DiT/fake/DiT__DiT_id25_0005__22943.png,1
/Users/pickapu/Documents/PyCharmMiscProject/deepfake-ViT/test_data_v3/DiT/fake/DiT__DiT_00129__227.png,1
/Users/pickapu/Documents/PyCharmMiscProject/deepfake-ViT/test_data_v3/real/real__213__194.png,0
/Users/pickapu/Documents/PyCharmMiscProject/deepfake-ViT/test_data_v3/real/real__00256__166.png,0
/Users/pickapu/Documents/PyCharmMiscProject/deepfake-ViT/test_data_v3/real/real__id48_0000__173.png,0
/Users/pickapu/Documents/PyCharmMiscProject/deepfake-ViT/test_data_v3/real/real__370__191.png,0
/Users/pickapu/Documents/PyCharmMiscProject/deepfake-ViT/test_data_v3/real/real__559__171.png,0
/Users/pickapu/Documents/PyCharmMiscProject/deepfake-ViT/test_data_v3/DiT/fake/DiT__DiT_00298__2642.png,1
/Users/pickapu/Documents/PyCharmMiscProject/deepfake-ViT/test_data_v3/DiT/fake/DiT__DiT_id8_0002__24414.png,1
/Users/pickapu/Documents/PyCharmMiscProject/deepfake-ViT/test_data_v3/real/real__430__183.png,0
/Users/pickapu/Documents/PyCharmMiscProject/deepfake-ViT/test_data_v3/DiT/fake/DiT__552__1900.png,1
/Users/pickapu/Documents/PyCharmMiscProject/deepfake-ViT/test_data_v3/DiT/fake/DiT__DiT_id58_0001__23798.png,1
/Users/pickapu/Documents/PyCharmMiscProject/deepfake-ViT/test_data_v3/real/real__663__162.png,0
/Users/pickapu/Documents/PyCharmMiscProject/deepfake-ViT/test_data_v3/real/real__548__295.png,0
/Users/pickapu/Documents/PyCharmMiscProject/deepfake-ViT/test_data_v3/real/real__880__224.png,0
/Users/pickapu/Documents/PyCharmMiscProject/deepfake-ViT/test_data_v3/real/real__600__199.png,0
/Users/pickapu/Documents/PyCharmMiscProject/deepfake-ViT/test_data_v3/real/real__068__206.png,0
/Users/pickapu/Documents/PyCharmMiscProject/deepfake-ViT/test_data_v3/DiT/fake/DiT__DiT_id43_0003__2462.png,1
/Users/pickapu/Documents/PyCharmMiscProject/deepfake-ViT/test_data_v3/DiT/fake/DiT__00194__23557.png,1
/Users/pickapu/Documents/PyCharmMiscProject/deepfake-ViT/test_data_v3/DiT/fake/DiT__id50_0003__23302.png,1
/Users/pickapu/Documents/PyCharmMiscProject/deepfake-ViT/test_data_v3/DiT/fake/DiT__DiT_id33_0003__24436.png,1
/Users/pickapu/Documents/PyCharmMiscProject/deepfake-ViT/test_data_v3/DiT/fake/DiT__DiT_id48_0001__21585.png,1
/Users/pickapu/Documents/PyCharmMiscProject/deepfake-ViT/test_data_v3/DiT/fake/DiT__DiT_00100__21748.png,1
/Users/pickapu/Documents/PyCharmMiscProject/deepfake-ViT/test_data_v3/DiT/fake/DiT__00063__23538.png,1
/Users/pickapu/Documents/PyCharmMiscProject/deepfake-ViT/test_data_v3/DiT/fake/DiT__DiT_id47_0008__25872.png,1
/Users/pickapu/Documents/PyCharmMiscProject/deepfake-ViT/test_data_v3/DiT/fake/DiT__DiT_00166__21559.png,1
/Users/pickapu/Documents/PyCharmMiscProject/deepfake-ViT/test_data_v3/real/real__561__214.png,0
/Users/pickapu/Documents/PyCharmMiscProject/deepfake-ViT/test_data_v3/DiT/fake/DiT__DiT_id8_0007__24435.png,1
/Users/pickapu/Documents/PyCharmMiscProject/deepfake-ViT/test_data_v3/real/real__569__172.png,0
/Users/pickapu/Documents/PyCharmMiscProject/deepfake-ViT/test_data_v3/real/real__824__297.png,0
/Users/pickapu/Documents/PyCharmMiscProject/deepfake-ViT/test_data_v3/real/real__388__327.png,0
/Users/pickapu/Documents/PyCharmMiscProject/deepfake-ViT/test_data_v3/DiT/fake/DiT__DiT_id42_0000__2342.png,1
/Users/pickapu/Documents/PyCharmMiscProject/deepfake-ViT/test_data_v3/DiT/fake/DiT__DiT_00154__26582.png,1
/Users/pickapu/Documents/PyCharmMiscProject/deepfake-ViT/test_data_v3/real/real__id17_0000__156.png,0
/Users/pickapu/Documents/PyCharmMiscProject/deepfake-ViT/test_data_v3/DiT/fake/DiT__DiT_id32_0004__25249.png,1
/Users/pickapu/Documents/PyCharmMiscProject/deepfake-ViT/test_data_v3/DiT/fake/DiT__DiT_00299__25190.png,1
/Users/pickapu/Documents/PyCharmMiscProject/deepfake-ViT/test_data_v3/DiT/fake/DiT__DiT_00000__2606.png,1
/Users/pickapu/Documents/PyCharmMiscProject/deepfake-ViT/test_data_v3/real/real__788__275.png,0
/Users/pickapu/Documents/PyCharmMiscProject/deepfake-ViT/test_data_v3/real/real__560__179.png,0
/Users/pickapu/Documents/PyCharmMiscProject/deepfake-ViT/test_data_v3/DiT/fake/DiT__00289__19500.png,1
/Users/pickapu/Documents/PyCharmMiscProject/deepfake-ViT/test_data_v3/real/real__495__295.png,0
/Users/pickapu/Documents/PyCharmMiscProject/deepfake-ViT/test_data_v3/real/real__878__379.png,0
/Users/pickapu/Documents/PyCharmMiscProject/deepfake-ViT/test_data_v3/real/real__797__223.png,0
/Users/pickapu/Documents/PyCharmMiscProject/deepfake-ViT/test_data_v3/real/real__441__156.png,0
/Users/pickapu/Documents/PyCharmMiscProject/deepfake-ViT/test_data_v3/DiT/fake/DiT__DiT_id3_0000__24541.png,1
/Users/pickapu/Documents/PyCharmMiscProject/deepfake-ViT/test_data_v3/DiT/fake/DiT__00277__25115.png,1
/Users/pickapu/Documents/PyCharmMiscProject/deepfake-ViT/test_data_v3/DiT/fake/DiT__DiT_00013__267.png,1
/Users/pickapu/Documents/PyCharmMiscProject/deepfake-ViT/test_data_v3/real/real__293__390.png,0
/Users/pickapu/Documents/PyCharmMiscProject/deepfake-ViT/test_data_v3/real/real__491__219.png,0
/Users/pickapu/Documents/PyCharmMiscProject/deepfake-ViT/test_data_v3/real/real__257__368.png,0
/Users/pickapu/Documents/PyCharmMiscProject/deepfake-ViT/test_data_v3/DiT/fake/DiT__id30_0007__19353.png,1
/Users/pickapu/Documents/PyCharmMiscProject/deepfake-ViT/test_data_v3/real/real__903__292.png,0
/Users/pickapu/Documents/PyCharmMiscProject/deepfake-ViT/test_data_v3/DiT/fake/DiT__DiT_id43_0005__19881.png,1
/Users/pickapu/Documents/PyCharmMiscProject/deepfake-ViT/test_data_v3/real/real__024__157.png,0
/Users/pickapu/Documents/PyCharmMiscProject/deepfake-ViT/test_data_v3/real/real__00283__202.png,0
/Users/pickapu/Documents/PyCharmMiscProject/deepfake-ViT/test_data_v3/DiT/fake/DiT__DiT_id52_0003__22548.png,1
/Users/pickapu/Documents/PyCharmMiscProject/deepfake-ViT/test_data_v3/real/real__200__370.png,0
/Users/pickapu/Documents/PyCharmMiscProject/deepfake-ViT/test_data_v3/DiT/fake/DiT__DiT_00233__22845.png,1
/Users/pickapu/Documents/PyCharmMiscProject/deepfake-ViT/test_data_v3/DiT/fake/DiT__DiT_id9_0004__21512.png,1
/Users/pickapu/Documents/PyCharmMiscProject/deepfake-ViT/test_data_v3/DiT/fake/DiT__00270__23708.png,1
/Users/pickapu/Documents/PyCharmMiscProject/deepfake-ViT/test_data_v3/DiT/fake/DiT__id34_0006__22820.png,1
/Users/pickapu/Documents/PyCharmMiscProject/deepfake-ViT/test_data_v3/real/real__919__275.png,0
/Users/pickapu/Documents/PyCharmMiscProject/deepfake-ViT/test_data_v3/DiT/fake/DiT__00276__1931.png,1
/Users/pickapu/Documents/PyCharmMiscProject/deepfake-ViT/test_data_v3/DiT/fake/DiT__DiT_00243__17593.png,1
/Users/pickapu/Documents/PyCharmMiscProject/deepfake-ViT/test_data_v3/real/real__964__232.png,0
/Users/pickapu/Documents/PyCharmMiscProject/deepfake-ViT/test_data_v3/DiT/fake/DiT__id35_0008__20155.png,1
/Users/pickapu/Documents/PyCharmMiscProject/deepfake-ViT/test_data_v3/real/real__231__295.png,0
/Users/pickapu/Documents/PyCharmMiscProject/deepfake-ViT/test_data_v3/real/real__id33_0002__232.png,0
/Users/pickapu/Documents/PyCharmMiscProject/deepfake-ViT/test_data_v3/real/real__215__302.png,0
/Users/pickapu/Documents/PyCharmMiscProject/deepfake-ViT/test_data_v3/real/real__833__309.png,0
/Users/pickapu/Documents/PyCharmMiscProject/deepfake-ViT/test_data_v3/DiT/fake/DiT__id8_0009__2346.png,1
/Users/pickapu/Documents/PyCharmMiscProject/deepfake-ViT/test_data_v3/real/real__100__217.png,0
/Users/pickapu/Documents/PyCharmMiscProject/deepfake-ViT/test_data_v3/real/real__260__155.png,0
/Users/pickapu/Documents/PyCharmMiscProject/deepfake-ViT/test_data_v3/real/real__364__333.png,0
/Users/pickapu/Documents/PyCharmMiscProject/deepfake-ViT/test_data_v3/real/real__570__221.png,0
/Users/pickapu/Documents/PyCharmMiscProject/deepfake-ViT/test_data_v3/real/real__008__328.png,0
/Users/pickapu/Documents/PyCharmMiscProject/deepfake-ViT/test_data_v3/real/real__119__258.png,0
/Users/pickapu/Documents/PyCharmMiscProject/deepfake-ViT/test_data_v3/DiT/fake/DiT__DiT_id28_0000__24854.png,1
/Users/pickapu/Documents/PyCharmMiscProject/deepfake-ViT/test_data_v3/DiT/fake/DiT__214__18858.png,1
/Users/pickapu/Documents/PyCharmMiscProject/deepfake-ViT/test_data_v3/DiT/fake/DiT__550__2705.png,1
/Users/pickapu/Documents/PyCharmMiscProject/deepfake-ViT/test_data_v3/DiT/fake/DiT__id29_0008__20317.png,1
/Users/pickapu/Documents/PyCharmMiscProject/deepfake-ViT/test_data_v3/DiT/fake/DiT__DiT_id7_0001__22367.png,1
/Users/pickapu/Documents/PyCharmMiscProject/deepfake-ViT/test_data_v3/DiT/fake/DiT__00269__23057.png,1
/Users/pickapu/Documents/PyCharmMiscProject/deepfake-ViT/test_data_v3/real/real__id24_0009__159.png,0
/Users/pickapu/Documents/PyCharmMiscProject/deepfake-ViT/test_data_v3/DiT/fake/DiT__DiT_00070__22616.png,1
/Users/pickapu/Documents/PyCharmMiscProject/deepfake-ViT/test_data_v3/real/real__794__453.png,0
/Users/pickapu/Documents/PyCharmMiscProject/deepfake-ViT/test_data_v3/real/real__544__182.png,0
/Users/pickapu/Documents/PyCharmMiscProject/deepfake-ViT/test_data_v3/DiT/fake/DiT__id33_0008__24079.png,1
/Users/pickapu/Documents/PyCharmMiscProject/deepfake-ViT/test_data_v3/real/real__id35_0000__250.png,0
/Users/pickapu/Documents/PyCharmMiscProject/deepfake-ViT/test_data_v3/DiT/fake/DiT__id53_0000__21727.png,1
/Users/pickapu/Documents/PyCharmMiscProject/deepfake-ViT/test_data_v3/DiT/fake/DiT__DiT_00020__22625.png,1
/Users/pickapu/Documents/PyCharmMiscProject/deepfake-ViT/test_data_v3/real/real__00250__153.png,0
/Users/pickapu/Documents/PyCharmMiscProject/deepfake-ViT/test_data_v3/DiT/fake/DiT__DiT_id23_0007__23305.png,1
/Users/pickapu/Documents/PyCharmMiscProject/deepfake-ViT/test_data_v3/DiT/fake/DiT__00281__20941.png,1
/Users/pickapu/Documents/PyCharmMiscProject/deepfake-ViT/test_data_v3/DiT/fake/DiT__DiT_id46_0004__26184.png,1
/Users/pickapu/Documents/PyCharmMiscProject/deepfake-ViT/test_data_v3/real/real__980__197.png,0
/Users/pickapu/Documents/PyCharmMiscProject/deepfake-ViT/test_data_v3/DiT/fake/DiT__DiT_00026__23152.png,1
/Users/pickapu/Documents/PyCharmMiscProject/deepfake-ViT/test_data_v3/DiT/fake/DiT__DiT_00296__23690.png,1
/Users/pickapu/Documents/PyCharmMiscProject/deepfake-ViT/test_data_v3/DiT/fake/DiT__DiT_00050__19537.png,1
/Users/pickapu/Documents/PyCharmMiscProject/deepfake-ViT/test_data_v3/real/real__902__151.png,0
/Users/pickapu/Documents/PyCharmMiscProject/deepfake-ViT/test_data_v3/real/real__568__293.png,0
/Users/pickapu/Documents/PyCharmMiscProject/deepfake-ViT/test_data_v3/DiT/fake/DiT__00282__23123.png,1
/Users/pickapu/Documents/PyCharmMiscProject/deepfake-ViT/test_data_v3/DiT/fake/DiT__DiT_id5_0009__18591.png,1
/Users/pickapu/Documents/PyCharmMiscProject/deepfake-ViT/test_data_v3/DiT/fake/DiT__DiT_00204__23431.png,1
/Users/pickapu/Documents/PyCharmMiscProject/deepfake-ViT/test_data_v3/DiT/fake/DiT__047__20079.png,1
/Users/pickapu/Documents/PyCharmMiscProject/deepfake-ViT/test_data_v3/real/real__699__269.png,0
/Users/pickapu/Documents/PyCharmMiscProject/deepfake-ViT/test_data_v3/real/real__636__172.png,0
/Users/pickapu/Documents/PyCharmMiscProject/deepfake-ViT/test_data_v3/DiT/fake/DiT__DiT_00052__20553.png,1
/Users/pickapu/Documents/PyCharmMiscProject/deepfake-ViT/test_data_v3/real/real__745__293.png,0
/Users/pickapu/Documents/PyCharmMiscProject/deepfake-ViT/test_data_v3/DiT/fake/DiT__DiT_00195__25839.png,1
/Users/pickapu/Documents/PyCharmMiscProject/deepfake-ViT/test_data_v3/real/real__109__153.png,0
/Users/pickapu/Documents/PyCharmMiscProject/deepfake-ViT/test_data_v3/DiT/fake/DiT__DiT_00162__20881.png,1
/Users/pickapu/Documents/PyCharmMiscProject/deepfake-ViT/test_data_v3/DiT/fake/DiT__DiT_id1_0009__24334.png,1
/Users/pickapu/Documents/PyCharmMiscProject/deepfake-ViT/test_data_v3/real/real__id35_0008__107.png,0
/Users/pickapu/Documents/PyCharmMiscProject/deepfake-ViT/test_data_v3/real/real__966__187.png,0
/Users/pickapu/Documents/PyCharmMiscProject/deepfake-ViT/test_data_v3/DiT/fake/DiT__DiT_00199__26123.png,1
/Users/pickapu/Documents/PyCharmMiscProject/deepfake-ViT/test_data_v3/real/real__767__209.png,0
/Users/pickapu/Documents/PyCharmMiscProject/deepfake-ViT/test_data_v3/DiT/fake/DiT__DiT_id1_0003__23413.png,1
/Users/pickapu/Documents/PyCharmMiscProject/deepfake-ViT/test_data_v3/DiT/fake/DiT__DiT_00239__20243.png,1
/Users/pickapu/Documents/PyCharmMiscProject/deepfake-ViT/test_data_v3/DiT/fake/DiT__DiT_id29_0006__23682.png,1
/Users/pickapu/Documents/PyCharmMiscProject/deepfake-ViT/test_data_v3/DiT/fake/DiT__DiT_00078__20624.png,1
/Users/pickapu/Documents/PyCharmMiscProject/deepfake-ViT/test_data_v3/DiT/fake/DiT__DiT_id8_0008__26937.png,1
/Users/pickapu/Documents/PyCharmMiscProject/deepfake-ViT/test_data_v3/real/real__138__211.png,0
/Users/pickapu/Documents/PyCharmMiscProject/deepfake-ViT/test_data_v3/DiT/fake/DiT__422__17205.png,1
/Users/pickapu/Documents/PyCharmMiscProject/deepfake-ViT/test_data_v3/real/real__546__368.png,0
/Users/pickapu/Documents/PyCharmMiscProject/deepfake-ViT/test_data_v3/DiT/fake/DiT__DiT_00157__26270.png,1
/Users/pickapu/Documents/PyCharmMiscProject/deepfake-ViT/test_data_v3/DiT/fake/DiT__DiT_id30_0008__22795.png,1
/Users/pickapu/Documents/PyCharmMiscProject/deepfake-ViT/test_data_v3/real/real__00244__148.png,0
/Users/pickapu/Documents/PyCharmMiscProject/deepfake-ViT/test_data_v3/DiT/fake/DiT__DiT_id4_0000__24222.png,1
/Users/pickapu/Documents/PyCharmMiscProject/deepfake-ViT/test_data_v3/DiT/fake/DiT__00253__20592.png,1
/Users/pickapu/Documents/PyCharmMiscProject/deepfake-ViT/test_data_v3/real/real__269__199.png,0
/Users/pickapu/Documents/PyCharmMiscProject/deepfake-ViT/test_data_v3/DiT/fake/DiT__DiT_id8_0003__26496.png,1
/Users/pickapu/Documents/PyCharmMiscProject/deepfake-ViT/test_data_v3/real/real__961__166.png,0
/Users/pickapu/Documents/PyCharmMiscProject/deepfake-ViT/test_data_v3/real/real__826__182.png,0
/Users/pickapu/Documents/PyCharmMiscProject/deepfake-ViT/test_data_v3/real/real__730__370.png,0
/Users/pickapu/Documents/PyCharmMiscProject/deepfake-ViT/test_data_v3/DiT/fake/DiT__DiT_id21_0001__24933.png,1
/Users/pickapu/Documents/PyCharmMiscProject/deepfake-ViT/test_data_v3/real/real__533__287.png,0
/Users/pickapu/Documents/PyCharmMiscProject/deepfake-ViT/test_data_v3/DiT/fake/DiT__00213__18058.png,1
/Users/pickapu/Documents/PyCharmMiscProject/deepfake-ViT/test_data_v3/real/real__140__249.png,0
/Users/pickapu/Documents/PyCharmMiscProject/deepfake-ViT/test_data_v3/DiT/fake/DiT__00251__25511.png,1
/Users/pickapu/Documents/PyCharmMiscProject/deepfake-ViT/test_data_v3/real/real__070__188.png,0
/Users/pickapu/Documents/PyCharmMiscProject/deepfake-ViT/test_data_v3/DiT/fake/DiT__DiT_id25_0009__2439.png,1
/Users/pickapu/Documents/PyCharmMiscProject/deepfake-ViT/test_data_v3/real/real__190__170.png,0
/Users/pickapu/Documents/PyCharmMiscProject/deepfake-ViT/test_data_v3/DiT/fake/DiT__DiT_id28_0002__20823.png,1
/Users/pickapu/Documents/PyCharmMiscProject/deepfake-ViT/test_data_v3/real/real__637__262.png,0
/Users/pickapu/Documents/PyCharmMiscProject/deepfake-ViT/test_data_v3/real/real__178__268.png,0
/Users/pickapu/Documents/PyCharmMiscProject/deepfake-ViT/test_data_v3/real/real__757__227.png,0
/Users/pickapu/Documents/PyCharmMiscProject/deepfake-ViT/test_data_v3/real/real__145__244.png,0
/Users/pickapu/Documents/PyCharmMiscProject/deepfake-ViT/test_data_v3/DiT/fake/DiT__id8_0000__23526.png,1
/Users/pickapu/Documents/PyCharmMiscProject/deepfake-ViT/test_data_v3/DiT/fake/DiT__DiT_00096__26514.png,1
/Users/pickapu/Documents/PyCharmMiscProject/deepfake-ViT/test_data_v3/DiT/fake/DiT__id35_0000__22203.png,1
/Users/pickapu/Documents/PyCharmMiscProject/deepfake-ViT/test_data_v3/DiT/fake/DiT__DiT_id56_0003__22787.png,1
/Users/pickapu/Documents/PyCharmMiscProject/deepfake-ViT/test_data_v3/real/real__096__259.png,0
/Users/pickapu/Documents/PyCharmMiscProject/deepfake-ViT/test_data_v3/real/real__838__235.png,0
/Users/pickapu/Documents/PyCharmMiscProject/deepfake-ViT/test_data_v3/DiT/fake/DiT__DiT_id48_0006__23058.png,1
/Users/pickapu/Documents/PyCharmMiscProject/deepfake-ViT/test_data_v3/real/real__705__243.png,0
/Users/pickapu/Documents/PyCharmMiscProject/deepfake-ViT/test_data_v3/DiT/fake/DiT__00252__23992.png,1
/Users/pickapu/Documents/PyCharmMiscProject/deepfake-ViT/test_data_v3/DiT/fake/DiT__id56_0002__24199.png,1
/Users/pickapu/Documents/PyCharmMiscProject/deepfake-ViT/test_data_v3/real/real__id3_0002__220.png,0
/Users/pickapu/Documents/PyCharmMiscProject/deepfake-ViT/test_data_v3/real/real__287__244.png,0
/Users/pickapu/Documents/PyCharmMiscProject/deepfake-ViT/test_data_v3/real/real__276__170.png,0
/Users/pickapu/Documents/PyCharmMiscProject/deepfake-ViT/test_data_v3/DiT/fake/DiT__DiT_id52_0008__2235.png,1
/Users/pickapu/Documents/PyCharmMiscProject/deepfake-ViT/test_data_v3/real/real__517__192.png,0
/Users/pickapu/Documents/PyCharmMiscProject/deepfake-ViT/test_data_v3/DiT/fake/DiT__DiT_id53_0009__21931.png,1
/Users/pickapu/Documents/PyCharmMiscProject/deepfake-ViT/test_data_v3/DiT/fake/DiT__DiT_id38_0004__24107.png,1
/Users/pickapu/Documents/PyCharmMiscProject/deepfake-ViT/test_data_v3/DiT/fake/DiT__DiT_id29_0002__20735.png,1
/Users/pickapu/Documents/PyCharmMiscProject/deepfake-ViT/test_data_v3/real/real__863__264.png,0
/Users/pickapu/Documents/PyCharmMiscProject/deepfake-ViT/test_data_v3/real/real__id58_0002__240.png,0
/Users/pickapu/Documents/PyCharmMiscProject/deepfake-ViT/test_data_v3/real/real__518__151.png,0
/Users/pickapu/Documents/PyCharmMiscProject/deepfake-ViT/test_data_v3/real/real__031__248.png,0
/Users/pickapu/Documents/PyCharmMiscProject/deepfake-ViT/test_data_v3/real/real__00264__163.png,0
/Users/pickapu/Documents/PyCharmMiscProject/deepfake-ViT/test_data_v3/real/real__664__150.png,0
/Users/pickapu/Documents/PyCharmMiscProject/deepfake-ViT/test_data_v3/DiT/fake/DiT__DiT_id27_0000__22915.png,1
/Users/pickapu/Documents/PyCharmMiscProject/deepfake-ViT/test_data_v3/real/real__00254__238.png,0
/Users/pickapu/Documents/PyCharmMiscProject/deepfake-ViT/test_data_v3/real/real__851__429.png,0
/Users/pickapu/Documents/PyCharmMiscProject/deepfake-ViT/test_data_v3/DiT/fake/DiT__DiT_id33_0001__23600.png,1
/Users/pickapu/Documents/PyCharmMiscProject/deepfake-ViT/test_data_v3/real/real__899__288.png,0
/Users/pickapu/Documents/PyCharmMiscProject/deepfake-ViT/test_data_v3/real/real__659__483.png,0
/Users/pickapu/Documents/PyCharmMiscProject/deepfake-ViT/test_data_v3/real/real__608__388.png,0
/Users/pickapu/Documents/PyCharmMiscProject/deepfake-ViT/test_data_v3/DiT/fake/DiT__DiT_id26_0005__22442.png,1
/Users/pickapu/Documents/PyCharmMiscProject/deepfake-ViT/test_data_v3/real/real__930__230.png,0
/Users/pickapu/Documents/PyCharmMiscProject/deepfake-ViT/test_data_v3/DiT/fake/DiT__DiT_00135__19034.png,1
/Users/pickapu/Documents/PyCharmMiscProject/deepfake-ViT/test_data_v3/real/real__522__367.png,0
/Users/pickapu/Documents/PyCharmMiscProject/deepfake-ViT/test_data_v3/real/real__720__272.png,0
/Users/pickapu/Documents/PyCharmMiscProject/deepfake-ViT/test_data_v3/DiT/fake/DiT__id27_0009__2461.png,1
/Users/pickapu/Documents/PyCharmMiscProject/deepfake-ViT/test_data_v3/DiT/fake/DiT__DiT_00240__25550.png,1
/Users/pickapu/Documents/PyCharmMiscProject/deepfake-ViT/test_data_v3/DiT/fake/DiT__DiT_id56_0007__22310.png,1
/Users/pickapu/Documents/PyCharmMiscProject/deepfake-ViT/test_data_v3/real/real__715__441.png,0
/Users/pickapu/Documents/PyCharmMiscProject/deepfake-ViT/test_data_v3/DiT/fake/DiT__DiT_id49_0003__24755.png,1
/Users/pickapu/Documents/PyCharmMiscProject/deepfake-ViT/test_data_v3/real/real__216__245.png,0
/Users/pickapu/Documents/PyCharmMiscProject/deepfake-ViT/test_data_v3/real/real__820__342.png,0
/Users/pickapu/Documents/PyCharmMiscProject/deepfake-ViT/test_data_v3/real/real__045__180.png,0
/Users/pickapu/Documents/PyCharmMiscProject/deepfake-ViT/test_data_v3/DiT/fake/DiT__00265__23614.png,1
/Users/pickapu/Documents/PyCharmMiscProject/deepfake-ViT/test_data_v3/DiT/fake/DiT__DiT_id17_0009__20294.png,1
/Users/pickapu/Documents/PyCharmMiscProject/deepfake-ViT/test_data_v3/real/real__00272__163.png,0
/Users/pickapu/Documents/PyCharmMiscProject/deepfake-ViT/test_data_v3/DiT/fake/DiT__048__18659.png,1
/Users/pickapu/Documents/PyCharmMiscProject/deepfake-ViT/test_data_v3/DiT/fake/DiT__DiT_id10_0006__23017.png,1
/Users/pickapu/Documents/PyCharmMiscProject/deepfake-ViT/test_data_v3/DiT/fake/DiT__DiT_id20_0007__20872.png,1
/Users/pickapu/Documents/PyCharmMiscProject/deepfake-ViT/test_data_v3/DiT/fake/DiT__id58_0002__23678.png,1
/Users/pickapu/Documents/PyCharmMiscProject/deepfake-ViT/test_data_v3/real/real__387__272.png,0
/Users/pickapu/Documents/PyCharmMiscProject/deepfake-ViT/test_data_v3/real/real__848__185.png,0
/Users/pickapu/Documents/PyCharmMiscProject/deepfake-ViT/test_data_v3/real/real__668__204.png,0
/Users/pickapu/Documents/PyCharmMiscProject/deepfake-ViT/test_data_v3/DiT/fake/DiT__233__19701.png,1
/Users/pickapu/Documents/PyCharmMiscProject/deepfake-ViT/test_data_v3/DiT/fake/DiT__DiT_id34_0002__22354.png,1
/Users/pickapu/Documents/PyCharmMiscProject/deepfake-ViT/test_data_v3/DiT/fake/DiT__DiT_id16_0009__27219.png,1
/Users/pickapu/Documents/PyCharmMiscProject/deepfake-ViT/test_data_v3/DiT/fake/DiT__DiT_00210__22060.png,1
/Users/pickapu/Documents/PyCharmMiscProject/deepfake-ViT/test_data_v3/DiT/fake/DiT__DiT_id44_0005__23934.png,1
/Users/pickapu/Documents/PyCharmMiscProject/deepfake-ViT/test_data_v3/DiT/fake/DiT__DiT_id49_0005__26050.png,1
/Users/pickapu/Documents/PyCharmMiscProject/deepfake-ViT/test_data_v3/real/real__951__416.png,0
/Users/pickapu/Documents/PyCharmMiscProject/deepfake-ViT/test_data_v3/DiT/fake/DiT__00263__19271.png,1
/Users/pickapu/Documents/PyCharmMiscProject/deepfake-ViT/test_data_v3/real/real__299__161.png,0
/Users/pickapu/Documents/PyCharmMiscProject/deepfake-ViT/test_data_v3/DiT/fake/DiT__DiT_00014__23898.png,1
/Users/pickapu/Documents/PyCharmMiscProject/deepfake-ViT/test_data_v3/DiT/fake/DiT__DiT_id11_0003__24224.png,1
/Users/pickapu/Documents/PyCharmMiscProject/deepfake-ViT/test_data_v3/real/real__00289__161.png,0
/Users/pickapu/Documents/PyCharmMiscProject/deepfake-ViT/test_data_v3/DiT/fake/DiT__00254__23033.png,1
/Users/pickapu/Documents/PyCharmMiscProject/deepfake-ViT/test_data_v3/real/real__654__211.png,0
/Users/pickapu/Documents/PyCharmMiscProject/deepfake-ViT/test_data_v3/DiT/fake/DiT__00095__24636.png,1
/Users/pickapu/Documents/PyCharmMiscProject/deepfake-ViT/test_data_v3/DiT/fake/DiT__DiT_id19_0000__25727.png,1
/Users/pickapu/Documents/PyCharmMiscProject/deepfake-ViT/test_data_v3/DiT/fake/DiT__DiT_00248__25164.png,1
/Users/pickapu/Documents/PyCharmMiscProject/deepfake-ViT/test_data_v3/real/real__371__370.png,0
/Users/pickapu/Documents/PyCharmMiscProject/deepfake-ViT/test_data_v3/DiT/fake/DiT__DiT_id23_0003__27297.png,1
/Users/pickapu/Documents/PyCharmMiscProject/deepfake-ViT/test_data_v3/DiT/fake/DiT__DiT_id20_0009__22793.png,1
/Users/pickapu/Documents/PyCharmMiscProject/deepfake-ViT/test_data_v3/real/real__832__284.png,0
/Users/pickapu/Documents/PyCharmMiscProject/deepfake-ViT/test_data_v3/real/real__id40_0003__164.png,0
/Users/pickapu/Documents/PyCharmMiscProject/deepfake-ViT/test_data_v3/DiT/fake/DiT__DiT_00009__5322.png,1
/Users/pickapu/Documents/PyCharmMiscProject/deepfake-ViT/test_data_v3/real/real__467__217.png,0
/Users/pickapu/Documents/PyCharmMiscProject/deepfake-ViT/test_data_v3/real/real__515__394.png,0
/Users/pickapu/Documents/PyCharmMiscProject/deepfake-ViT/test_data_v3/real/real__440__215.png,0
/Users/pickapu/Documents/PyCharmMiscProject/deepfake-ViT/test_data_v3/real/real__672__278.png,0
/Users/pickapu/Documents/PyCharmMiscProject/deepfake-ViT/test_data_v3/DiT/fake/DiT__DiT_00141__24132.png,1
/Users/pickapu/Documents/PyCharmMiscProject/deepfake-ViT/test_data_v3/real/real__944__176.png,0
/Users/pickapu/Documents/PyCharmMiscProject/deepfake-ViT/test_data_v3/real/real__959__248.png,0
/Users/pickapu/Documents/PyCharmMiscProject/deepfake-ViT/test_data_v3/DiT/fake/DiT__731__18250.png,1
/Users/pickapu/Documents/PyCharmMiscProject/deepfake-ViT/test_data_v3/real/real__243__199.png,0
/Users/pickapu/Documents/PyCharmMiscProject/deepfake-ViT/test_data_v3/real/real__631__218.png,0
/Users/pickapu/Documents/PyCharmMiscProject/deepfake-ViT/test_data_v3/DiT/fake/DiT__DiT_id2_0005__20397.png,1
/Users/pickapu/Documents/PyCharmMiscProject/deepfake-ViT/test_data_v3/real/real__00251__164.png,0
/Users/pickapu/Documents/PyCharmMiscProject/deepfake-ViT/test_data_v3/DiT/fake/DiT__DiT_id9_0008__22662.png,1
/Users/pickapu/Documents/PyCharmMiscProject/deepfake-ViT/test_data_v3/real/real__id21_0009__164.png,0
/Users/pickapu/Documents/PyCharmMiscProject/deepfake-ViT/test_data_v3/DiT/fake/DiT__DiT_00003__22068.png,1
/Users/pickapu/Documents/PyCharmMiscProject/deepfake-ViT/test_data_v3/DiT/fake/DiT__DiT_id52_0009__27081.png,1
/Users/pickapu/Documents/PyCharmMiscProject/deepfake-ViT/test_data_v3/real/real__741__190.png,0
/Users/pickapu/Documents/PyCharmMiscProject/deepfake-ViT/test_data_v3/DiT/fake/DiT__id37_0005__19623.png,1
/Users/pickapu/Documents/PyCharmMiscProject/deepfake-ViT/test_data_v3/DiT/fake/DiT__DiT_00177__22288.png,1
/Users/pickapu/Documents/PyCharmMiscProject/deepfake-ViT/test_data_v3/real/real__394__216.png,0
/Users/pickapu/Documents/PyCharmMiscProject/deepfake-ViT/test_data_v3/DiT/fake/DiT__DiT_id57_0002__23472.png,1
/Users/pickapu/Documents/PyCharmMiscProject/deepfake-ViT/test_data_v3/DiT/fake/DiT__DiT_id16_0005__25564.png,1
/Users/pickapu/Documents/PyCharmMiscProject/deepfake-ViT/test_data_v3/real/real__063__479.png,0
/Users/pickapu/Documents/PyCharmMiscProject/deepfake-ViT/test_data_v3/real/real__669__251.png,0
/Users/pickapu/Documents/PyCharmMiscProject/deepfake-ViT/test_data_v3/DiT/fake/DiT__DiT_id30_0009__20327.png,1
/Users/pickapu/Documents/PyCharmMiscProject/deepfake-ViT/test_data_v3/real/real__102__200.png,0
/Users/pickapu/Documents/PyCharmMiscProject/deepfake-ViT/test_data_v3/DiT/fake/DiT__DiT_00089__2572.png,1
/Users/pickapu/Documents/PyCharmMiscProject/deepfake-ViT/test_data_v3/DiT/fake/DiT__DiT_id9_0006__21257.png,1
/Users/pickapu/Documents/PyCharmMiscProject/deepfake-ViT/test_data_v3/real/real__411__272.png,0
/Users/pickapu/Documents/PyCharmMiscProject/deepfake-ViT/test_data_v3/DiT/fake/DiT__00193__22970.png,1
/Users/pickapu/Documents/PyCharmMiscProject/deepfake-ViT/test_data_v3/DiT/fake/DiT__DiT_id23_0009__24783.png,1
/Users/pickapu/Documents/PyCharmMiscProject/deepfake-ViT/test_data_v3/real/real__909__328.png,0
/Users/pickapu/Documents/PyCharmMiscProject/deepfake-ViT/test_data_v3/DiT/fake/DiT__399__2195.png,1
/Users/pickapu/Documents/PyCharmMiscProject/deepfake-ViT/test_data_v3/real/real__350__208.png,0
/Users/pickapu/Documents/PyCharmMiscProject/deepfake-ViT/test_data_v3/DiT/fake/DiT__DiT_id3_0005__2202.png,1
/Users/pickapu/Documents/PyCharmMiscProject/deepfake-ViT/test_data_v3/DiT/fake/DiT__705__2044.png,1
/Users/pickapu/Documents/PyCharmMiscProject/deepfake-ViT/test_data_v3/real/real__566__372.png,0
/Users/pickapu/Documents/PyCharmMiscProject/deepfake-ViT/test_data_v3/real/real__00252__160.png,0
/Users/pickapu/Documents/PyCharmMiscProject/deepfake-ViT/test_data_v3/DiT/fake/DiT__DiT_id23_0002__23720.png,1
/Users/pickapu/Documents/PyCharmMiscProject/deepfake-ViT/test_data_v3/DiT/fake/DiT__755__20435.png,1
/Users/pickapu/Documents/PyCharmMiscProject/deepfake-ViT/test_data_v3/DiT/fake/DiT__00244__23448.png,1
/Users/pickapu/Documents/PyCharmMiscProject/deepfake-ViT/test_data_v3/real/real__291__169.png,0
/Users/pickapu/Documents/PyCharmMiscProject/deepfake-ViT/test_data_v3/real/real__id22_0000__102.png,0
/Users/pickapu/Documents/PyCharmMiscProject/deepfake-ViT/test_data_v3/real/real__009__302.png,0
/Users/pickapu/Documents/PyCharmMiscProject/deepfake-ViT/test_data_v3/DiT/fake/DiT__924__19919.png,1
/Users/pickapu/Documents/PyCharmMiscProject/deepfake-ViT/test_data_v3/DiT/fake/DiT__DiT_id7_0008__21133.png,1
/Users/pickapu/Documents/PyCharmMiscProject/deepfake-ViT/test_data_v3/real/real__id13_0011__240.png,0
/Users/pickapu/Documents/PyCharmMiscProject/deepfake-ViT/test_data_v3/DiT/fake/DiT__DiT_id40_0002__26355.png,1
/Users/pickapu/Documents/PyCharmMiscProject/deepfake-ViT/test_data_v3/DiT/fake/DiT__623__2018.png,1
/Users/pickapu/Documents/PyCharmMiscProject/deepfake-ViT/test_data_v3/DiT/fake/DiT__DiT_00221__26276.png,1
/Users/pickapu/Documents/PyCharmMiscProject/deepfake-ViT/test_data_v3/real/real__id48_0003__161.png,0
/Users/pickapu/Documents/PyCharmMiscProject/deepfake-ViT/test_data_v3/DiT/fake/DiT__DiT_id16_0012__21541.png,1
/Users/pickapu/Documents/PyCharmMiscProject/deepfake-ViT/test_data_v3/real/real__494__413.png,0
/Users/pickapu/Documents/PyCharmMiscProject/deepfake-ViT/test_data_v3/DiT/fake/DiT__DiT_id13_0012__22728.png,1
/Users/pickapu/Documents/PyCharmMiscProject/deepfake-ViT/test_data_v3/DiT/fake/DiT__278__19923.png,1
/Users/pickapu/Documents/PyCharmMiscProject/deepfake-ViT/test_data_v3/real/real__508__310.png,0
/Users/pickapu/Documents/PyCharmMiscProject/deepfake-ViT/test_data_v3/DiT/fake/DiT__DiT_00034__25443.png,1
/Users/pickapu/Documents/PyCharmMiscProject/deepfake-ViT/test_data_v3/DiT/fake/DiT__DiT_id36_0007__20387.png,1
/Users/pickapu/Documents/PyCharmMiscProject/deepfake-ViT/test_data_v3/DiT/fake/DiT__DiT_00185__21738.png,1
/Users/pickapu/Documents/PyCharmMiscProject/deepfake-ViT/test_data_v3/DiT/fake/DiT__DiT_00064__21858.png,1
/Users/pickapu/Documents/PyCharmMiscProject/deepfake-ViT/test_data_v3/real/real__435__245.png,0
/Users/pickapu/Documents/PyCharmMiscProject/deepfake-ViT/test_data_v3/real/real__277__498.png,0
/Users/pickapu/Documents/PyCharmMiscProject/deepfake-ViT/test_data_v3/DiT/fake/DiT__00273__22140.png,1
/Users/pickapu/Documents/PyCharmMiscProject/deepfake-ViT/test_data_v3/real/real__022__167.png,0
/Users/pickapu/Documents/PyCharmMiscProject/deepfake-ViT/test_data_v3/DiT/fake/DiT__DiT_id4_0006__25291.png,1
/Users/pickapu/Documents/PyCharmMiscProject/deepfake-ViT/test_data_v3/real/real__304__314.png,0
/Users/pickapu/Documents/PyCharmMiscProject/deepfake-ViT/test_data_v3/DiT/fake/DiT__00133__242.png,1
/Users/pickapu/Documents/PyCharmMiscProject/deepfake-ViT/test_data_v3/DiT/fake/DiT__DiT_00218__21267.png,1
/Users/pickapu/Documents/PyCharmMiscProject/deepfake-ViT/test_data_v3/DiT/fake/DiT__DiT_id44_0002__23599.png,1
/Users/pickapu/Documents/PyCharmMiscProject/deepfake-ViT/test_data_v3/DiT/fake/DiT__DiT_id54_0000__22379.png,1
/Users/pickapu/Documents/PyCharmMiscProject/deepfake-ViT/test_data_v3/DiT/fake/DiT__DiT_id49_0000__22065.png,1
/Users/pickapu/Documents/PyCharmMiscProject/deepfake-ViT/test_data_v3/real/real__987__296.png,0
/Users/pickapu/Documents/PyCharmMiscProject/deepfake-ViT/test_data_v3/DiT/fake/DiT__id13_0011__23900.png,1
/Users/pickapu/Documents/PyCharmMiscProject/deepfake-ViT/test_data_v3/real/real__574__261.png,0
/Users/pickapu/Documents/PyCharmMiscProject/deepfake-ViT/test_data_v3/DiT/fake/DiT__DiT_id19_0004__22698.png,1
/Users/pickapu/Documents/PyCharmMiscProject/deepfake-ViT/test_data_v3/real/real__003__155.png,0
/Users/pickapu/Documents/PyCharmMiscProject/deepfake-ViT/test_data_v3/real/real__639__341.png,0
/Users/pickapu/Documents/PyCharmMiscProject/deepfake-ViT/test_data_v3/DiT/fake/DiT__DiT_00173__2040.png,1
/Users/pickapu/Documents/PyCharmMiscProject/deepfake-ViT/test_data_v3/real/real__676__265.png,0
/Users/pickapu/Documents/PyCharmMiscProject/deepfake-ViT/test_data_v3/DiT/fake/DiT__DiT_id19_0009__25011.png,1
/Users/pickapu/Documents/PyCharmMiscProject/deepfake-ViT/test_data_v3/DiT/fake/DiT__420__20703.png,1
/Users/pickapu/Documents/PyCharmMiscProject/deepfake-ViT/test_data_v3/DiT/fake/DiT__DiT_id52_0000__25133.png,1
/Users/pickapu/Documents/PyCharmMiscProject/deepfake-ViT/test_data_v3/DiT/fake/DiT__DiT_id0_0006__21889.png,1
/Users/pickapu/Documents/PyCharmMiscProject/deepfake-ViT/test_data_v3/real/real__783__207.png,0
/Users/pickapu/Documents/PyCharmMiscProject/deepfake-ViT/test_data_v3/real/real__id37_0004__190.png,0
/Users/pickapu/Documents/PyCharmMiscProject/deepfake-ViT/test_data_v3/real/real__871__179.png,0
/Users/pickapu/Documents/PyCharmMiscProject/deepfake-ViT/test_data_v3/real/real__id1_0006__260.png,0
/Users/pickapu/Documents/PyCharmMiscProject/deepfake-ViT/test_data_v3/real/real__402__217.png,0
/Users/pickapu/Documents/PyCharmMiscProject/deepfake-ViT/test_data_v3/DiT/fake/DiT__DiT_id34_0008__22392.png,1
/Users/pickapu/Documents/PyCharmMiscProject/deepfake-ViT/test_data_v3/DiT/fake/DiT__00168__19301.png,1
/Users/pickapu/Documents/PyCharmMiscProject/deepfake-ViT/test_data_v3/real/real__00266__169.png,0
/Users/pickapu/Documents/PyCharmMiscProject/deepfake-ViT/test_data_v3/real/real__090__354.png,0
/Users/pickapu/Documents/PyCharmMiscProject/deepfake-ViT/test_data_v3/real/real__868__221.png,0
/Users/pickapu/Documents/PyCharmMiscProject/deepfake-ViT/test_data_v3/real/real__646__226.png,0
/Users/pickapu/Documents/PyCharmMiscProject/deepfake-ViT/test_data_v3/DiT/fake/DiT__DiT_id40_0004__23734.png,1
/Users/pickapu/Documents/PyCharmMiscProject/deepfake-ViT/test_data_v3/DiT/fake/DiT__id24_0009__21390.png,1
/Users/pickapu/Documents/PyCharmMiscProject/deepfake-ViT/test_data_v3/DiT/fake/DiT__DiT_id41_0006__2588.png,1
/Users/pickapu/Documents/PyCharmMiscProject/deepfake-ViT/test_data_v3/DiT/fake/DiT__220__17205.png,1
/Users/pickapu/Documents/PyCharmMiscProject/deepfake-ViT/test_data_v3/DiT/fake/DiT__DiT_id13_0007__22960.png,1
/Users/pickapu/Documents/PyCharmMiscProject/deepfake-ViT/test_data_v3/real/real__239__302.png,0
/Users/pickapu/Documents/PyCharmMiscProject/deepfake-ViT/test_data_v3/DiT/fake/DiT__DiT_00094__24062.png,1
/Users/pickapu/Documents/PyCharmMiscProject/deepfake-ViT/test_data_v3/DiT/fake/DiT__DiT_id53_0004__20968.png,1
/Users/pickapu/Documents/PyCharmMiscProject/deepfake-ViT/test_data_v3/DiT/fake/DiT__DiT_id35_0005__22314.png,1
/Users/pickapu/Documents/PyCharmMiscProject/deepfake-ViT/test_data_v3/real/real__204__265.png,0
/Users/pickapu/Documents/PyCharmMiscProject/deepfake-ViT/test_data_v3/DiT/fake/DiT__DiT_id11_0004__26928.png,1
/Users/pickapu/Documents/PyCharmMiscProject/deepfake-ViT/test_data_v3/DiT/fake/DiT__id11_0006__24539.png,1
/Users/pickapu/Documents/PyCharmMiscProject/deepfake-ViT/test_data_v3/real/real__587__322.png,0
/Users/pickapu/Documents/PyCharmMiscProject/deepfake-ViT/test_data_v3/real/real__755__172.png,0
/Users/pickapu/Documents/PyCharmMiscProject/deepfake-ViT/test_data_v3/DiT/fake/DiT__026__19944.png,1
/Users/pickapu/Documents/PyCharmMiscProject/deepfake-ViT/test_data_v3/real/real__816__211.png,0
/Users/pickapu/Documents/PyCharmMiscProject/deepfake-ViT/test_data_v3/real/real__244__286.png,0
/Users/pickapu/Documents/PyCharmMiscProject/deepfake-ViT/test_data_v3/DiT/fake/DiT__id19_0007__21361.png,1
/Users/pickapu/Documents/PyCharmMiscProject/deepfake-ViT/test_data_v3/real/real__862__242.png,0
/Users/pickapu/Documents/PyCharmMiscProject/deepfake-ViT/test_data_v3/DiT/fake/DiT__00021__21151.png,1
/Users/pickapu/Documents/PyCharmMiscProject/deepfake-ViT/test_data_v3/DiT/fake/DiT__DiT_id31_0001__24052.png,1
/Users/pickapu/Documents/PyCharmMiscProject/deepfake-ViT/test_data_v3/DiT/fake/DiT__DiT_id45_0006__2313.png,1
/Users/pickapu/Documents/PyCharmMiscProject/deepfake-ViT/test_data_v3/DiT/fake/DiT__669__18747.png,1
/Users/pickapu/Documents/PyCharmMiscProject/deepfake-ViT/test_data_v3/real/real__731__401.png,0
/Users/pickapu/Documents/PyCharmMiscProject/deepfake-ViT/test_data_v3/real/real__551__374.png,0
/Users/pickapu/Documents/PyCharmMiscProject/deepfake-ViT/test_data_v3/real/real__709__154.png,0
/Users/pickapu/Documents/PyCharmMiscProject/deepfake-ViT/test_data_v3/real/real__474__142.png,0
/Users/pickapu/Documents/PyCharmMiscProject/deepfake-ViT/test_data_v3/real/real__206__368.png,0
/Users/pickapu/Documents/PyCharmMiscProject/deepfake-ViT/test_data_v3/DiT/fake/DiT__670__20665.png,1
/Users/pickapu/Documents/PyCharmMiscProject/deepfake-ViT/test_data_v3/DiT/fake/DiT__00061__22172.png,1
/Users/pickapu/Documents/PyCharmMiscProject/deepfake-ViT/test_data_v3/DiT/fake/DiT__00266__27852.png,1
/Users/pickapu/Documents/PyCharmMiscProject/deepfake-ViT/test_data_v3/real/real__473__295.png,0
/Users/pickapu/Documents/PyCharmMiscProject/deepfake-ViT/test_data_v3/DiT/fake/DiT__DiT_id55_0008__22658.png,1
/Users/pickapu/Documents/PyCharmMiscProject/deepfake-ViT/test_data_v3/DiT/fake/DiT__id19_0005__21542.png,1
/Users/pickapu/Documents/PyCharmMiscProject/deepfake-ViT/test_data_v3/real/real__385__179.png,0
/Users/pickapu/Documents/PyCharmMiscProject/deepfake-ViT/test_data_v3/DiT/fake/DiT__DiT_id49_0009__19935.png,1
/Users/pickapu/Documents/PyCharmMiscProject/deepfake-ViT/test_data_v3/DiT/fake/DiT__id1_0008__20071.png,1
/Users/pickapu/Documents/PyCharmMiscProject/deepfake-ViT/test_data_v3/DiT/fake/DiT__DiT_id0_0008__22889.png,1
/Users/pickapu/Documents/PyCharmMiscProject/deepfake-ViT/test_data_v3/DiT/fake/DiT__725__18655.png,1
/Users/pickapu/Documents/PyCharmMiscProject/deepfake-ViT/test_data_v3/real/real__046__259.png,0
/Users/pickapu/Documents/PyCharmMiscProject/deepfake-ViT/test_data_v3/DiT/fake/DiT__DiT_id16_0006__2364.png,1
/Users/pickapu/Documents/PyCharmMiscProject/deepfake-ViT/test_data_v3/real/real__740__179.png,0
/Users/pickapu/Documents/PyCharmMiscProject/deepfake-ViT/test_data_v3/real/real__963__356.png,0
/Users/pickapu/Documents/PyCharmMiscProject/deepfake-ViT/test_data_v3/real/real__id2_0001__193.png,0
/Users/pickapu/Documents/PyCharmMiscProject/deepfake-ViT/test_data_v3/real/real__756__293.png,0
/Users/pickapu/Documents/PyCharmMiscProject/deepfake-ViT/test_data_v3/DiT/fake/DiT__DiT_00153__23251.png,1
/Users/pickapu/Documents/PyCharmMiscProject/deepfake-ViT/test_data_v3/real/real__107__286.png,0
/Users/pickapu/Documents/PyCharmMiscProject/deepfake-ViT/test_data_v3/DiT/fake/DiT__DiT_00032__21547.png,1
/Users/pickapu/Documents/PyCharmMiscProject/deepfake-ViT/test_data_v3/DiT/fake/DiT__DiT_00247__20639.png,1
/Users/pickapu/Documents/PyCharmMiscProject/deepfake-ViT/test_data_v3/real/real__034__209.png,0
/Users/pickapu/Documents/PyCharmMiscProject/deepfake-ViT/test_data_v3/real/real__00193__181.png,0
/Users/pickapu/Documents/PyCharmMiscProject/deepfake-ViT/test_data_v3/DiT/fake/DiT__DiT_00125__2210.png,1
/Users/pickapu/Documents/PyCharmMiscProject/deepfake-ViT/test_data_v3/DiT/fake/DiT__DiT_id61_0005__24318.png,1
/Users/pickapu/Documents/PyCharmMiscProject/deepfake-ViT/test_data_v3/DiT/fake/DiT__DiT_id21_0007__23822.png,1
/Users/pickapu/Documents/PyCharmMiscProject/deepfake-ViT/test_data_v3/DiT/fake/DiT__id32_0003__21645.png,1
/Users/pickapu/Documents/PyCharmMiscProject/deepfake-ViT/test_data_v3/real/real__193__191.png,0
/Users/pickapu/Documents/PyCharmMiscProject/deepfake-ViT/test_data_v3/DiT/fake/DiT__00284__23447.png,1
/Users/pickapu/Documents/PyCharmMiscProject/deepfake-ViT/test_data_v3/DiT/fake/DiT__id52_0002__24594.png,1
/Users/pickapu/Documents/PyCharmMiscProject/deepfake-ViT/test_data_v3/DiT/fake/DiT__id13_0013__26668.png,1
/Users/pickapu/Documents/PyCharmMiscProject/deepfake-ViT/test_data_v3/real/real__020__200.png,0
/Users/pickapu/Documents/PyCharmMiscProject/deepfake-ViT/test_data_v3/DiT/fake/DiT__DiT_id50_0002__22441.png,1
/Users/pickapu/Documents/PyCharmMiscProject/deepfake-ViT/test_data_v3/real/real__998__177.png,0
/Users/pickapu/Documents/PyCharmMiscProject/deepfake-ViT/test_data_v3/real/real__552__155.png,0
/Users/pickapu/Documents/PyCharmMiscProject/deepfake-ViT/test_data_v3/real/real__053__214.png,0
/Users/pickapu/Documents/PyCharmMiscProject/deepfake-ViT/test_data_v3/real/real__232__295.png,0
/Users/pickapu/Documents/PyCharmMiscProject/deepfake-ViT/test_data_v3/real/real__130__341.png,0
/Users/pickapu/Documents/PyCharmMiscProject/deepfake-ViT/test_data_v3/real/real__166__389.png,0
/Users/pickapu/Documents/PyCharmMiscProject/deepfake-ViT/test_data_v3/real/real__908__343.png,0
/Users/pickapu/Documents/PyCharmMiscProject/deepfake-ViT/test_data_v3/DiT/fake/DiT__701__20178.png,1
/Users/pickapu/Documents/PyCharmMiscProject/deepfake-ViT/test_data_v3/real/real__289__307.png,0
/Users/pickapu/Documents/PyCharmMiscProject/deepfake-ViT/test_data_v3/DiT/fake/DiT__DiT_00038__23294.png,1
/Users/pickapu/Documents/PyCharmMiscProject/deepfake-ViT/test_data_v3/real/real__248__255.png,0
/Users/pickapu/Documents/PyCharmMiscProject/deepfake-ViT/test_data_v3/DiT/fake/DiT__DiT_id9_0002__20558.png,1
/Users/pickapu/Documents/PyCharmMiscProject/deepfake-ViT/test_data_v3/real/real__849__165.png,0
/Users/pickapu/Documents/PyCharmMiscProject/deepfake-ViT/test_data_v3/DiT/fake/DiT__DiT_id17_0008__23299.png,1
/Users/pickapu/Documents/PyCharmMiscProject/deepfake-ViT/test_data_v3/real/real__553__187.png,0
/Users/pickapu/Documents/PyCharmMiscProject/deepfake-ViT/test_data_v3/real/real__520__180.png,0
/Users/pickapu/Documents/PyCharmMiscProject/deepfake-ViT/test_data_v3/DiT/fake/DiT__DiT_id9_0003__27828.png,1
/Users/pickapu/Documents/PyCharmMiscProject/deepfake-ViT/test_data_v3/DiT/fake/DiT__id26_0008__22452.png,1
/Users/pickapu/Documents/PyCharmMiscProject/deepfake-ViT/test_data_v3/real/real__915__181.png,0
/Users/pickapu/Documents/PyCharmMiscProject/deepfake-ViT/test_data_v3/real/real__630__217.png,0
/Users/pickapu/Documents/PyCharmMiscProject/deepfake-ViT/test_data_v3/real/real__713__271.png,0
/Users/pickapu/Documents/PyCharmMiscProject/deepfake-ViT/test_data_v3/real/real__071__233.png,0
/Users/pickapu/Documents/PyCharmMiscProject/deepfake-ViT/test_data_v3/DiT/fake/DiT__DiT_00028__19057.png,1
/Users/pickapu/Documents/PyCharmMiscProject/deepfake-ViT/test_data_v3/DiT/fake/DiT__896__18370.png,1
/Users/pickapu/Documents/PyCharmMiscProject/deepfake-ViT/test_data_v3/DiT/fake/DiT__DiT_id48_0008__24386.png,1
/Users/pickapu/Documents/PyCharmMiscProject/deepfake-ViT/test_data_v3/real/real__072__160.png,0
/Users/pickapu/Documents/PyCharmMiscProject/deepfake-ViT/test_data_v3/real/real__921__152.png,0
/Users/pickapu/Documents/PyCharmMiscProject/deepfake-ViT/test_data_v3/real/real__067__277.png,0
/Users/pickapu/Documents/PyCharmMiscProject/deepfake-ViT/test_data_v3/DiT/fake/DiT__id51_0006__231.png,1
/Users/pickapu/Documents/PyCharmMiscProject/deepfake-ViT/test_data_v3/real/real__305__434.png,0
/Users/pickapu/Documents/PyCharmMiscProject/deepfake-ViT/test_data_v3/real/real__342__155.png,0
/Users/pickapu/Documents/PyCharmMiscProject/deepfake-ViT/test_data_v3/real/real__580__150.png,0
/Users/pickapu/Documents/PyCharmMiscProject/deepfake-ViT/test_data_v3/real/real__027__151.png,0
/Users/pickapu/Documents/PyCharmMiscProject/deepfake-ViT/test_data_v3/real/real__010__244.png,0
/Users/pickapu/Documents/PyCharmMiscProject/deepfake-ViT/test_data_v3/real/real__id36_0008__238.png,0
/Users/pickapu/Documents/PyCharmMiscProject/deepfake-ViT/test_data_v3/real/real__727__285.png,0
/Users/pickapu/Documents/PyCharmMiscProject/deepfake-ViT/test_data_v3/real/real__id2_0008__265.png,0
/Users/pickapu/Documents/PyCharmMiscProject/deepfake-ViT/test_data_v3/real/real__537__198.png,0
/Users/pickapu/Documents/PyCharmMiscProject/deepfake-ViT/test_data_v3/DiT/fake/DiT__DiT_id28_0001__22274.png,1
/Users/pickapu/Documents/PyCharmMiscProject/deepfake-ViT/test_data_v3/real/real__018__222.png,0
/Users/pickapu/Documents/PyCharmMiscProject/deepfake-ViT/test_data_v3/DiT/fake/DiT__DiT_id47_0000__23177.png,1
/Users/pickapu/Documents/PyCharmMiscProject/deepfake-ViT/test_data_v3/real/real__187__508.png,0
/Users/pickapu/Documents/PyCharmMiscProject/deepfake-ViT/test_data_v3/DiT/fake/DiT__DiT_id50_0007__2312.png,1
/Users/pickapu/Documents/PyCharmMiscProject/deepfake-ViT/test_data_v3/DiT/fake/DiT__id10_0007__25970.png,1
/Users/pickapu/Documents/PyCharmMiscProject/deepfake-ViT/test_data_v3/DiT/fake/DiT__DiT_00145__281.png,1
/Users/pickapu/Documents/PyCharmMiscProject/deepfake-ViT/test_data_v3/DiT/fake/DiT__DiT_id56_0005__22666.png,1
/Users/pickapu/Documents/PyCharmMiscProject/deepfake-ViT/test_data_v3/real/real__819__477.png,0
/Users/pickapu/Documents/PyCharmMiscProject/deepfake-ViT/test_data_v3/DiT/fake/DiT__DiT_id33_0009__27249.png,1
/Users/pickapu/Documents/PyCharmMiscProject/deepfake-ViT/test_data_v3/DiT/fake/DiT__id51_0001__2135.png,1
/Users/pickapu/Documents/PyCharmMiscProject/deepfake-ViT/test_data_v3/real/real__670__247.png,0
/Users/pickapu/Documents/PyCharmMiscProject/deepfake-ViT/test_data_v3/real/real__986__426.png,0
/Users/pickapu/Documents/PyCharmMiscProject/deepfake-ViT/test_data_v3/real/real__774__161.png,0
/Users/pickapu/Documents/PyCharmMiscProject/deepfake-ViT/test_data_v3/real/real__254__219.png,0
/Users/pickapu/Documents/PyCharmMiscProject/deepfake-ViT/test_data_v3/DiT/fake/DiT__660__18546.png,1
/Users/pickapu/Documents/PyCharmMiscProject/deepfake-ViT/test_data_v3/real/real__337__170.png,0
/Users/pickapu/Documents/PyCharmMiscProject/deepfake-ViT/test_data_v3/real/real__579__245.png,0
/Users/pickapu/Documents/PyCharmMiscProject/deepfake-ViT/test_data_v3/real/real__00260__162.png,0
/Users/pickapu/Documents/PyCharmMiscProject/deepfake-ViT/test_data_v3/DiT/fake/DiT__DiT_id39_0002__22829.png,1
/Users/pickapu/Documents/PyCharmMiscProject/deepfake-ViT/test_data_v3/real/real__076__169.png,0
/Users/pickapu/Documents/PyCharmMiscProject/deepfake-ViT/test_data_v3/DiT/fake/DiT__DiT_id55_0005__19649.png,1
/Users/pickapu/Documents/PyCharmMiscProject/deepfake-ViT/test_data_v3/DiT/fake/DiT__DiT_id37_0003__21943.png,1
/Users/pickapu/Documents/PyCharmMiscProject/deepfake-ViT/test_data_v3/real/real__790__355.png,0
/Users/pickapu/Documents/PyCharmMiscProject/deepfake-ViT/test_data_v3/real/real__id43_0001__175.png,0
/Users/pickapu/Documents/PyCharmMiscProject/deepfake-ViT/test_data_v3/DiT/fake/DiT__DiT_00041__2517.png,1
/Users/pickapu/Documents/PyCharmMiscProject/deepfake-ViT/test_data_v3/real/real__806__154.png,0
/Users/pickapu/Documents/PyCharmMiscProject/deepfake-ViT/test_data_v3/real/real__448__272.png,0
/Users/pickapu/Documents/PyCharmMiscProject/deepfake-ViT/test_data_v3/real/real__898__179.png,0
/Users/pickapu/Documents/PyCharmMiscProject/deepfake-ViT/test_data_v3/DiT/fake/DiT__DiT_id40_0005__21631.png,1
/Users/pickapu/Documents/PyCharmMiscProject/deepfake-ViT/test_data_v3/DiT/fake/DiT__376__19560.png,1
/Users/pickapu/Documents/PyCharmMiscProject/deepfake-ViT/test_data_v3/DiT/fake/DiT__DiT_id61_0006__25072.png,1
/Users/pickapu/Documents/PyCharmMiscProject/deepfake-ViT/test_data_v3/DiT/fake/DiT__DiT_id1_0004__20894.png,1
/Users/pickapu/Documents/PyCharmMiscProject/deepfake-ViT/test_data_v3/real/real__00277__239.png,0
/Users/pickapu/Documents/PyCharmMiscProject/deepfake-ViT/test_data_v3/DiT/fake/DiT__DiT_00083__23185.png,1
/Users/pickapu/Documents/PyCharmMiscProject/deepfake-ViT/test_data_v3/DiT/fake/DiT__DiT_00079__21148.png,1
/Users/pickapu/Documents/PyCharmMiscProject/deepfake-ViT/test_data_v3/real/real__00092__282.png,0
/Users/pickapu/Documents/PyCharmMiscProject/deepfake-ViT/test_data_v3/DiT/fake/DiT__DiT_id3_0007__21372.png,1
/Users/pickapu/Documents/PyCharmMiscProject/deepfake-ViT/test_data_v3/DiT/fake/DiT__DiT_id53_0002__27117.png,1
/Users/pickapu/Documents/PyCharmMiscProject/deepfake-ViT/test_data_v3/real/real__722__203.png,0
/Users/pickapu/Documents/PyCharmMiscProject/deepfake-ViT/test_data_v3/DiT/fake/DiT__DiT_id26_0001__24169.png,1
/Users/pickapu/Documents/PyCharmMiscProject/deepfake-ViT/test_data_v3/real/real__00279__233.png,0
/Users/pickapu/Documents/PyCharmMiscProject/deepfake-ViT/test_data_v3/real/real__737__189.png,0
/Users/pickapu/Documents/PyCharmMiscProject/deepfake-ViT/test_data_v3/real/real__300__308.png,0
/Users/pickapu/Documents/PyCharmMiscProject/deepfake-ViT/test_data_v3/real/real__884__176.png,0
/Users/pickapu/Documents/PyCharmMiscProject/deepfake-ViT/test_data_v3/DiT/fake/DiT__id36_0000__24363.png,1
/Users/pickapu/Documents/PyCharmMiscProject/deepfake-ViT/test_data_v3/real/real__879__432.png,0
/Users/pickapu/Documents/PyCharmMiscProject/deepfake-ViT/test_data_v3/real/real__556__191.png,0
/Users/pickapu/Documents/PyCharmMiscProject/deepfake-ViT/test_data_v3/real/real__302__451.png,0
/Users/pickapu/Documents/PyCharmMiscProject/deepfake-ViT/test_data_v3/DiT/fake/DiT__00264__22319.png,1
/Users/pickapu/Documents/PyCharmMiscProject/deepfake-ViT/test_data_v3/real/real__772__175.png,0
/Users/pickapu/Documents/PyCharmMiscProject/deepfake-ViT/test_data_v3/real/real__id50_0006__231.png,0
/Users/pickapu/Documents/PyCharmMiscProject/deepfake-ViT/test_data_v3/real/real__id19_0005__165.png,0
/Users/pickapu/Documents/PyCharmMiscProject/deepfake-ViT/test_data_v3/real/real__id39_0005__128.png,0
/Users/pickapu/Documents/PyCharmMiscProject/deepfake-ViT/test_data_v3/real/real__00286__223.png,0
/Users/pickapu/Documents/PyCharmMiscProject/deepfake-ViT/test_data_v3/DiT/fake/DiT__DiT_00049__24375.png,1
/Users/pickapu/Documents/PyCharmMiscProject/deepfake-ViT/test_data_v3/DiT/fake/DiT__DiT_id24_0002__23671.png,1
/Users/pickapu/Documents/PyCharmMiscProject/deepfake-ViT/test_data_v3/DiT/fake/DiT__DiT_id45_0002__20038.png,1
/Users/pickapu/Documents/PyCharmMiscProject/deepfake-ViT/test_data_v3/real/real__933__254.png,0
/Users/pickapu/Documents/PyCharmMiscProject/deepfake-ViT/test_data_v3/DiT/fake/DiT__00119__20622.png,1
/Users/pickapu/Documents/PyCharmMiscProject/deepfake-ViT/test_data_v3/real/real__286__344.png,0
/Users/pickapu/Documents/PyCharmMiscProject/deepfake-ViT/test_data_v3/real/real__381__297.png,0
/Users/pickapu/Documents/PyCharmMiscProject/deepfake-ViT/test_data_v3/real/real__904__184.png,0
/Users/pickapu/Documents/PyCharmMiscProject/deepfake-ViT/test_data_v3/DiT/fake/DiT__257__1521.png,1
/Users/pickapu/Documents/PyCharmMiscProject/deepfake-ViT/test_data_v3/real/real__632__219.png,0
/Users/pickapu/Documents/PyCharmMiscProject/deepfake-ViT/test_data_v3/real/real__id13_0013__236.png,0
/Users/pickapu/Documents/PyCharmMiscProject/deepfake-ViT/test_data_v3/real/real__377__204.png,0
/Users/pickapu/Documents/PyCharmMiscProject/deepfake-ViT/test_data_v3/DiT/fake/DiT__DiT_id4_0007__22713.png,1
/Users/pickapu/Documents/PyCharmMiscProject/deepfake-ViT/test_data_v3/real/real__00268__160.png,0
/Users/pickapu/Documents/PyCharmMiscProject/deepfake-ViT/test_data_v3/real/real__426__172.png,0
/Users/pickapu/Documents/PyCharmMiscProject/deepfake-ViT/test_data_v3/DiT/fake/DiT__DiT_id59_0003__19804.png,1
/Users/pickapu/Documents/PyCharmMiscProject/deepfake-ViT/test_data_v3/real/real__840__433.png,0
/Users/pickapu/Documents/PyCharmMiscProject/deepfake-ViT/test_data_v3/DiT/fake/DiT__DiT_00137__22398.png,1
/Users/pickapu/Documents/PyCharmMiscProject/deepfake-ViT/test_data_v3/DiT/fake/DiT__00262__22422.png,1
/Users/pickapu/Documents/PyCharmMiscProject/deepfake-ViT/test_data_v3/real/real__563__200.png,0
/Users/pickapu/Documents/PyCharmMiscProject/deepfake-ViT/test_data_v3/DiT/fake/DiT__306__2692.png,1
/Users/pickapu/Documents/PyCharmMiscProject/deepfake-ViT/test_data_v3/DiT/fake/DiT__DiT_00242__3058.png,1
/Users/pickapu/Documents/PyCharmMiscProject/deepfake-ViT/test_data_v3/DiT/fake/DiT__DiT_00163__26373.png,1
/Users/pickapu/Documents/PyCharmMiscProject/deepfake-ViT/test_data_v3/DiT/fake/DiT__650__18983.png,1
/Users/pickapu/Documents/PyCharmMiscProject/deepfake-ViT/test_data_v3/DiT/fake/DiT__DiT_id6_0004__23135.png,1
/Users/pickapu/Documents/PyCharmMiscProject/deepfake-ViT/test_data_v3/DiT/fake/DiT__445__17852.png,1
/Users/pickapu/Documents/PyCharmMiscProject/deepfake-ViT/test_data_v3/DiT/fake/DiT__DiT_00091__22975.png,1
/Users/pickapu/Documents/PyCharmMiscProject/deepfake-ViT/test_data_v3/DiT/fake/DiT__DiT_id59_0007__26868.png,1
/Users/pickapu/Documents/PyCharmMiscProject/deepfake-ViT/test_data_v3/real/real__167__175.png,0
/Users/pickapu/Documents/PyCharmMiscProject/deepfake-ViT/test_data_v3/real/real__841__267.png,0
/Users/pickapu/Documents/PyCharmMiscProject/deepfake-ViT/test_data_v3/DiT/fake/DiT__DiT_id50_0004__23877.png,1
/Users/pickapu/Documents/PyCharmMiscProject/deepfake-ViT/test_data_v3/real/real__148__244.png,0
/Users/pickapu/Documents/PyCharmMiscProject/deepfake-ViT/test_data_v3/real/real__124__163.png,0
/Users/pickapu/Documents/PyCharmMiscProject/deepfake-ViT/test_data_v3/real/real__376__265.png,0
/Users/pickapu/Documents/PyCharmMiscProject/deepfake-ViT/test_data_v3/real/real__266__239.png,0
/Users/pickapu/Documents/PyCharmMiscProject/deepfake-ViT/test_data_v3/DiT/fake/DiT__DiT_id48_0009__2268.png,1
/Users/pickapu/Documents/PyCharmMiscProject/deepfake-ViT/test_data_v3/DiT/fake/DiT__529__20515.png,1
/Users/pickapu/Documents/PyCharmMiscProject/deepfake-ViT/test_data_v3/DiT/fake/DiT__id43_0001__20116.png,1
/Users/pickapu/Documents/PyCharmMiscProject/deepfake-ViT/test_data_v3/real/real__00273__165.png,0
/Users/pickapu/Documents/PyCharmMiscProject/deepfake-ViT/test_data_v3/DiT/fake/DiT__DiT_id26_0007__2548.png,1
/Users/pickapu/Documents/PyCharmMiscProject/deepfake-ViT/test_data_v3/DiT/fake/DiT__DiT_00017__2597.png,1
/Users/pickapu/Documents/PyCharmMiscProject/deepfake-ViT/test_data_v3/DiT/fake/DiT__DiT_id11_0000__1877.png,1
/Users/pickapu/Documents/PyCharmMiscProject/deepfake-ViT/test_data_v3/real/real__763__418.png,0
/Users/pickapu/Documents/PyCharmMiscProject/deepfake-ViT/test_data_v3/real/real__815__232.png,0
/Users/pickapu/Documents/PyCharmMiscProject/deepfake-ViT/test_data_v3/real/real__854__151.png,0
/Users/pickapu/Documents/PyCharmMiscProject/deepfake-ViT/test_data_v3/DiT/fake/DiT__DiT_id11_0007__20792.png,1
/Users/pickapu/Documents/PyCharmMiscProject/deepfake-ViT/test_data_v3/real/real__531__153.png,0
/Users/pickapu/Documents/PyCharmMiscProject/deepfake-ViT/test_data_v3/DiT/fake/DiT__371__19952.png,1
/Users/pickapu/Documents/PyCharmMiscProject/deepfake-ViT/test_data_v3/real/real__528__194.png,0
/Users/pickapu/Documents/PyCharmMiscProject/deepfake-ViT/test_data_v3/DiT/fake/DiT__id32_0006__2001.png,1
/Users/pickapu/Documents/PyCharmMiscProject/deepfake-ViT/test_data_v3/real/real__00253__083.png,0
/Users/pickapu/Documents/PyCharmMiscProject/deepfake-ViT/test_data_v3/DiT/fake/DiT__DiT_id16_0000__24925.png,1
/Users/pickapu/Documents/PyCharmMiscProject/deepfake-ViT/test_data_v3/real/real__489__291.png,0
/Users/pickapu/Documents/PyCharmMiscProject/deepfake-ViT/test_data_v3/DiT/fake/DiT__367__243.png,1
/Users/pickapu/Documents/PyCharmMiscProject/deepfake-ViT/test_data_v3/real/real__406__263.png,0
/Users/pickapu/Documents/PyCharmMiscProject/deepfake-ViT/test_data_v3/DiT/fake/DiT__DiT_id42_0001__20410.png,1
/Users/pickapu/Documents/PyCharmMiscProject/deepfake-ViT/test_data_v3/real/real__123__264.png,0
/Users/pickapu/Documents/PyCharmMiscProject/deepfake-ViT/test_data_v3/real/real__id9_0000__230.png,0
/Users/pickapu/Documents/PyCharmMiscProject/deepfake-ViT/test_data_v3/DiT/fake/DiT__id1_0006__2837.png,1
/Users/pickapu/Documents/PyCharmMiscProject/deepfake-ViT/test_data_v3/real/real__308__258.png,0
/Users/pickapu/Documents/PyCharmMiscProject/deepfake-ViT/test_data_v3/real/real__836__176.png,0
/Users/pickapu/Documents/PyCharmMiscProject/deepfake-ViT/test_data_v3/DiT/fake/DiT__DiT_id27_0006__20767.png,1
/Users/pickapu/Documents/PyCharmMiscProject/deepfake-ViT/test_data_v3/DiT/fake/DiT__DiT_id51_0007__23589.png,1
/Users/pickapu/Documents/PyCharmMiscProject/deepfake-ViT/test_data_v3/DiT/fake/DiT__DiT_id46_0007__20508.png,1
/Users/pickapu/Documents/PyCharmMiscProject/deepfake-ViT/test_data_v3/DiT/fake/DiT__DiT_id39_0008__25841.png,1
/Users/pickapu/Documents/PyCharmMiscProject/deepfake-ViT/test_data_v3/real/real__535__343.png,0
/Users/pickapu/Documents/PyCharmMiscProject/deepfake-ViT/test_data_v3/DiT/fake/DiT__DiT_id17_0003__25989.png,1
/Users/pickapu/Documents/PyCharmMiscProject/deepfake-ViT/test_data_v3/real/real__id12_0005__161.png,0
/Users/pickapu/Documents/PyCharmMiscProject/deepfake-ViT/test_data_v3/real/real__434__162.png,0
/Users/pickapu/Documents/PyCharmMiscProject/deepfake-ViT/test_data_v3/real/real__875__217.png,0
/Users/pickapu/Documents/PyCharmMiscProject/deepfake-ViT/test_data_v3/real/real__184__363.png,0
/Users/pickapu/Documents/PyCharmMiscProject/deepfake-ViT/test_data_v3/real/real__876__161.png,0
/Users/pickapu/Documents/PyCharmMiscProject/deepfake-ViT/test_data_v3/DiT/fake/DiT__DiT_id46_0006__23119.png,1
/Users/pickapu/Documents/PyCharmMiscProject/deepfake-ViT/test_data_v3/DiT/fake/DiT__DiT_id13_0003__24353.png,1
/Users/pickapu/Documents/PyCharmMiscProject/deepfake-ViT/test_data_v3/DiT/fake/DiT__DiT_id59_0001__2475.png,1
/Users/pickapu/Documents/PyCharmMiscProject/deepfake-ViT/test_data_v3/DiT/fake/DiT__id28_0007__23118.png,1
/Users/pickapu/Documents/PyCharmMiscProject/deepfake-ViT/test_data_v3/DiT/fake/DiT__DiT_00029__21879.png,1
/Users/pickapu/Documents/PyCharmMiscProject/deepfake-ViT/test_data_v3/DiT/fake/DiT__DiT_id13_0006__21583.png,1
/Users/pickapu/Documents/PyCharmMiscProject/deepfake-ViT/test_data_v3/real/real__id31_0004__239.png,0
/Users/pickapu/Documents/PyCharmMiscProject/deepfake-ViT/test_data_v3/DiT/fake/DiT__DiT_00205__24232.png,1
/Users/pickapu/Documents/PyCharmMiscProject/deepfake-ViT/test_data_v3/real/real__682__497.png,0
/Users/pickapu/Documents/PyCharmMiscProject/deepfake-ViT/test_data_v3/DiT/fake/DiT__id44_0001__22120.png,1
/Users/pickapu/Documents/PyCharmMiscProject/deepfake-ViT/test_data_v3/real/real__028__223.png,0
/Users/pickapu/Documents/PyCharmMiscProject/deepfake-ViT/test_data_v3/DiT/fake/DiT__DiT_id25_0004__22997.png,1
/Users/pickapu/Documents/PyCharmMiscProject/deepfake-ViT/test_data_v3/DiT/fake/DiT__DiT_id41_0001__21563.png,1
/Users/pickapu/Documents/PyCharmMiscProject/deepfake-ViT/test_data_v3/DiT/fake/DiT__DiT_00161__21670.png,1
/Users/pickapu/Documents/PyCharmMiscProject/deepfake-ViT/test_data_v3/DiT/fake/DiT__DiT_id25_0001__25783.png,1
/Users/pickapu/Documents/PyCharmMiscProject/deepfake-ViT/test_data_v3/real/real__501__268.png,0
/Users/pickapu/Documents/PyCharmMiscProject/deepfake-ViT/test_data_v3/DiT/fake/DiT__DiT_id0_0000__26835.png,1
/Users/pickapu/Documents/PyCharmMiscProject/deepfake-ViT/test_data_v3/DiT/fake/DiT__DiT_00150__22003.png,1
/Users/pickapu/Documents/PyCharmMiscProject/deepfake-ViT/test_data_v3/real/real__00276__237.png,0
/Users/pickapu/Documents/PyCharmMiscProject/deepfake-ViT/test_data_v3/DiT/fake/DiT__00207__2339.png,1
/Users/pickapu/Documents/PyCharmMiscProject/deepfake-ViT/test_data_v3/DiT/fake/DiT__id36_0002__23103.png,1
/Users/pickapu/Documents/PyCharmMiscProject/deepfake-ViT/test_data_v3/DiT/fake/DiT__024__21062.png,1
/Users/pickapu/Documents/PyCharmMiscProject/deepfake-ViT/test_data_v3/real/real__403__364.png,0
/Users/pickapu/Documents/PyCharmMiscProject/deepfake-ViT/test_data_v3/DiT/fake/DiT__DiT_id58_0003__24447.png,1
/Users/pickapu/Documents/PyCharmMiscProject/deepfake-ViT/test_data_v3/DiT/fake/DiT__00092__19832.png,1
/Users/pickapu/Documents/PyCharmMiscProject/deepfake-ViT/test_data_v3/DiT/fake/DiT__id2_0003__24884.png,1
/Users/pickapu/Documents/PyCharmMiscProject/deepfake-ViT/test_data_v3/DiT/fake/DiT__488__19256.png,1
/Users/pickapu/Documents/PyCharmMiscProject/deepfake-ViT/test_data_v3/real/real__404__411.png,0
/Users/pickapu/Documents/PyCharmMiscProject/deepfake-ViT/test_data_v3/DiT/fake/DiT__DiT_id47_0001__23219.png,1
/Users/pickapu/Documents/PyCharmMiscProject/deepfake-ViT/test_data_v3/real/real__423__1754.png,0
/Users/pickapu/Documents/PyCharmMiscProject/deepfake-ViT/test_data_v3/DiT/fake/DiT__DiT_id54_0006__2139.png,1
/Users/pickapu/Documents/PyCharmMiscProject/deepfake-ViT/test_data_v3/real/real__814__283.png,0
/Users/pickapu/Documents/PyCharmMiscProject/deepfake-ViT/test_data_v3/real/real__607__233.png,0
/Users/pickapu/Documents/PyCharmMiscProject/deepfake-ViT/test_data_v3/real/real__315__156.png,0
/Users/pickapu/Documents/PyCharmMiscProject/deepfake-ViT/test_data_v3/DiT/fake/DiT__741__20686.png,1
/Users/pickapu/Documents/PyCharmMiscProject/deepfake-ViT/test_data_v3/DiT/fake/DiT__id48_0000__19926.png,1
/Users/pickapu/Documents/PyCharmMiscProject/deepfake-ViT/test_data_v3/real/real__586__195.png,0
/Users/pickapu/Documents/PyCharmMiscProject/deepfake-ViT/test_data_v3/real/real__252__294.png,0
/Users/pickapu/Documents/PyCharmMiscProject/deepfake-ViT/test_data_v3/DiT/fake/DiT__DiT_id41_0002__2543.png,1
/Users/pickapu/Documents/PyCharmMiscProject/deepfake-ViT/test_data_v3/DiT/fake/DiT__015__20117.png,1
/Users/pickapu/Documents/PyCharmMiscProject/deepfake-ViT/test_data_v3/DiT/fake/DiT__DiT_id47_0003__22029.png,1
/Users/pickapu/Documents/PyCharmMiscProject/deepfake-ViT/test_data_v3/real/real__409__185.png,0
/Users/pickapu/Documents/PyCharmMiscProject/deepfake-ViT/test_data_v3/real/real__554__426.png,0
/Users/pickapu/Documents/PyCharmMiscProject/deepfake-ViT/test_data_v3/DiT/fake/DiT__DiT_id4_0009__21693.png,1
/Users/pickapu/Documents/PyCharmMiscProject/deepfake-ViT/test_data_v3/real/real__825__281.png,0
/Users/pickapu/Documents/PyCharmMiscProject/deepfake-ViT/test_data_v3/real/real__367__334.png,0
/Users/pickapu/Documents/PyCharmMiscProject/deepfake-ViT/test_data_v3/real/real__942__254.png,0
/Users/pickapu/Documents/PyCharmMiscProject/deepfake-ViT/test_data_v3/DiT/fake/DiT__DiT_00293__21782.png,1
/Users/pickapu/Documents/PyCharmMiscProject/deepfake-ViT/test_data_v3/DiT/fake/DiT__DiT_id46_0008__23282.png,1
/Users/pickapu/Documents/PyCharmMiscProject/deepfake-ViT/test_data_v3/DiT/fake/DiT__DiT_00291__20012.png,1
/Users/pickapu/Documents/PyCharmMiscProject/deepfake-ViT/test_data_v3/real/real__811__279.png,0
/Users/pickapu/Documents/PyCharmMiscProject/deepfake-ViT/test_data_v3/DiT/fake/DiT__DiT_id52_0005__22984.png,1
/Users/pickapu/Documents/PyCharmMiscProject/deepfake-ViT/test_data_v3/real/real__747__242.png,0
/Users/pickapu/Documents/PyCharmMiscProject/deepfake-ViT/test_data_v3/DiT/fake/DiT__id9_0000__18501.png,1
/Users/pickapu/Documents/PyCharmMiscProject/deepfake-ViT/test_data_v3/real/real__228__286.png,0
/Users/pickapu/Documents/PyCharmMiscProject/deepfake-ViT/test_data_v3/DiT/fake/DiT__id36_0006__21764.png,1
/Users/pickapu/Documents/PyCharmMiscProject/deepfake-ViT/test_data_v3/real/real__422__162.png,0
/Users/pickapu/Documents/PyCharmMiscProject/deepfake-ViT/test_data_v3/DiT/fake/DiT__467__19526.png,1
/Users/pickapu/Documents/PyCharmMiscProject/deepfake-ViT/test_data_v3/real/real__750__227.png,0
/Users/pickapu/Documents/PyCharmMiscProject/deepfake-ViT/test_data_v3/real/real__529__172.png,0
/Users/pickapu/Documents/PyCharmMiscProject/deepfake-ViT/test_data_v3/real/real__823__346.png,0
/Users/pickapu/Documents/PyCharmMiscProject/deepfake-ViT/test_data_v3/DiT/fake/DiT__DiT_id41_0003__24785.png,1
/Users/pickapu/Documents/PyCharmMiscProject/deepfake-ViT/test_data_v3/real/real__717__192.png,0
/Users/pickapu/Documents/PyCharmMiscProject/deepfake-ViT/test_data_v3/real/real__id3_0008__235.png,0
/Users/pickapu/Documents/PyCharmMiscProject/deepfake-ViT/test_data_v3/real/real__id20_0008__173.png,0
/Users/pickapu/Documents/PyCharmMiscProject/deepfake-ViT/test_data_v3/real/real__id32_0006__238.png,0
/Users/pickapu/Documents/PyCharmMiscProject/deepfake-ViT/test_data_v3/real/real__443__443.png,0
/Users/pickapu/Documents/PyCharmMiscProject/deepfake-ViT/test_data_v3/DiT/fake/DiT__036__18463.png,1
/Users/pickapu/Documents/PyCharmMiscProject/deepfake-ViT/test_data_v3/real/real__892__160.png,0
/Users/pickapu/Documents/PyCharmMiscProject/deepfake-ViT/test_data_v3/DiT/fake/DiT__DiT_00143__2075.png,1
/Users/pickapu/Documents/PyCharmMiscProject/deepfake-ViT/test_data_v3/real/real__00119__218.png,0
/Users/pickapu/Documents/PyCharmMiscProject/deepfake-ViT/test_data_v3/DiT/fake/DiT__id40_0009__18288.png,1
/Users/pickapu/Documents/PyCharmMiscProject/deepfake-ViT/test_data_v3/real/real__412__294.png,0
/Users/pickapu/Documents/PyCharmMiscProject/deepfake-ViT/test_data_v3/DiT/fake/DiT__DiT_id60_0008__2347.png,1
/Users/pickapu/Documents/PyCharmMiscProject/deepfake-ViT/test_data_v3/real/real__400__183.png,0
/Users/pickapu/Documents/PyCharmMiscProject/deepfake-ViT/test_data_v3/DiT/fake/DiT__DiT_id16_0002__24106.png,1
/Users/pickapu/Documents/PyCharmMiscProject/deepfake-ViT/test_data_v3/real/real__962__236.png,0
/Users/pickapu/Documents/PyCharmMiscProject/deepfake-ViT/test_data_v3/real/real__480__249.png,0
/Users/pickapu/Documents/PyCharmMiscProject/deepfake-ViT/test_data_v3/DiT/fake/DiT__DiT_id19_0003__23989.png,1
/Users/pickapu/Documents/PyCharmMiscProject/deepfake-ViT/test_data_v3/real/real__050__273.png,0
/Users/pickapu/Documents/PyCharmMiscProject/deepfake-ViT/test_data_v3/DiT/fake/DiT__id13_0004__1690.png,1
