path,label
/Users/pickapu/Documents/PyCharmMiscProject/deepfake-ViT/test_data_v3/real/real__575__286.png,0
/Users/pickapu/Documents/PyCharmMiscProject/deepfake-ViT/test_data_v3/real/real__950__393.png,0
/Users/pickapu/Documents/PyCharmMiscProject/deepfake-ViT/test_data_v3/StyleGAN3/fake/StyleGAN3__StyleGAN3_Fake_from_Celeb-real_id19_0008__seed23056.png,1
/Users/pickapu/Documents/PyCharmMiscProject/deepfake-ViT/test_data_v3/real/real__996__160.png,0
/Users/pickapu/Documents/PyCharmMiscProject/deepfake-ViT/test_data_v3/StyleGAN3/fake/StyleGAN3__StyleGAN3_Fake_from_Youtube-real_00183__seed23580.png,1
/Users/pickapu/Documents/PyCharmMiscProject/deepfake-ViT/test_data_v3/StyleGAN3/fake/StyleGAN3__StyleGAN3_Fake_from_Celeb-real_id41_0009__seed24977.png,1
/Users/pickapu/Documents/PyCharmMiscProject/deepfake-ViT/test_data_v3/real/real__729__327.png,0
/Users/pickapu/Documents/PyCharmMiscProject/deepfake-ViT/test_data_v3/real/real__327__254.png,0
/Users/pickapu/Documents/PyCharmMiscProject/deepfake-ViT/test_data_v3/real/real__339__235.png,0
/Users/pickapu/Documents/PyCharmMiscProject/deepfake-ViT/test_data_v3/real/real__524__271.png,0
/Users/pickapu/Documents/PyCharmMiscProject/deepfake-ViT/test_data_v3/StyleGAN3/fake/StyleGAN3__StyleGAN3_Fake_from_Youtube-real_00284__seed20517.png,1
/Users/pickapu/Documents/PyCharmMiscProject/deepfake-ViT/test_data_v3/real/real__779__157.png,0
/Users/pickapu/Documents/PyCharmMiscProject/deepfake-ViT/test_data_v3/StyleGAN3/fake/StyleGAN3__StyleGAN3_Fake_from_Celeb-real_id38_0004__seed1944.png,1
/Users/pickapu/Documents/PyCharmMiscProject/deepfake-ViT/test_data_v3/StyleGAN3/fake/StyleGAN3__StyleGAN3_Fake_from_Youtube-real_00229__seed24304.png,1
/Users/pickapu/Documents/PyCharmMiscProject/deepfake-ViT/test_data_v3/real/real__029__214.png,0
/Users/pickapu/Documents/PyCharmMiscProject/deepfake-ViT/test_data_v3/real/real__993__210.png,0
/Users/pickapu/Documents/PyCharmMiscProject/deepfake-ViT/test_data_v3/StyleGAN3/fake/StyleGAN3__StyleGAN3_Fake_from_Celeb-real_id29_0006__seed21801.png,1
/Users/pickapu/Documents/PyCharmMiscProject/deepfake-ViT/test_data_v3/StyleGAN3/fake/StyleGAN3__StyleGAN3_Fake_from_Celeb-real_id57_0004__seed23711.png,1
/Users/pickapu/Documents/PyCharmMiscProject/deepfake-ViT/test_data_v3/real/real__049__185.png,0
/Users/pickapu/Documents/PyCharmMiscProject/deepfake-ViT/test_data_v3/StyleGAN3/fake/StyleGAN3__StyleGAN3_Fake_from_Celeb-real_id43_0005__seed22229.png,1
/Users/pickapu/Documents/PyCharmMiscProject/deepfake-ViT/test_data_v3/real/real__625__170.png,0
/Users/pickapu/Documents/PyCharmMiscProject/deepfake-ViT/test_data_v3/StyleGAN3/fake/StyleGAN3__StyleGAN3_Fake_from_Youtube-real_00133__seed26897.png,1
/Users/pickapu/Documents/PyCharmMiscProject/deepfake-ViT/test_data_v3/real/real__808__328.png,0
/Users/pickapu/Documents/PyCharmMiscProject/deepfake-ViT/test_data_v3/real/real__415__290.png,0
/Users/pickapu/Documents/PyCharmMiscProject/deepfake-ViT/test_data_v3/StyleGAN3/fake/StyleGAN3__StyleGAN3_Fake_from_Youtube-real_00100__seed22807.png,1
/Users/pickapu/Documents/PyCharmMiscProject/deepfake-ViT/test_data_v3/real/real__953__180.png,0
/Users/pickapu/Documents/PyCharmMiscProject/deepfake-ViT/test_data_v3/real/real__798__190.png,0
/Users/pickapu/Documents/PyCharmMiscProject/deepfake-ViT/test_data_v3/StyleGAN3/fake/StyleGAN3__StyleGAN3_Fake_from_Youtube-real_00019__seed19506.png,1
/Users/pickapu/Documents/PyCharmMiscProject/deepfake-ViT/test_data_v3/StyleGAN3/fake/StyleGAN3__StyleGAN3_Fake_from_Celeb-real_id33_0002__seed2241.png,1
/Users/pickapu/Documents/PyCharmMiscProject/deepfake-ViT/test_data_v3/real/real__150__234.png,0
/Users/pickapu/Documents/PyCharmMiscProject/deepfake-ViT/test_data_v3/real/real__530__369.png,0
/Users/pickapu/Documents/PyCharmMiscProject/deepfake-ViT/test_data_v3/StyleGAN3/fake/StyleGAN3__StyleGAN3_Fake_from_Youtube-real_00157__seed24117.png,1
/Users/pickapu/Documents/PyCharmMiscProject/deepfake-ViT/test_data_v3/real/real__853__317.png,0
/Users/pickapu/Documents/PyCharmMiscProject/deepfake-ViT/test_data_v3/StyleGAN3/fake/StyleGAN3__StyleGAN3_Fake_from_Youtube-real_00050__seed23150.png,1
/Users/pickapu/Documents/PyCharmMiscProject/deepfake-ViT/test_data_v3/StyleGAN3/fake/StyleGAN3__StyleGAN3_Fake_from_Celeb-real_id21_0006__seed23468.png,1
/Users/pickapu/Documents/PyCharmMiscProject/deepfake-ViT/test_data_v3/real/real__399__444.png,0
/Users/pickapu/Documents/PyCharmMiscProject/deepfake-ViT/test_data_v3/StyleGAN3/fake/StyleGAN3__StyleGAN3_Fake_from_Celeb-real_id8_0009__seed19713.png,1
/Users/pickapu/Documents/PyCharmMiscProject/deepfake-ViT/test_data_v3/real/real__685__268.png,0
/Users/pickapu/Documents/PyCharmMiscProject/deepfake-ViT/test_data_v3/StyleGAN3/fake/StyleGAN3__StyleGAN3_Fake_from_Celeb-real_id58_0002__seed25105.png,1
/Users/pickapu/Documents/PyCharmMiscProject/deepfake-ViT/test_data_v3/StyleGAN3/fake/StyleGAN3__StyleGAN3_Fake_from_Youtube-real_00210__seed23828.png,1
/Users/pickapu/Documents/PyCharmMiscProject/deepfake-ViT/test_data_v3/StyleGAN3/fake/StyleGAN3__StyleGAN3_Fake_from_Celeb-real_id36_0000__seed17176.png,1
/Users/pickapu/Documents/PyCharmMiscProject/deepfake-ViT/test_data_v3/StyleGAN3/fake/StyleGAN3__StyleGAN3_ff_190__seed18340.png,1
/Users/pickapu/Documents/PyCharmMiscProject/deepfake-ViT/test_data_v3/real/real__id32_0008__243.png,0
/Users/pickapu/Documents/PyCharmMiscProject/deepfake-ViT/test_data_v3/StyleGAN3/fake/StyleGAN3__StyleGAN3_Fake_from_Youtube-real_00076__seed22541.png,1
/Users/pickapu/Documents/PyCharmMiscProject/deepfake-ViT/test_data_v3/StyleGAN3/fake/StyleGAN3__StyleGAN3_Fake_from_Celeb-real_id6_0003__seed25042.png,1
/Users/pickapu/Documents/PyCharmMiscProject/deepfake-ViT/test_data_v3/real/real__id11_0006__162.png,0
/Users/pickapu/Documents/PyCharmMiscProject/deepfake-ViT/test_data_v3/real/real__684__256.png,0
/Users/pickapu/Documents/PyCharmMiscProject/deepfake-ViT/test_data_v3/real/real__247__205.png,0
/Users/pickapu/Documents/PyCharmMiscProject/deepfake-ViT/test_data_v3/StyleGAN3/fake/StyleGAN3__StyleGAN3_Fake_from_Celeb-real_id16_0000__seed24089.png,1
/Users/pickapu/Documents/PyCharmMiscProject/deepfake-ViT/test_data_v3/real/real__114__368.png,0
/Users/pickapu/Documents/PyCharmMiscProject/deepfake-ViT/test_data_v3/real/real__541__200.png,0
/Users/pickapu/Documents/PyCharmMiscProject/deepfake-ViT/test_data_v3/StyleGAN3/fake/StyleGAN3__StyleGAN3_Fake_from_Youtube-real_00101__seed16893.png,1
/Users/pickapu/Documents/PyCharmMiscProject/deepfake-ViT/test_data_v3/StyleGAN3/fake/StyleGAN3__StyleGAN3_Fake_from_Celeb-real_id4_0002__seed18306.png,1
/Users/pickapu/Documents/PyCharmMiscProject/deepfake-ViT/test_data_v3/StyleGAN3/fake/StyleGAN3__StyleGAN3_Fake_from_Youtube-real_00128__seed23218.png,1
/Users/pickapu/Documents/PyCharmMiscProject/deepfake-ViT/test_data_v3/real/real__612__216.png,0
/Users/pickapu/Documents/PyCharmMiscProject/deepfake-ViT/test_data_v3/StyleGAN3/fake/StyleGAN3__StyleGAN3_Fake_from_Celeb-real_id55_0007__seed22694.png,1
/Users/pickapu/Documents/PyCharmMiscProject/deepfake-ViT/test_data_v3/real/real__721__299.png,0
/Users/pickapu/Documents/PyCharmMiscProject/deepfake-ViT/test_data_v3/real/real__471__278.png,0
/Users/pickapu/Documents/PyCharmMiscProject/deepfake-ViT/test_data_v3/real/real__452__312.png,0
/Users/pickapu/Documents/PyCharmMiscProject/deepfake-ViT/test_data_v3/real/real__011__325.png,0
/Users/pickapu/Documents/PyCharmMiscProject/deepfake-ViT/test_data_v3/real/real__253__258.png,0
/Users/pickapu/Documents/PyCharmMiscProject/deepfake-ViT/test_data_v3/StyleGAN3/fake/StyleGAN3__StyleGAN3_Fake_from_Celeb-real_id16_0004__seed21399.png,1
/Users/pickapu/Documents/PyCharmMiscProject/deepfake-ViT/test_data_v3/StyleGAN3/fake/StyleGAN3__StyleGAN3_Fake_from_Celeb-real_id39_0007__seed20597.png,1
/Users/pickapu/Documents/PyCharmMiscProject/deepfake-ViT/test_data_v3/StyleGAN3/fake/StyleGAN3__StyleGAN3_Fake_from_Celeb-real_id31_0006__seed23818.png,1
/Users/pickapu/Documents/PyCharmMiscProject/deepfake-ViT/test_data_v3/real/real__000__203.png,0
/Users/pickapu/Documents/PyCharmMiscProject/deepfake-ViT/test_data_v3/StyleGAN3/fake/StyleGAN3__StyleGAN3_Fake_from_Celeb-real_id3_0005__seed22435.png,1
/Users/pickapu/Documents/PyCharmMiscProject/deepfake-ViT/test_data_v3/StyleGAN3/fake/StyleGAN3__StyleGAN3_Fake_from_Celeb-real_id39_0000__seed21463.png,1
/Users/pickapu/Documents/PyCharmMiscProject/deepfake-ViT/test_data_v3/real/real__965__179.png,0
/Users/pickapu/Documents/PyCharmMiscProject/deepfake-ViT/test_data_v3/real/real__421__468.png,0
/Users/pickapu/Documents/PyCharmMiscProject/deepfake-ViT/test_data_v3/real/real__801__228.png,0
/Users/pickapu/Documents/PyCharmMiscProject/deepfake-ViT/test_data_v3/StyleGAN3/fake/StyleGAN3__StyleGAN3_Fake_from_Celeb-real_id57_0002__seed21740.png,1
/Users/pickapu/Documents/PyCharmMiscProject/deepfake-ViT/test_data_v3/StyleGAN3/fake/StyleGAN3__StyleGAN3_Fake_from_Youtube-real_00156__seed22885.png,1
/Users/pickapu/Documents/PyCharmMiscProject/deepfake-ViT/test_data_v3/real/real__025__385.png,0
/Users/pickapu/Documents/PyCharmMiscProject/deepfake-ViT/test_data_v3/real/real__456__313.png,0
/Users/pickapu/Documents/PyCharmMiscProject/deepfake-ViT/test_data_v3/StyleGAN3/fake/StyleGAN3__StyleGAN3_Fake_from_Celeb-real_id20_0001__seed21103.png,1
/Users/pickapu/Documents/PyCharmMiscProject/deepfake-ViT/test_data_v3/StyleGAN3/fake/StyleGAN3__StyleGAN3_Fake_from_Youtube-real_00176__seed23184.png,1
/Users/pickapu/Documents/PyCharmMiscProject/deepfake-ViT/test_data_v3/real/real__511__417.png,0
/Users/pickapu/Documents/PyCharmMiscProject/deepfake-ViT/test_data_v3/real/real__036__173.png,0
/Users/pickapu/Documents/PyCharmMiscProject/deepfake-ViT/test_data_v3/real/real__004__158.png,0
/Users/pickapu/Documents/PyCharmMiscProject/deepfake-ViT/test_data_v3/real/real__736__213.png,0
/Users/pickapu/Documents/PyCharmMiscProject/deepfake-ViT/test_data_v3/StyleGAN3/fake/StyleGAN3__StyleGAN3_Fake_from_Youtube-real_00045__seed22346.png,1
/Users/pickapu/Documents/PyCharmMiscProject/deepfake-ViT/test_data_v3/real/real__444__225.png,0
/Users/pickapu/Documents/PyCharmMiscProject/deepfake-ViT/test_data_v3/StyleGAN3/fake/StyleGAN3__StyleGAN3_Fake_from_Celeb-real_id40_0004__seed19555.png,1
/Users/pickapu/Documents/PyCharmMiscProject/deepfake-ViT/test_data_v3/real/real__947__330.png,0
/Users/pickapu/Documents/PyCharmMiscProject/deepfake-ViT/test_data_v3/StyleGAN3/fake/StyleGAN3__StyleGAN3_ff_924__seed20373.png,1
/Users/pickapu/Documents/PyCharmMiscProject/deepfake-ViT/test_data_v3/StyleGAN3/fake/StyleGAN3__StyleGAN3_Fake_from_Youtube-real_00185__seed24464.png,1
/Users/pickapu/Documents/PyCharmMiscProject/deepfake-ViT/test_data_v3/real/real__710__194.png,0
/Users/pickapu/Documents/PyCharmMiscProject/deepfake-ViT/test_data_v3/StyleGAN3/fake/StyleGAN3__StyleGAN3_ff_851__seed19944.png,1
/Users/pickapu/Documents/PyCharmMiscProject/deepfake-ViT/test_data_v3/StyleGAN3/fake/StyleGAN3__StyleGAN3_Fake_from_Youtube-real_00162__seed22327.png,1
/Users/pickapu/Documents/PyCharmMiscProject/deepfake-ViT/test_data_v3/real/real__549__321.png,0
/Users/pickapu/Documents/PyCharmMiscProject/deepfake-ViT/test_data_v3/real/real__id36_0006__242.png,0
/Users/pickapu/Documents/PyCharmMiscProject/deepfake-ViT/test_data_v3/StyleGAN3/fake/StyleGAN3__StyleGAN3_Fake_from_Celeb-real_id9_0006__seed24065.png,1
/Users/pickapu/Documents/PyCharmMiscProject/deepfake-ViT/test_data_v3/StyleGAN3/fake/StyleGAN3__StyleGAN3_Fake_from_Celeb-real_id29_0004__seed23094.png,1
/Users/pickapu/Documents/PyCharmMiscProject/deepfake-ViT/test_data_v3/real/real__007__260.png,0
/Users/pickapu/Documents/PyCharmMiscProject/deepfake-ViT/test_data_v3/StyleGAN3/fake/StyleGAN3__StyleGAN3_ff_868__seed17176.png,1
/Users/pickapu/Documents/PyCharmMiscProject/deepfake-ViT/test_data_v3/StyleGAN3/fake/StyleGAN3__StyleGAN3_Fake_from_Youtube-real_00151__seed20140.png,1
/Users/pickapu/Documents/PyCharmMiscProject/deepfake-ViT/test_data_v3/real/real__647__360.png,0
/Users/pickapu/Documents/PyCharmMiscProject/deepfake-ViT/test_data_v3/StyleGAN3/fake/StyleGAN3__StyleGAN3_Fake_from_Youtube-real_00254__seed23499.png,1
/Users/pickapu/Documents/PyCharmMiscProject/deepfake-ViT/test_data_v3/StyleGAN3/fake/StyleGAN3__StyleGAN3_Fake_from_Celeb-real_id57_0003__seed21612.png,1
/Users/pickapu/Documents/PyCharmMiscProject/deepfake-ViT/test_data_v3/real/real__272__166.png,0
/Users/pickapu/Documents/PyCharmMiscProject/deepfake-ViT/test_data_v3/real/real__id12_0000__193.png,0
/Users/pickapu/Documents/PyCharmMiscProject/deepfake-ViT/test_data_v3/StyleGAN3/fake/StyleGAN3__StyleGAN3_Fake_from_Celeb-real_id34_0006__seed20468.png,1
/Users/pickapu/Documents/PyCharmMiscProject/deepfake-ViT/test_data_v3/StyleGAN3/fake/StyleGAN3__StyleGAN3_Fake_from_Celeb-real_id57_0005__seed23198.png,1
/Users/pickapu/Documents/PyCharmMiscProject/deepfake-ViT/test_data_v3/StyleGAN3/fake/StyleGAN3__StyleGAN3_Fake_from_Celeb-real_id51_0003__seed22190.png,1
/Users/pickapu/Documents/PyCharmMiscProject/deepfake-ViT/test_data_v3/real/real__175__259.png,0
/Users/pickapu/Documents/PyCharmMiscProject/deepfake-ViT/test_data_v3/StyleGAN3/fake/StyleGAN3__StyleGAN3_Fake_from_Celeb-real_id25_0005__seed24190.png,1
/Users/pickapu/Documents/PyCharmMiscProject/deepfake-ViT/test_data_v3/StyleGAN3/fake/StyleGAN3__StyleGAN3_Fake_from_Celeb-real_id16_0011__seed22994.png,1
/Users/pickapu/Documents/PyCharmMiscProject/deepfake-ViT/test_data_v3/real/real__188__159.png,0
/Users/pickapu/Documents/PyCharmMiscProject/deepfake-ViT/test_data_v3/StyleGAN3/fake/StyleGAN3__StyleGAN3_Fake_from_Youtube-real_00048__seed23750.png,1
/Users/pickapu/Documents/PyCharmMiscProject/deepfake-ViT/test_data_v3/StyleGAN3/fake/StyleGAN3__StyleGAN3_Fake_from_Celeb-real_id58_0004__seed24485.png,1
/Users/pickapu/Documents/PyCharmMiscProject/deepfake-ViT/test_data_v3/StyleGAN3/fake/StyleGAN3__StyleGAN3_ff_682__seed21153.png,1
/Users/pickapu/Documents/PyCharmMiscProject/deepfake-ViT/test_data_v3/StyleGAN3/fake/StyleGAN3__StyleGAN3_Fake_from_Celeb-real_id27_0006__seed21744.png,1
/Users/pickapu/Documents/PyCharmMiscProject/deepfake-ViT/test_data_v3/real/real__261__348.png,0
/Users/pickapu/Documents/PyCharmMiscProject/deepfake-ViT/test_data_v3/real/real__941__254.png,0
/Users/pickapu/Documents/PyCharmMiscProject/deepfake-ViT/test_data_v3/StyleGAN3/fake/StyleGAN3__StyleGAN3_Fake_from_Celeb-real_id7_0004__seed25658.png,1
/Users/pickapu/Documents/PyCharmMiscProject/deepfake-ViT/test_data_v3/real/real__739__156.png,0
/Users/pickapu/Documents/PyCharmMiscProject/deepfake-ViT/test_data_v3/real/real__077__314.png,0
/Users/pickapu/Documents/PyCharmMiscProject/deepfake-ViT/test_data_v3/StyleGAN3/fake/StyleGAN3__StyleGAN3_Fake_from_Celeb-real_id26_0008__seed21771.png,1
/Users/pickapu/Documents/PyCharmMiscProject/deepfake-ViT/test_data_v3/StyleGAN3/fake/StyleGAN3__StyleGAN3_ff_169__seed20020.png,1
/Users/pickapu/Documents/PyCharmMiscProject/deepfake-ViT/test_data_v3/StyleGAN3/fake/StyleGAN3__StyleGAN3_Fake_from_Youtube-real_00037__seed25016.png,1
/Users/pickapu/Documents/PyCharmMiscProject/deepfake-ViT/test_data_v3/StyleGAN3/fake/StyleGAN3__StyleGAN3_ff_278__seed17745.png,1
/Users/pickapu/Documents/PyCharmMiscProject/deepfake-ViT/test_data_v3/real/real__195__171.png,0
/Users/pickapu/Documents/PyCharmMiscProject/deepfake-ViT/test_data_v3/StyleGAN3/fake/StyleGAN3__StyleGAN3_Fake_from_Celeb-real_id7_0008__seed24043.png,1
/Users/pickapu/Documents/PyCharmMiscProject/deepfake-ViT/test_data_v3/real/real__389__161.png,0
/Users/pickapu/Documents/PyCharmMiscProject/deepfake-ViT/test_data_v3/StyleGAN3/fake/StyleGAN3__StyleGAN3_Fake_from_Youtube-real_00179__seed2297.png,1
/Users/pickapu/Documents/PyCharmMiscProject/deepfake-ViT/test_data_v3/real/real__115__164.png,0
/Users/pickapu/Documents/PyCharmMiscProject/deepfake-ViT/test_data_v3/StyleGAN3/fake/StyleGAN3__StyleGAN3_Fake_from_Celeb-real_id7_0005__seed24156.png,1
/Users/pickapu/Documents/PyCharmMiscProject/deepfake-ViT/test_data_v3/real/real__532__201.png,0
/Users/pickapu/Documents/PyCharmMiscProject/deepfake-ViT/test_data_v3/real/real__161__189.png,0
/Users/pickapu/Documents/PyCharmMiscProject/deepfake-ViT/test_data_v3/StyleGAN3/fake/StyleGAN3__StyleGAN3_Fake_from_Celeb-real_id43_0007__seed17619.png,1
/Users/pickapu/Documents/PyCharmMiscProject/deepfake-ViT/test_data_v3/real/real__278__231.png,0
/Users/pickapu/Documents/PyCharmMiscProject/deepfake-ViT/test_data_v3/real/real__723__376.png,0
/Users/pickapu/Documents/PyCharmMiscProject/deepfake-ViT/test_data_v3/real/real__194__292.png,0
/Users/pickapu/Documents/PyCharmMiscProject/deepfake-ViT/test_data_v3/StyleGAN3/fake/StyleGAN3__StyleGAN3_Fake_from_Celeb-real_id39_0003__seed21756.png,1
/Users/pickapu/Documents/PyCharmMiscProject/deepfake-ViT/test_data_v3/real/real__177__211.png,0
/Users/pickapu/Documents/PyCharmMiscProject/deepfake-ViT/test_data_v3/StyleGAN3/fake/StyleGAN3__StyleGAN3_Fake_from_Celeb-real_id23_0000__seed20975.png,1
/Users/pickapu/Documents/PyCharmMiscProject/deepfake-ViT/test_data_v3/real/real__041__179.png,0
/Users/pickapu/Documents/PyCharmMiscProject/deepfake-ViT/test_data_v3/StyleGAN3/fake/StyleGAN3__StyleGAN3_Fake_from_Youtube-real_00142__seed24562.png,1
/Users/pickapu/Documents/PyCharmMiscProject/deepfake-ViT/test_data_v3/StyleGAN3/fake/StyleGAN3__StyleGAN3_Fake_from_Youtube-real_00235__seed24258.png,1
/Users/pickapu/Documents/PyCharmMiscProject/deepfake-ViT/test_data_v3/real/real__162__353.png,0
/Users/pickapu/Documents/PyCharmMiscProject/deepfake-ViT/test_data_v3/StyleGAN3/fake/StyleGAN3__StyleGAN3_Fake_from_Celeb-real_id39_0008__seed22402.png,1
/Users/pickapu/Documents/PyCharmMiscProject/deepfake-ViT/test_data_v3/real/real__346__316.png,0
/Users/pickapu/Documents/PyCharmMiscProject/deepfake-ViT/test_data_v3/StyleGAN3/fake/StyleGAN3__StyleGAN3_Fake_from_Celeb-real_id44_0003__seed20325.png,1
/Users/pickapu/Documents/PyCharmMiscProject/deepfake-ViT/test_data_v3/StyleGAN3/fake/StyleGAN3__StyleGAN3_Fake_from_Celeb-real_id3_0001__seed20371.png,1
/Users/pickapu/Documents/PyCharmMiscProject/deepfake-ViT/test_data_v3/StyleGAN3/fake/StyleGAN3__StyleGAN3_Fake_from_Celeb-real_id25_0006__seed24996.png,1
/Users/pickapu/Documents/PyCharmMiscProject/deepfake-ViT/test_data_v3/real/real__225__156.png,0
/Users/pickapu/Documents/PyCharmMiscProject/deepfake-ViT/test_data_v3/real/real__873__455.png,0
/Users/pickapu/Documents/PyCharmMiscProject/deepfake-ViT/test_data_v3/real/real__172__387.png,0
/Users/pickapu/Documents/PyCharmMiscProject/deepfake-ViT/test_data_v3/real/real__id11_0008__190.png,0
/Users/pickapu/Documents/PyCharmMiscProject/deepfake-ViT/test_data_v3/real/real__324__362.png,0
/Users/pickapu/Documents/PyCharmMiscProject/deepfake-ViT/test_data_v3/StyleGAN3/fake/StyleGAN3__StyleGAN3_Fake_from_Celeb-real_id48_0002__seed19769.png,1
/Users/pickapu/Documents/PyCharmMiscProject/deepfake-ViT/test_data_v3/StyleGAN3/fake/StyleGAN3__StyleGAN3_Fake_from_Youtube-real_00108__seed21955.png,1
/Users/pickapu/Documents/PyCharmMiscProject/deepfake-ViT/test_data_v3/StyleGAN3/fake/StyleGAN3__StyleGAN3_Fake_from_Youtube-real_00017__seed1969.png,1
/Users/pickapu/Documents/PyCharmMiscProject/deepfake-ViT/test_data_v3/StyleGAN3/fake/StyleGAN3__StyleGAN3_Fake_from_Celeb-real_id1_0003__seed24046.png,1
/Users/pickapu/Documents/PyCharmMiscProject/deepfake-ViT/test_data_v3/StyleGAN3/fake/StyleGAN3__StyleGAN3_Fake_from_Celeb-real_id38_0002__seed2177.png,1
/Users/pickapu/Documents/PyCharmMiscProject/deepfake-ViT/test_data_v3/real/real__156__266.png,0
/Users/pickapu/Documents/PyCharmMiscProject/deepfake-ViT/test_data_v3/StyleGAN3/fake/StyleGAN3__StyleGAN3_Fake_from_Youtube-real_00011__seed19524.png,1
/Users/pickapu/Documents/PyCharmMiscProject/deepfake-ViT/test_data_v3/StyleGAN3/fake/StyleGAN3__StyleGAN3_Fake_from_Celeb-real_id24_0002__seed24630.png,1
/Users/pickapu/Documents/PyCharmMiscProject/deepfake-ViT/test_data_v3/real/real__738__214.png,0
/Users/pickapu/Documents/PyCharmMiscProject/deepfake-ViT/test_data_v3/real/real__065__227.png,0
/Users/pickapu/Documents/PyCharmMiscProject/deepfake-ViT/test_data_v3/real/real__621__190.png,0
/Users/pickapu/Documents/PyCharmMiscProject/deepfake-ViT/test_data_v3/real/real__125__257.png,0
/Users/pickapu/Documents/PyCharmMiscProject/deepfake-ViT/test_data_v3/real/real__310__193.png,0
/Users/pickapu/Documents/PyCharmMiscProject/deepfake-ViT/test_data_v3/StyleGAN3/fake/StyleGAN3__StyleGAN3_ff_623__seed20687.png,1
/Users/pickapu/Documents/PyCharmMiscProject/deepfake-ViT/test_data_v3/StyleGAN3/fake/StyleGAN3__StyleGAN3_Fake_from_Youtube-real_00160__seed23515.png,1
/Users/pickapu/Documents/PyCharmMiscProject/deepfake-ViT/test_data_v3/real/real__866__262.png,0
/Users/pickapu/Documents/PyCharmMiscProject/deepfake-ViT/test_data_v3/real/real__585__184.png,0
/Users/pickapu/Documents/PyCharmMiscProject/deepfake-ViT/test_data_v3/real/real__455__190.png,0
/Users/pickapu/Documents/PyCharmMiscProject/deepfake-ViT/test_data_v3/real/real__095__486.png,0
/Users/pickapu/Documents/PyCharmMiscProject/deepfake-ViT/test_data_v3/real/real__439__237.png,0
/Users/pickapu/Documents/PyCharmMiscProject/deepfake-ViT/test_data_v3/StyleGAN3/fake/StyleGAN3__StyleGAN3_ff_128__seed19891.png,1
/Users/pickapu/Documents/PyCharmMiscProject/deepfake-ViT/test_data_v3/real/real__523__193.png,0
/Users/pickapu/Documents/PyCharmMiscProject/deepfake-ViT/test_data_v3/real/real__245__171.png,0
/Users/pickapu/Documents/PyCharmMiscProject/deepfake-ViT/test_data_v3/real/real__00021__237.png,0
/Users/pickapu/Documents/PyCharmMiscProject/deepfake-ViT/test_data_v3/real/real__843__163.png,0
/Users/pickapu/Documents/PyCharmMiscProject/deepfake-ViT/test_data_v3/real/real__867__240.png,0
/Users/pickapu/Documents/PyCharmMiscProject/deepfake-ViT/test_data_v3/real/real__497__320.png,0
/Users/pickapu/Documents/PyCharmMiscProject/deepfake-ViT/test_data_v3/real/real__582__221.png,0
/Users/pickapu/Documents/PyCharmMiscProject/deepfake-ViT/test_data_v3/real/real__911__169.png,0
/Users/pickapu/Documents/PyCharmMiscProject/deepfake-ViT/test_data_v3/real/real__698__156.png,0
/Users/pickapu/Documents/PyCharmMiscProject/deepfake-ViT/test_data_v3/StyleGAN3/fake/StyleGAN3__StyleGAN3_Fake_from_Celeb-real_id40_0008__seed21666.png,1
/Users/pickapu/Documents/PyCharmMiscProject/deepfake-ViT/test_data_v3/real/real__701__202.png,0
/Users/pickapu/Documents/PyCharmMiscProject/deepfake-ViT/test_data_v3/real/real__781__244.png,0
/Users/pickapu/Documents/PyCharmMiscProject/deepfake-ViT/test_data_v3/real/real__539__161.png,0
/Users/pickapu/Documents/PyCharmMiscProject/deepfake-ViT/test_data_v3/StyleGAN3/fake/StyleGAN3__StyleGAN3_ff_517__seed18564.png,1
/Users/pickapu/Documents/PyCharmMiscProject/deepfake-ViT/test_data_v3/StyleGAN3/fake/StyleGAN3__StyleGAN3_Fake_from_Youtube-real_00271__seed20432.png,1
/Users/pickapu/Documents/PyCharmMiscProject/deepfake-ViT/test_data_v3/real/real__657__281.png,0
/Users/pickapu/Documents/PyCharmMiscProject/deepfake-ViT/test_data_v3/StyleGAN3/fake/StyleGAN3__StyleGAN3_Fake_from_Celeb-real_id3_0006__seed22658.png,1
/Users/pickapu/Documents/PyCharmMiscProject/deepfake-ViT/test_data_v3/real/real__885__169.png,0
/Users/pickapu/Documents/PyCharmMiscProject/deepfake-ViT/test_data_v3/real/real__708__282.png,0
/Users/pickapu/Documents/PyCharmMiscProject/deepfake-ViT/test_data_v3/real/real__00138__247.png,0
/Users/pickapu/Documents/PyCharmMiscProject/deepfake-ViT/test_data_v3/real/real__924__362.png,0
/Users/pickapu/Documents/PyCharmMiscProject/deepfake-ViT/test_data_v3/real/real__323__234.png,0
/Users/pickapu/Documents/PyCharmMiscProject/deepfake-ViT/test_data_v3/real/real__112__215.png,0
/Users/pickapu/Documents/PyCharmMiscProject/deepfake-ViT/test_data_v3/real/real__677__161.png,0
/Users/pickapu/Documents/PyCharmMiscProject/deepfake-ViT/test_data_v3/real/real__692__182.png,0
/Users/pickapu/Documents/PyCharmMiscProject/deepfake-ViT/test_data_v3/real/real__id52_0001__240.png,0
/Users/pickapu/Documents/PyCharmMiscProject/deepfake-ViT/test_data_v3/StyleGAN3/fake/StyleGAN3__StyleGAN3_Fake_from_Youtube-real_00270__seed22003.png,1
/Users/pickapu/Documents/PyCharmMiscProject/deepfake-ViT/test_data_v3/real/real__493__203.png,0
/Users/pickapu/Documents/PyCharmMiscProject/deepfake-ViT/test_data_v3/real/real__691__278.png,0
/Users/pickapu/Documents/PyCharmMiscProject/deepfake-ViT/test_data_v3/real/real__00061__212.png,0
/Users/pickapu/Documents/PyCharmMiscProject/deepfake-ViT/test_data_v3/real/real__976__168.png,0
/Users/pickapu/Documents/PyCharmMiscProject/deepfake-ViT/test_data_v3/real/real__048__249.png,0
/Users/pickapu/Documents/PyCharmMiscProject/deepfake-ViT/test_data_v3/StyleGAN3/fake/StyleGAN3__StyleGAN3_ff_102__seed19449.png,1
/Users/pickapu/Documents/PyCharmMiscProject/deepfake-ViT/test_data_v3/StyleGAN3/fake/StyleGAN3__StyleGAN3_ff_812__seed19360.png,1
/Users/pickapu/Documents/PyCharmMiscProject/deepfake-ViT/test_data_v3/StyleGAN3/fake/StyleGAN3__StyleGAN3_Fake_from_Celeb-real_id5_0006__seed2131.png,1
/Users/pickapu/Documents/PyCharmMiscProject/deepfake-ViT/test_data_v3/real/real__416__161.png,0
/Users/pickapu/Documents/PyCharmMiscProject/deepfake-ViT/test_data_v3/real/real__615__232.png,0
/Users/pickapu/Documents/PyCharmMiscProject/deepfake-ViT/test_data_v3/StyleGAN3/fake/StyleGAN3__StyleGAN3_Fake_from_Celeb-real_id48_0001__seed23797.png,1
/Users/pickapu/Documents/PyCharmMiscProject/deepfake-ViT/test_data_v3/StyleGAN3/fake/StyleGAN3__StyleGAN3_Fake_from_Youtube-real_00148__seed23587.png,1
/Users/pickapu/Documents/PyCharmMiscProject/deepfake-ViT/test_data_v3/StyleGAN3/fake/StyleGAN3__StyleGAN3_Fake_from_Youtube-real_00007__seed21578.png,1
/Users/pickapu/Documents/PyCharmMiscProject/deepfake-ViT/test_data_v3/StyleGAN3/fake/StyleGAN3__StyleGAN3_ff_634__seed18591.png,1
/Users/pickapu/Documents/PyCharmMiscProject/deepfake-ViT/test_data_v3/real/real__990__156.png,0
/Users/pickapu/Documents/PyCharmMiscProject/deepfake-ViT/test_data_v3/StyleGAN3/fake/StyleGAN3__StyleGAN3_Fake_from_Celeb-real_id60_0009__seed26200.png,1
/Users/pickapu/Documents/PyCharmMiscProject/deepfake-ViT/test_data_v3/real/real__311__189.png,0
/Users/pickapu/Documents/PyCharmMiscProject/deepfake-ViT/test_data_v3/real/real__485__413.png,0
/Users/pickapu/Documents/PyCharmMiscProject/deepfake-ViT/test_data_v3/real/real__931__164.png,0
/Users/pickapu/Documents/PyCharmMiscProject/deepfake-ViT/test_data_v3/real/real__069__398.png,0
/Users/pickapu/Documents/PyCharmMiscProject/deepfake-ViT/test_data_v3/real/real__365__189.png,0
/Users/pickapu/Documents/PyCharmMiscProject/deepfake-ViT/test_data_v3/StyleGAN3/fake/StyleGAN3__StyleGAN3_Fake_from_Youtube-real_00093__seed24160.png,1
/Users/pickapu/Documents/PyCharmMiscProject/deepfake-ViT/test_data_v3/real/real__674__188.png,0
/Users/pickapu/Documents/PyCharmMiscProject/deepfake-ViT/test_data_v3/real/real__id36_0002__220.png,0
/Users/pickapu/Documents/PyCharmMiscProject/deepfake-ViT/test_data_v3/StyleGAN3/fake/StyleGAN3__StyleGAN3_Fake_from_Celeb-real_id49_0005__seed21086.png,1
/Users/pickapu/Documents/PyCharmMiscProject/deepfake-ViT/test_data_v3/real/real__136__314.png,0
/Users/pickapu/Documents/PyCharmMiscProject/deepfake-ViT/test_data_v3/real/real__331__241.png,0
/Users/pickapu/Documents/PyCharmMiscProject/deepfake-ViT/test_data_v3/StyleGAN3/fake/StyleGAN3__StyleGAN3_ff_257__seed20099.png,1
/Users/pickapu/Documents/PyCharmMiscProject/deepfake-ViT/test_data_v3/real/real__957__215.png,0
/Users/pickapu/Documents/PyCharmMiscProject/deepfake-ViT/test_data_v3/real/real__id51_0001__210.png,0
/Users/pickapu/Documents/PyCharmMiscProject/deepfake-ViT/test_data_v3/real/real__id45_0003__161.png,0
/Users/pickapu/Documents/PyCharmMiscProject/deepfake-ViT/test_data_v3/StyleGAN3/fake/StyleGAN3__StyleGAN3_Fake_from_Celeb-real_id25_0003__seed20308.png,1
/Users/pickapu/Documents/PyCharmMiscProject/deepfake-ViT/test_data_v3/StyleGAN3/fake/StyleGAN3__StyleGAN3_ff_421__seed19246.png,1
/Users/pickapu/Documents/PyCharmMiscProject/deepfake-ViT/test_data_v3/StyleGAN3/fake/StyleGAN3__StyleGAN3_Fake_from_Celeb-real_id19_0000__seed22998.png,1
/Users/pickapu/Documents/PyCharmMiscProject/deepfake-ViT/test_data_v3/StyleGAN3/fake/StyleGAN3__StyleGAN3_Fake_from_Celeb-real_id10_0002__seed26369.png,1
/Users/pickapu/Documents/PyCharmMiscProject/deepfake-ViT/test_data_v3/real/real__250__290.png,0
/Users/pickapu/Documents/PyCharmMiscProject/deepfake-ViT/test_data_v3/real/real__960__177.png,0
/Users/pickapu/Documents/PyCharmMiscProject/deepfake-ViT/test_data_v3/real/real__00282__213.png,0
/Users/pickapu/Documents/PyCharmMiscProject/deepfake-ViT/test_data_v3/real/real__852__219.png,0
/Users/pickapu/Documents/PyCharmMiscProject/deepfake-ViT/test_data_v3/real/real__835__219.png,0
/Users/pickapu/Documents/PyCharmMiscProject/deepfake-ViT/test_data_v3/real/real__083__280.png,0
/Users/pickapu/Documents/PyCharmMiscProject/deepfake-ViT/test_data_v3/real/real__764__189.png,0
/Users/pickapu/Documents/PyCharmMiscProject/deepfake-ViT/test_data_v3/StyleGAN3/fake/StyleGAN3__StyleGAN3_Fake_from_Youtube-real_00058__seed25650.png,1
/Users/pickapu/Documents/PyCharmMiscProject/deepfake-ViT/test_data_v3/real/real__345__217.png,0
/Users/pickapu/Documents/PyCharmMiscProject/deepfake-ViT/test_data_v3/real/real__628__461.png,0
/Users/pickapu/Documents/PyCharmMiscProject/deepfake-ViT/test_data_v3/StyleGAN3/fake/StyleGAN3__StyleGAN3_Fake_from_Celeb-real_id47_0001__seed21397.png,1
/Users/pickapu/Documents/PyCharmMiscProject/deepfake-ViT/test_data_v3/real/real__645__285.png,0
/Users/pickapu/Documents/PyCharmMiscProject/deepfake-ViT/test_data_v3/StyleGAN3/fake/StyleGAN3__StyleGAN3_Fake_from_Celeb-real_id21_0003__seed22957.png,1
/Users/pickapu/Documents/PyCharmMiscProject/deepfake-ViT/test_data_v3/StyleGAN3/fake/StyleGAN3__StyleGAN3_Fake_from_Celeb-real_id29_0007__seed20791.png,1
/Users/pickapu/Documents/PyCharmMiscProject/deepfake-ViT/test_data_v3/StyleGAN3/fake/StyleGAN3__StyleGAN3_Fake_from_Celeb-real_id21_0004__seed20263.png,1
/Users/pickapu/Documents/PyCharmMiscProject/deepfake-ViT/test_data_v3/real/real__348__213.png,0
/Users/pickapu/Documents/PyCharmMiscProject/deepfake-ViT/test_data_v3/StyleGAN3/fake/StyleGAN3__StyleGAN3_Fake_from_Youtube-real_00069__seed20796.png,1
/Users/pickapu/Documents/PyCharmMiscProject/deepfake-ViT/test_data_v3/StyleGAN3/fake/StyleGAN3__StyleGAN3_ff_154__seed19970.png,1
/Users/pickapu/Documents/PyCharmMiscProject/deepfake-ViT/test_data_v3/real/real__id36_0001__219.png,0
/Users/pickapu/Documents/PyCharmMiscProject/deepfake-ViT/test_data_v3/real/real__989__494.png,0
/Users/pickapu/Documents/PyCharmMiscProject/deepfake-ViT/test_data_v3/StyleGAN3/fake/StyleGAN3__StyleGAN3_Fake_from_Celeb-real_id47_0007__seed18508.png,1
/Users/pickapu/Documents/PyCharmMiscProject/deepfake-ViT/test_data_v3/real/real__00281__236.png,0
/Users/pickapu/Documents/PyCharmMiscProject/deepfake-ViT/test_data_v3/StyleGAN3/fake/StyleGAN3__StyleGAN3_Fake_from_Celeb-real_id33_0000__seed19260.png,1
/Users/pickapu/Documents/PyCharmMiscProject/deepfake-ViT/test_data_v3/StyleGAN3/fake/StyleGAN3__StyleGAN3_Fake_from_Celeb-real_id60_0007__seed23277.png,1
/Users/pickapu/Documents/PyCharmMiscProject/deepfake-ViT/test_data_v3/StyleGAN3/fake/StyleGAN3__StyleGAN3_Fake_from_Youtube-real_00274__seed24388.png,1
/Users/pickapu/Documents/PyCharmMiscProject/deepfake-ViT/test_data_v3/StyleGAN3/fake/StyleGAN3__StyleGAN3_Fake_from_Youtube-real_00242__seed23788.png,1
/Users/pickapu/Documents/PyCharmMiscProject/deepfake-ViT/test_data_v3/real/real__id27_0008__170.png,0
/Users/pickapu/Documents/PyCharmMiscProject/deepfake-ViT/test_data_v3/real/real__id13_0004__181.png,0
/Users/pickapu/Documents/PyCharmMiscProject/deepfake-ViT/test_data_v3/real/real__393__298.png,0
/Users/pickapu/Documents/PyCharmMiscProject/deepfake-ViT/test_data_v3/StyleGAN3/fake/StyleGAN3__StyleGAN3_ff_630__seed19653.png,1
/Users/pickapu/Documents/PyCharmMiscProject/deepfake-ViT/test_data_v3/real/real__565__221.png,0
/Users/pickapu/Documents/PyCharmMiscProject/deepfake-ViT/test_data_v3/StyleGAN3/fake/StyleGAN3__StyleGAN3_Fake_from_Celeb-real_id59_0002__seed23062.png,1
/Users/pickapu/Documents/PyCharmMiscProject/deepfake-ViT/test_data_v3/real/real__219__180.png,0
/Users/pickapu/Documents/PyCharmMiscProject/deepfake-ViT/test_data_v3/real/real__887__174.png,0
/Users/pickapu/Documents/PyCharmMiscProject/deepfake-ViT/test_data_v3/StyleGAN3/fake/StyleGAN3__StyleGAN3_ff_683__seed20034.png,1
/Users/pickapu/Documents/PyCharmMiscProject/deepfake-ViT/test_data_v3/StyleGAN3/fake/StyleGAN3__StyleGAN3_Fake_from_Celeb-real_id37_0008__seed22333.png,1
/Users/pickapu/Documents/PyCharmMiscProject/deepfake-ViT/test_data_v3/StyleGAN3/fake/StyleGAN3__StyleGAN3_ff_352__seed18201.png,1
/Users/pickapu/Documents/PyCharmMiscProject/deepfake-ViT/test_data_v3/StyleGAN3/fake/StyleGAN3__StyleGAN3_ff_739__seed18393.png,1
/Users/pickapu/Documents/PyCharmMiscProject/deepfake-ViT/test_data_v3/real/real__357__178.png,0
/Users/pickapu/Documents/PyCharmMiscProject/deepfake-ViT/test_data_v3/real/real__758__201.png,0
/Users/pickapu/Documents/PyCharmMiscProject/deepfake-ViT/test_data_v3/real/real__610__202.png,0
/Users/pickapu/Documents/PyCharmMiscProject/deepfake-ViT/test_data_v3/real/real__940__158.png,0
/Users/pickapu/Documents/PyCharmMiscProject/deepfake-ViT/test_data_v3/StyleGAN3/fake/StyleGAN3__StyleGAN3_Fake_from_Celeb-real_id5_0009__seed25780.png,1
/Users/pickapu/Documents/PyCharmMiscProject/deepfake-ViT/test_data_v3/StyleGAN3/fake/StyleGAN3__StyleGAN3_Fake_from_Celeb-real_id50_0004__seed18791.png,1
/Users/pickapu/Documents/PyCharmMiscProject/deepfake-ViT/test_data_v3/StyleGAN3/fake/StyleGAN3__StyleGAN3_Fake_from_Celeb-real_id30_0000__seed22531.png,1
/Users/pickapu/Documents/PyCharmMiscProject/deepfake-ViT/test_data_v3/StyleGAN3/fake/StyleGAN3__StyleGAN3_Fake_from_Celeb-real_id16_0001__seed22067.png,1
/Users/pickapu/Documents/PyCharmMiscProject/deepfake-ViT/test_data_v3/real/real__514__185.png,0
/Users/pickapu/Documents/PyCharmMiscProject/deepfake-ViT/test_data_v3/real/real__146__484.png,0
/Users/pickapu/Documents/PyCharmMiscProject/deepfake-ViT/test_data_v3/StyleGAN3/fake/StyleGAN3__StyleGAN3_Fake_from_Celeb-real_id56_0000__seed25103.png,1
/Users/pickapu/Documents/PyCharmMiscProject/deepfake-ViT/test_data_v3/StyleGAN3/fake/StyleGAN3__StyleGAN3_Fake_from_Celeb-real_id27_0003__seed22892.png,1
/Users/pickapu/Documents/PyCharmMiscProject/deepfake-ViT/test_data_v3/real/real__488__266.png,0
/Users/pickapu/Documents/PyCharmMiscProject/deepfake-ViT/test_data_v3/real/real__943__242.png,0
/Users/pickapu/Documents/PyCharmMiscProject/deepfake-ViT/test_data_v3/StyleGAN3/fake/StyleGAN3__StyleGAN3_Fake_from_Celeb-real_id57_0000__seed21057.png,1
/Users/pickapu/Documents/PyCharmMiscProject/deepfake-ViT/test_data_v3/real/real__872__244.png,0
/Users/pickapu/Documents/PyCharmMiscProject/deepfake-ViT/test_data_v3/real/real__208__239.png,0
/Users/pickapu/Documents/PyCharmMiscProject/deepfake-ViT/test_data_v3/StyleGAN3/fake/StyleGAN3__StyleGAN3_ff_314__seed18177.png,1
/Users/pickapu/Documents/PyCharmMiscProject/deepfake-ViT/test_data_v3/StyleGAN3/fake/StyleGAN3__StyleGAN3_Fake_from_Celeb-real_id47_0002__seed22830.png,1
/Users/pickapu/Documents/PyCharmMiscProject/deepfake-ViT/test_data_v3/StyleGAN3/fake/StyleGAN3__StyleGAN3_Fake_from_Celeb-real_id45_0004__seed21589.png,1
/Users/pickapu/Documents/PyCharmMiscProject/deepfake-ViT/test_data_v3/StyleGAN3/fake/StyleGAN3__StyleGAN3_Fake_from_Youtube-real_00006__seed2309.png,1
/Users/pickapu/Documents/PyCharmMiscProject/deepfake-ViT/test_data_v3/real/real__230__191.png,0
/Users/pickapu/Documents/PyCharmMiscProject/deepfake-ViT/test_data_v3/StyleGAN3/fake/StyleGAN3__StyleGAN3_Fake_from_Celeb-real_id5_0004__seed25709.png,1
/Users/pickapu/Documents/PyCharmMiscProject/deepfake-ViT/test_data_v3/real/real__183__200.png,0
/Users/pickapu/Documents/PyCharmMiscProject/deepfake-ViT/test_data_v3/StyleGAN3/fake/StyleGAN3__StyleGAN3_ff_608__seed18506.png,1
/Users/pickapu/Documents/PyCharmMiscProject/deepfake-ViT/test_data_v3/StyleGAN3/fake/StyleGAN3__StyleGAN3_Fake_from_Celeb-real_id17_0002__seed24544.png,1
/Users/pickapu/Documents/PyCharmMiscProject/deepfake-ViT/test_data_v3/StyleGAN3/fake/StyleGAN3__StyleGAN3_Fake_from_Celeb-real_id53_0009__seed26788.png,1
/Users/pickapu/Documents/PyCharmMiscProject/deepfake-ViT/test_data_v3/StyleGAN3/fake/StyleGAN3__StyleGAN3_Fake_from_Youtube-real_00221__seed18937.png,1
/Users/pickapu/Documents/PyCharmMiscProject/deepfake-ViT/test_data_v3/StyleGAN3/fake/StyleGAN3__StyleGAN3_Fake_from_Celeb-real_id25_0009__seed24080.png,1
/Users/pickapu/Documents/PyCharmMiscProject/deepfake-ViT/test_data_v3/real/real__00207__060.png,0
/Users/pickapu/Documents/PyCharmMiscProject/deepfake-ViT/test_data_v3/real/real__00188__245.png,0
/Users/pickapu/Documents/PyCharmMiscProject/deepfake-ViT/test_data_v3/StyleGAN3/fake/StyleGAN3__StyleGAN3_Fake_from_Celeb-real_id13_0008__seed23796.png,1
/Users/pickapu/Documents/PyCharmMiscProject/deepfake-ViT/test_data_v3/real/real__748__163.png,0
/Users/pickapu/Documents/PyCharmMiscProject/deepfake-ViT/test_data_v3/StyleGAN3/fake/StyleGAN3__StyleGAN3_Fake_from_Celeb-real_id29_0005__seed18756.png,1
/Users/pickapu/Documents/PyCharmMiscProject/deepfake-ViT/test_data_v3/StyleGAN3/fake/StyleGAN3__StyleGAN3_Fake_from_Celeb-real_id50_0009__seed20751.png,1
/Users/pickapu/Documents/PyCharmMiscProject/deepfake-ViT/test_data_v3/StyleGAN3/fake/StyleGAN3__StyleGAN3_Fake_from_Celeb-real_id35_0002__seed18547.png,1
/Users/pickapu/Documents/PyCharmMiscProject/deepfake-ViT/test_data_v3/real/real__144__177.png,0
/Users/pickapu/Documents/PyCharmMiscProject/deepfake-ViT/test_data_v3/real/real__538__307.png,0
/Users/pickapu/Documents/PyCharmMiscProject/deepfake-ViT/test_data_v3/real/real__317__351.png,0
/Users/pickapu/Documents/PyCharmMiscProject/deepfake-ViT/test_data_v3/real/real__344__325.png,0
/Users/pickapu/Documents/PyCharmMiscProject/deepfake-ViT/test_data_v3/real/real__014__348.png,0
/Users/pickapu/Documents/PyCharmMiscProject/deepfake-ViT/test_data_v3/real/real__995__282.png,0
/Users/pickapu/Documents/PyCharmMiscProject/deepfake-ViT/test_data_v3/real/real__335__197.png,0
/Users/pickapu/Documents/PyCharmMiscProject/deepfake-ViT/test_data_v3/StyleGAN3/fake/StyleGAN3__StyleGAN3_Fake_from_Celeb-real_id56_0003__seed19548.png,1
/Users/pickapu/Documents/PyCharmMiscProject/deepfake-ViT/test_data_v3/StyleGAN3/fake/StyleGAN3__StyleGAN3_Fake_from_Celeb-real_id56_0009__seed20769.png,1
/Users/pickapu/Documents/PyCharmMiscProject/deepfake-ViT/test_data_v3/real/real__id28_0009__170.png,0
/Users/pickapu/Documents/PyCharmMiscProject/deepfake-ViT/test_data_v3/StyleGAN3/fake/StyleGAN3__StyleGAN3_Fake_from_Celeb-real_id32_0000__seed20771.png,1
/Users/pickapu/Documents/PyCharmMiscProject/deepfake-ViT/test_data_v3/real/real__472__246.png,0
/Users/pickapu/Documents/PyCharmMiscProject/deepfake-ViT/test_data_v3/real/real__693__306.png,0
/Users/pickapu/Documents/PyCharmMiscProject/deepfake-ViT/test_data_v3/real/real__id44_0001__161.png,0
/Users/pickapu/Documents/PyCharmMiscProject/deepfake-ViT/test_data_v3/StyleGAN3/fake/StyleGAN3__StyleGAN3_Fake_from_Celeb-real_id13_0007__seed19309.png,1
/Users/pickapu/Documents/PyCharmMiscProject/deepfake-ViT/test_data_v3/StyleGAN3/fake/StyleGAN3__StyleGAN3_ff_214__seed19654.png,1
/Users/pickapu/Documents/PyCharmMiscProject/deepfake-ViT/test_data_v3/StyleGAN3/fake/StyleGAN3__StyleGAN3_Fake_from_Celeb-real_id61_0009__seed23522.png,1
/Users/pickapu/Documents/PyCharmMiscProject/deepfake-ViT/test_data_v3/real/real__134__178.png,0
/Users/pickapu/Documents/PyCharmMiscProject/deepfake-ViT/test_data_v3/real/real__773__298.png,0
/Users/pickapu/Documents/PyCharmMiscProject/deepfake-ViT/test_data_v3/StyleGAN3/fake/StyleGAN3__StyleGAN3_Fake_from_Celeb-real_id61_0005__seed23027.png,1
/Users/pickapu/Documents/PyCharmMiscProject/deepfake-ViT/test_data_v3/real/real__850__315.png,0
/Users/pickapu/Documents/PyCharmMiscProject/deepfake-ViT/test_data_v3/StyleGAN3/fake/StyleGAN3__StyleGAN3_Fake_from_Celeb-real_id23_0008__seed23118.png,1
/Users/pickapu/Documents/PyCharmMiscProject/deepfake-ViT/test_data_v3/real/real__343__153.png,0
/Users/pickapu/Documents/PyCharmMiscProject/deepfake-ViT/test_data_v3/StyleGAN3/fake/StyleGAN3__StyleGAN3_Fake_from_Youtube-real_00095__seed21521.png,1
/Users/pickapu/Documents/PyCharmMiscProject/deepfake-ViT/test_data_v3/StyleGAN3/fake/StyleGAN3__StyleGAN3_Fake_from_Celeb-real_id30_0001__seed18430.png,1
/Users/pickapu/Documents/PyCharmMiscProject/deepfake-ViT/test_data_v3/real/real__id43_0002__172.png,0
/Users/pickapu/Documents/PyCharmMiscProject/deepfake-ViT/test_data_v3/StyleGAN3/fake/StyleGAN3__StyleGAN3_ff_384__seed2301.png,1
/Users/pickapu/Documents/PyCharmMiscProject/deepfake-ViT/test_data_v3/StyleGAN3/fake/StyleGAN3__StyleGAN3_Fake_from_Celeb-real_id25_0008__seed20051.png,1
/Users/pickapu/Documents/PyCharmMiscProject/deepfake-ViT/test_data_v3/StyleGAN3/fake/StyleGAN3__StyleGAN3_Fake_from_Celeb-real_id39_0004__seed23272.png,1
/Users/pickapu/Documents/PyCharmMiscProject/deepfake-ViT/test_data_v3/StyleGAN3/fake/StyleGAN3__StyleGAN3_ff_452__seed16329.png,1
/Users/pickapu/Documents/PyCharmMiscProject/deepfake-ViT/test_data_v3/real/real__00269__163.png,0
/Users/pickapu/Documents/PyCharmMiscProject/deepfake-ViT/test_data_v3/real/real__id33_0008__259.png,0
/Users/pickapu/Documents/PyCharmMiscProject/deepfake-ViT/test_data_v3/real/real__581__196.png,0
/Users/pickapu/Documents/PyCharmMiscProject/deepfake-ViT/test_data_v3/StyleGAN3/fake/StyleGAN3__StyleGAN3_Fake_from_Youtube-real_00075__seed21335.png,1
/Users/pickapu/Documents/PyCharmMiscProject/deepfake-ViT/test_data_v3/StyleGAN3/fake/StyleGAN3__StyleGAN3_ff_529__seed20520.png,1
/Users/pickapu/Documents/PyCharmMiscProject/deepfake-ViT/test_data_v3/StyleGAN3/fake/StyleGAN3__StyleGAN3_Fake_from_Youtube-real_00146__seed24660.png,1
/Users/pickapu/Documents/PyCharmMiscProject/deepfake-ViT/test_data_v3/StyleGAN3/fake/StyleGAN3__StyleGAN3_Fake_from_Celeb-real_id54_0006__seed21743.png,1
/Users/pickapu/Documents/PyCharmMiscProject/deepfake-ViT/test_data_v3/StyleGAN3/fake/StyleGAN3__StyleGAN3_ff_955__seed18537.png,1
/Users/pickapu/Documents/PyCharmMiscProject/deepfake-ViT/test_data_v3/real/real__334__345.png,0
/Users/pickapu/Documents/PyCharmMiscProject/deepfake-ViT/test_data_v3/StyleGAN3/fake/StyleGAN3__StyleGAN3_Fake_from_Celeb-real_id29_0008__seed21642.png,1
/Users/pickapu/Documents/PyCharmMiscProject/deepfake-ViT/test_data_v3/StyleGAN3/fake/StyleGAN3__StyleGAN3_Fake_from_Celeb-real_id8_0005__seed21934.png,1
/Users/pickapu/Documents/PyCharmMiscProject/deepfake-ViT/test_data_v3/StyleGAN3/fake/StyleGAN3__StyleGAN3_Fake_from_Celeb-real_id25_0001__seed22254.png,1
/Users/pickapu/Documents/PyCharmMiscProject/deepfake-ViT/test_data_v3/StyleGAN3/fake/StyleGAN3__StyleGAN3_Fake_from_Celeb-real_id33_0005__seed21701.png,1
/Users/pickapu/Documents/PyCharmMiscProject/deepfake-ViT/test_data_v3/StyleGAN3/fake/StyleGAN3__StyleGAN3_Fake_from_Celeb-real_id61_0000__seed20744.png,1
/Users/pickapu/Documents/PyCharmMiscProject/deepfake-ViT/test_data_v3/real/real__505__279.png,0
/Users/pickapu/Documents/PyCharmMiscProject/deepfake-ViT/test_data_v3/StyleGAN3/fake/StyleGAN3__StyleGAN3_ff_347__seed20929.png,1
/Users/pickapu/Documents/PyCharmMiscProject/deepfake-ViT/test_data_v3/StyleGAN3/fake/StyleGAN3__StyleGAN3_Fake_from_Youtube-real_00237__seed23137.png,1
/Users/pickapu/Documents/PyCharmMiscProject/deepfake-ViT/test_data_v3/real/real__762__214.png,0
/Users/pickapu/Documents/PyCharmMiscProject/deepfake-ViT/test_data_v3/StyleGAN3/fake/StyleGAN3__StyleGAN3_Fake_from_Celeb-real_id9_0003__seed20248.png,1
/Users/pickapu/Documents/PyCharmMiscProject/deepfake-ViT/test_data_v3/real/real__502__163.png,0
/Users/pickapu/Documents/PyCharmMiscProject/deepfake-ViT/test_data_v3/StyleGAN3/fake/StyleGAN3__StyleGAN3_Fake_from_Celeb-real_id11_0000__seed21014.png,1
/Users/pickapu/Documents/PyCharmMiscProject/deepfake-ViT/test_data_v3/real/real__974__163.png,0
/Users/pickapu/Documents/PyCharmMiscProject/deepfake-ViT/test_data_v3/StyleGAN3/fake/StyleGAN3__StyleGAN3_ff_521__seed17377.png,1
/Users/pickapu/Documents/PyCharmMiscProject/deepfake-ViT/test_data_v3/StyleGAN3/fake/StyleGAN3__StyleGAN3_Fake_from_Celeb-real_id55_0001__seed22330.png,1
/Users/pickapu/Documents/PyCharmMiscProject/deepfake-ViT/test_data_v3/StyleGAN3/fake/StyleGAN3__StyleGAN3_Fake_from_Celeb-real_id50_0007__seed22151.png,1
/Users/pickapu/Documents/PyCharmMiscProject/deepfake-ViT/test_data_v3/StyleGAN3/fake/StyleGAN3__StyleGAN3_Fake_from_Celeb-real_id61_0008__seed23300.png,1
/Users/pickapu/Documents/PyCharmMiscProject/deepfake-ViT/test_data_v3/StyleGAN3/fake/StyleGAN3__StyleGAN3_Fake_from_Celeb-real_id19_0001__seed22945.png,1
/Users/pickapu/Documents/PyCharmMiscProject/deepfake-ViT/test_data_v3/real/real__210__432.png,0
/Users/pickapu/Documents/PyCharmMiscProject/deepfake-ViT/test_data_v3/real/real__457__272.png,0
/Users/pickapu/Documents/PyCharmMiscProject/deepfake-ViT/test_data_v3/real/real__894__168.png,0
/Users/pickapu/Documents/PyCharmMiscProject/deepfake-ViT/test_data_v3/real/real__460__329.png,0
/Users/pickapu/Documents/PyCharmMiscProject/deepfake-ViT/test_data_v3/StyleGAN3/fake/StyleGAN3__StyleGAN3_Fake_from_Youtube-real_00137__seed27410.png,1
/Users/pickapu/Documents/PyCharmMiscProject/deepfake-ViT/test_data_v3/StyleGAN3/fake/StyleGAN3__StyleGAN3_Fake_from_Celeb-real_id40_0005__seed21311.png,1
/Users/pickapu/Documents/PyCharmMiscProject/deepfake-ViT/test_data_v3/real/real__732__219.png,0
/Users/pickapu/Documents/PyCharmMiscProject/deepfake-ViT/test_data_v3/StyleGAN3/fake/StyleGAN3__StyleGAN3_ff_462__seed20600.png,1
/Users/pickapu/Documents/PyCharmMiscProject/deepfake-ViT/test_data_v3/real/real__969__183.png,0
/Users/pickapu/Documents/PyCharmMiscProject/deepfake-ViT/test_data_v3/real/real__106__183.png,0
/Users/pickapu/Documents/PyCharmMiscProject/deepfake-ViT/test_data_v3/StyleGAN3/fake/StyleGAN3__StyleGAN3_Fake_from_Celeb-real_id51_0006__seed23195.png,1
/Users/pickapu/Documents/PyCharmMiscProject/deepfake-ViT/test_data_v3/real/real__271__252.png,0
/Users/pickapu/Documents/PyCharmMiscProject/deepfake-ViT/test_data_v3/real/real__00194__237.png,0
/Users/pickapu/Documents/PyCharmMiscProject/deepfake-ViT/test_data_v3/real/real__165__199.png,0
/Users/pickapu/Documents/PyCharmMiscProject/deepfake-ViT/test_data_v3/StyleGAN3/fake/StyleGAN3__StyleGAN3_Fake_from_Celeb-real_id9_0007__seed23871.png,1
/Users/pickapu/Documents/PyCharmMiscProject/deepfake-ViT/test_data_v3/real/real__322__161.png,0
/Users/pickapu/Documents/PyCharmMiscProject/deepfake-ViT/test_data_v3/real/real__023__284.png,0
/Users/pickapu/Documents/PyCharmMiscProject/deepfake-ViT/test_data_v3/real/real__978__390.png,0
/Users/pickapu/Documents/PyCharmMiscProject/deepfake-ViT/test_data_v3/real/real__917__230.png,0
/Users/pickapu/Documents/PyCharmMiscProject/deepfake-ViT/test_data_v3/real/real__id28_0004__160.png,0
/Users/pickapu/Documents/PyCharmMiscProject/deepfake-ViT/test_data_v3/real/real__098__153.png,0
/Users/pickapu/Documents/PyCharmMiscProject/deepfake-ViT/test_data_v3/StyleGAN3/fake/StyleGAN3__StyleGAN3_Fake_from_Youtube-real_00023__seed26829.png,1
/Users/pickapu/Documents/PyCharmMiscProject/deepfake-ViT/test_data_v3/StyleGAN3/fake/StyleGAN3__StyleGAN3_Fake_from_Celeb-real_id7_0002__seed23197.png,1
/Users/pickapu/Documents/PyCharmMiscProject/deepfake-ViT/test_data_v3/StyleGAN3/fake/StyleGAN3__StyleGAN3_Fake_from_Celeb-real_id61_0004__seed2222.png,1
/Users/pickapu/Documents/PyCharmMiscProject/deepfake-ViT/test_data_v3/StyleGAN3/fake/StyleGAN3__StyleGAN3_ff_706__seed19875.png,1
/Users/pickapu/Documents/PyCharmMiscProject/deepfake-ViT/test_data_v3/StyleGAN3/fake/StyleGAN3__StyleGAN3_Fake_from_Youtube-real_00065__seed2260.png,1
/Users/pickapu/Documents/PyCharmMiscProject/deepfake-ViT/test_data_v3/StyleGAN3/fake/StyleGAN3__StyleGAN3_Fake_from_Celeb-real_id16_0003__seed23833.png,1
/Users/pickapu/Documents/PyCharmMiscProject/deepfake-ViT/test_data_v3/StyleGAN3/fake/StyleGAN3__StyleGAN3_ff_219__seed18541.png,1
/Users/pickapu/Documents/PyCharmMiscProject/deepfake-ViT/test_data_v3/StyleGAN3/fake/StyleGAN3__StyleGAN3_ff_423__seed2266.png,1
/Users/pickapu/Documents/PyCharmMiscProject/deepfake-ViT/test_data_v3/real/real__890__175.png,0
/Users/pickapu/Documents/PyCharmMiscProject/deepfake-ViT/test_data_v3/StyleGAN3/fake/StyleGAN3__StyleGAN3_Fake_from_Celeb-real_id41_0006__seed22772.png,1
/Users/pickapu/Documents/PyCharmMiscProject/deepfake-ViT/test_data_v3/StyleGAN3/fake/StyleGAN3__StyleGAN3_Fake_from_Youtube-real_00184__seed19166.png,1
/Users/pickapu/Documents/PyCharmMiscProject/deepfake-ViT/test_data_v3/StyleGAN3/fake/StyleGAN3__StyleGAN3_Fake_from_Youtube-real_00010__seed22558.png,1
/Users/pickapu/Documents/PyCharmMiscProject/deepfake-ViT/test_data_v3/real/real__340__141.png,0
/Users/pickapu/Documents/PyCharmMiscProject/deepfake-ViT/test_data_v3/StyleGAN3/fake/StyleGAN3__StyleGAN3_Fake_from_Celeb-real_id25_0007__seed18557.png,1
/Users/pickapu/Documents/PyCharmMiscProject/deepfake-ViT/test_data_v3/StyleGAN3/fake/StyleGAN3__StyleGAN3_Fake_from_Celeb-real_id10_0004__seed20049.png,1
/Users/pickapu/Documents/PyCharmMiscProject/deepfake-ViT/test_data_v3/real/real__159__167.png,0
/Users/pickapu/Documents/PyCharmMiscProject/deepfake-ViT/test_data_v3/real/real__405__273.png,0
/Users/pickapu/Documents/PyCharmMiscProject/deepfake-ViT/test_data_v3/StyleGAN3/fake/StyleGAN3__StyleGAN3_Fake_from_Celeb-real_id10_0006__seed18565.png,1
/Users/pickapu/Documents/PyCharmMiscProject/deepfake-ViT/test_data_v3/real/real__660__174.png,0
/Users/pickapu/Documents/PyCharmMiscProject/deepfake-ViT/test_data_v3/StyleGAN3/fake/StyleGAN3__StyleGAN3_Fake_from_Youtube-real_00143__seed21881.png,1
/Users/pickapu/Documents/PyCharmMiscProject/deepfake-ViT/test_data_v3/real/real__id32_0003__230.png,0
/Users/pickapu/Documents/PyCharmMiscProject/deepfake-ViT/test_data_v3/real/real__349__242.png,0
/Users/pickapu/Documents/PyCharmMiscProject/deepfake-ViT/test_data_v3/real/real__999__172.png,0
/Users/pickapu/Documents/PyCharmMiscProject/deepfake-ViT/test_data_v3/StyleGAN3/fake/StyleGAN3__StyleGAN3_Fake_from_Celeb-real_id1_0008__seed18283.png,1
/Users/pickapu/Documents/PyCharmMiscProject/deepfake-ViT/test_data_v3/real/real__751__170.png,0
/Users/pickapu/Documents/PyCharmMiscProject/deepfake-ViT/test_data_v3/real/real__id44_0003__176.png,0
/Users/pickapu/Documents/PyCharmMiscProject/deepfake-ViT/test_data_v3/StyleGAN3/fake/StyleGAN3__StyleGAN3_Fake_from_Celeb-real_id7_0001__seed18587.png,1
/Users/pickapu/Documents/PyCharmMiscProject/deepfake-ViT/test_data_v3/StyleGAN3/fake/StyleGAN3__StyleGAN3_Fake_from_Celeb-real_id20_0000__seed20355.png,1
/Users/pickapu/Documents/PyCharmMiscProject/deepfake-ViT/test_data_v3/real/real__id52_0002__278.png,0
/Users/pickapu/Documents/PyCharmMiscProject/deepfake-ViT/test_data_v3/StyleGAN3/fake/StyleGAN3__StyleGAN3_ff_158__seed20401.png,1
/Users/pickapu/Documents/PyCharmMiscProject/deepfake-ViT/test_data_v3/StyleGAN3/fake/StyleGAN3__StyleGAN3_Fake_from_Celeb-real_id30_0005__seed19578.png,1
/Users/pickapu/Documents/PyCharmMiscProject/deepfake-ViT/test_data_v3/real/real__019__312.png,0
/Users/pickapu/Documents/PyCharmMiscProject/deepfake-ViT/test_data_v3/StyleGAN3/fake/StyleGAN3__StyleGAN3_Fake_from_Celeb-real_id36_0003__seed23193.png,1
/Users/pickapu/Documents/PyCharmMiscProject/deepfake-ViT/test_data_v3/real/real__540__493.png,0
/Users/pickapu/Documents/PyCharmMiscProject/deepfake-ViT/test_data_v3/real/real__052__166.png,0
/Users/pickapu/Documents/PyCharmMiscProject/deepfake-ViT/test_data_v3/StyleGAN3/fake/StyleGAN3__StyleGAN3_Fake_from_Celeb-real_id28_0000__seed24141.png,1
/Users/pickapu/Documents/PyCharmMiscProject/deepfake-ViT/test_data_v3/real/real__155__427.png,0
/Users/pickapu/Documents/PyCharmMiscProject/deepfake-ViT/test_data_v3/StyleGAN3/fake/StyleGAN3__StyleGAN3_Fake_from_Youtube-real_00053__seed22627.png,1
/Users/pickapu/Documents/PyCharmMiscProject/deepfake-ViT/test_data_v3/real/real__284__248.png,0
/Users/pickapu/Documents/PyCharmMiscProject/deepfake-ViT/test_data_v3/real/real__306__375.png,0
/Users/pickapu/Documents/PyCharmMiscProject/deepfake-ViT/test_data_v3/real/real__503__347.png,0
/Users/pickapu/Documents/PyCharmMiscProject/deepfake-ViT/test_data_v3/real/real__015__225.png,0
/Users/pickapu/Documents/PyCharmMiscProject/deepfake-ViT/test_data_v3/StyleGAN3/fake/StyleGAN3__StyleGAN3_Fake_from_Celeb-real_id38_0001__seed20831.png,1
/Users/pickapu/Documents/PyCharmMiscProject/deepfake-ViT/test_data_v3/real/real__056__192.png,0
/Users/pickapu/Documents/PyCharmMiscProject/deepfake-ViT/test_data_v3/real/real__164__493.png,0
/Users/pickapu/Documents/PyCharmMiscProject/deepfake-ViT/test_data_v3/StyleGAN3/fake/StyleGAN3__StyleGAN3_Fake_from_Celeb-real_id22_0004__seed24897.png,1
/Users/pickapu/Documents/PyCharmMiscProject/deepfake-ViT/test_data_v3/real/real__527__176.png,0
/Users/pickapu/Documents/PyCharmMiscProject/deepfake-ViT/test_data_v3/StyleGAN3/fake/StyleGAN3__StyleGAN3_Fake_from_Youtube-real_00056__seed22181.png,1
/Users/pickapu/Documents/PyCharmMiscProject/deepfake-ViT/test_data_v3/StyleGAN3/fake/StyleGAN3__StyleGAN3_Fake_from_Celeb-real_id52_0008__seed24683.png,1
/Users/pickapu/Documents/PyCharmMiscProject/deepfake-ViT/test_data_v3/StyleGAN3/fake/StyleGAN3__StyleGAN3_Fake_from_Celeb-real_id1_0009__seed22962.png,1
/Users/pickapu/Documents/PyCharmMiscProject/deepfake-ViT/test_data_v3/StyleGAN3/fake/StyleGAN3__StyleGAN3_Fake_from_Youtube-real_00084__seed21491.png,1
/Users/pickapu/Documents/PyCharmMiscProject/deepfake-ViT/test_data_v3/StyleGAN3/fake/StyleGAN3__StyleGAN3_Fake_from_Celeb-real_id12_0005__seed2681.png,1
/Users/pickapu/Documents/PyCharmMiscProject/deepfake-ViT/test_data_v3/StyleGAN3/fake/StyleGAN3__StyleGAN3_Fake_from_Celeb-real_id2_0008__seed2504.png,1
/Users/pickapu/Documents/PyCharmMiscProject/deepfake-ViT/test_data_v3/StyleGAN3/fake/StyleGAN3__StyleGAN3_Fake_from_Celeb-real_id35_0007__seed22242.png,1
/Users/pickapu/Documents/PyCharmMiscProject/deepfake-ViT/test_data_v3/StyleGAN3/fake/StyleGAN3__StyleGAN3_ff_376__seed3715.png,1
/Users/pickapu/Documents/PyCharmMiscProject/deepfake-ViT/test_data_v3/real/real__970__245.png,0
/Users/pickapu/Documents/PyCharmMiscProject/deepfake-ViT/test_data_v3/StyleGAN3/fake/StyleGAN3__StyleGAN3_Fake_from_Celeb-real_id2_0007__seed21089.png,1
/Users/pickapu/Documents/PyCharmMiscProject/deepfake-ViT/test_data_v3/StyleGAN3/fake/StyleGAN3__StyleGAN3_Fake_from_Celeb-real_id22_0006__seed2076.png,1
/Users/pickapu/Documents/PyCharmMiscProject/deepfake-ViT/test_data_v3/real/real__743__160.png,0
/Users/pickapu/Documents/PyCharmMiscProject/deepfake-ViT/test_data_v3/StyleGAN3/fake/StyleGAN3__StyleGAN3_Fake_from_Youtube-real_00247__seed2490.png,1
/Users/pickapu/Documents/PyCharmMiscProject/deepfake-ViT/test_data_v3/real/real__392__241.png,0
/Users/pickapu/Documents/PyCharmMiscProject/deepfake-ViT/test_data_v3/StyleGAN3/fake/StyleGAN3__StyleGAN3_Fake_from_Youtube-real_00103__seed23915.png,1
/Users/pickapu/Documents/PyCharmMiscProject/deepfake-ViT/test_data_v3/real/real__259__228.png,0
/Users/pickapu/Documents/PyCharmMiscProject/deepfake-ViT/test_data_v3/real/real__378__392.png,0
/Users/pickapu/Documents/PyCharmMiscProject/deepfake-ViT/test_data_v3/StyleGAN3/fake/StyleGAN3__StyleGAN3_Fake_from_Celeb-real_id0_0002__seed26784.png,1
/Users/pickapu/Documents/PyCharmMiscProject/deepfake-ViT/test_data_v3/StyleGAN3/fake/StyleGAN3__StyleGAN3_ff_420__seed18275.png,1
/Users/pickapu/Documents/PyCharmMiscProject/deepfake-ViT/test_data_v3/real/real__573__315.png,0
/Users/pickapu/Documents/PyCharmMiscProject/deepfake-ViT/test_data_v3/real/real__105__154.png,0
/Users/pickapu/Documents/PyCharmMiscProject/deepfake-ViT/test_data_v3/StyleGAN3/fake/StyleGAN3__StyleGAN3_ff_480__seed18072.png,1
/Users/pickapu/Documents/PyCharmMiscProject/deepfake-ViT/test_data_v3/StyleGAN3/fake/StyleGAN3__StyleGAN3_Fake_from_Youtube-real_00134__seed23176.png,1
/Users/pickapu/Documents/PyCharmMiscProject/deepfake-ViT/test_data_v3/StyleGAN3/fake/StyleGAN3__StyleGAN3_Fake_from_Celeb-real_id42_0001__seed25032.png,1
/Users/pickapu/Documents/PyCharmMiscProject/deepfake-ViT/test_data_v3/real/real__361__234.png,0
/Users/pickapu/Documents/PyCharmMiscProject/deepfake-ViT/test_data_v3/real/real__611__332.png,0
/Users/pickapu/Documents/PyCharmMiscProject/deepfake-ViT/test_data_v3/real/real__778__168.png,0
/Users/pickapu/Documents/PyCharmMiscProject/deepfake-ViT/test_data_v3/real/real__864__167.png,0
/Users/pickapu/Documents/PyCharmMiscProject/deepfake-ViT/test_data_v3/StyleGAN3/fake/StyleGAN3__StyleGAN3_Fake_from_Celeb-real_id60_0008__seed28143.png,1
/Users/pickapu/Documents/PyCharmMiscProject/deepfake-ViT/test_data_v3/StyleGAN3/fake/StyleGAN3__StyleGAN3_Fake_from_Youtube-real_00240__seed21982.png,1
/Users/pickapu/Documents/PyCharmMiscProject/deepfake-ViT/test_data_v3/real/real__901__269.png,0
/Users/pickapu/Documents/PyCharmMiscProject/deepfake-ViT/test_data_v3/StyleGAN3/fake/StyleGAN3__StyleGAN3_Fake_from_Celeb-real_id41_0007__seed25437.png,1
/Users/pickapu/Documents/PyCharmMiscProject/deepfake-ViT/test_data_v3/real/real__704__231.png,0
/Users/pickapu/Documents/PyCharmMiscProject/deepfake-ViT/test_data_v3/real/real__883__222.png,0
/Users/pickapu/Documents/PyCharmMiscProject/deepfake-ViT/test_data_v3/real/real__805__211.png,0
/Users/pickapu/Documents/PyCharmMiscProject/deepfake-ViT/test_data_v3/StyleGAN3/fake/StyleGAN3__StyleGAN3_Fake_from_Youtube-real_00060__seed23858.png,1
/Users/pickapu/Documents/PyCharmMiscProject/deepfake-ViT/test_data_v3/StyleGAN3/fake/StyleGAN3__StyleGAN3_Fake_from_Youtube-real_00293__seed20925.png,1
/Users/pickapu/Documents/PyCharmMiscProject/deepfake-ViT/test_data_v3/StyleGAN3/fake/StyleGAN3__StyleGAN3_Fake_from_Youtube-real_00232__seed26261.png,1
/Users/pickapu/Documents/PyCharmMiscProject/deepfake-ViT/test_data_v3/StyleGAN3/fake/StyleGAN3__StyleGAN3_Fake_from_Youtube-real_00041__seed24088.png,1
/Users/pickapu/Documents/PyCharmMiscProject/deepfake-ViT/test_data_v3/real/real__984__174.png,0
/Users/pickapu/Documents/PyCharmMiscProject/deepfake-ViT/test_data_v3/StyleGAN3/fake/StyleGAN3__StyleGAN3_Fake_from_Youtube-real_00297__seed21488.png,1
/Users/pickapu/Documents/PyCharmMiscProject/deepfake-ViT/test_data_v3/StyleGAN3/fake/StyleGAN3__StyleGAN3_Fake_from_Celeb-real_id59_0009__seed20529.png,1
/Users/pickapu/Documents/PyCharmMiscProject/deepfake-ViT/test_data_v3/StyleGAN3/fake/StyleGAN3__StyleGAN3_Fake_from_Youtube-real_00120__seed20222.png,1
/Users/pickapu/Documents/PyCharmMiscProject/deepfake-ViT/test_data_v3/real/real__414__302.png,0
/Users/pickapu/Documents/PyCharmMiscProject/deepfake-ViT/test_data_v3/real/real__285__197.png,0
/Users/pickapu/Documents/PyCharmMiscProject/deepfake-ViT/test_data_v3/real/real__002__357.png,0
/Users/pickapu/Documents/PyCharmMiscProject/deepfake-ViT/test_data_v3/real/real__246__255.png,0
/Users/pickapu/Documents/PyCharmMiscProject/deepfake-ViT/test_data_v3/StyleGAN3/fake/StyleGAN3__StyleGAN3_Fake_from_Youtube-real_00039__seed21272.png,1
/Users/pickapu/Documents/PyCharmMiscProject/deepfake-ViT/test_data_v3/real/real__817__215.png,0
/Users/pickapu/Documents/PyCharmMiscProject/deepfake-ViT/test_data_v3/StyleGAN3/fake/StyleGAN3__StyleGAN3_Fake_from_Youtube-real_00215__seed21565.png,1
/Users/pickapu/Documents/PyCharmMiscProject/deepfake-ViT/test_data_v3/real/real__445__475.png,0
/Users/pickapu/Documents/PyCharmMiscProject/deepfake-ViT/test_data_v3/StyleGAN3/fake/StyleGAN3__StyleGAN3_Fake_from_Celeb-real_id10_0005__seed22633.png,1
/Users/pickapu/Documents/PyCharmMiscProject/deepfake-ViT/test_data_v3/StyleGAN3/fake/StyleGAN3__StyleGAN3_Fake_from_Youtube-real_00260__seed27305.png,1
/Users/pickapu/Documents/PyCharmMiscProject/deepfake-ViT/test_data_v3/real/real__351__352.png,0
/Users/pickapu/Documents/PyCharmMiscProject/deepfake-ViT/test_data_v3/StyleGAN3/fake/StyleGAN3__StyleGAN3_Fake_from_Celeb-real_id5_0003__seed19157.png,1
/Users/pickapu/Documents/PyCharmMiscProject/deepfake-ViT/test_data_v3/StyleGAN3/fake/StyleGAN3__StyleGAN3_ff_233__seed20513.png,1
/Users/pickapu/Documents/PyCharmMiscProject/deepfake-ViT/test_data_v3/real/real__749__357.png,0
/Users/pickapu/Documents/PyCharmMiscProject/deepfake-ViT/test_data_v3/StyleGAN3/fake/StyleGAN3__StyleGAN3_Fake_from_Youtube-real_00127__seed22915.png,1
/Users/pickapu/Documents/PyCharmMiscProject/deepfake-ViT/test_data_v3/StyleGAN3/fake/StyleGAN3__StyleGAN3_ff_371__seed18172.png,1
/Users/pickapu/Documents/PyCharmMiscProject/deepfake-ViT/test_data_v3/StyleGAN3/fake/StyleGAN3__StyleGAN3_ff_142__seed19057.png,1
/Users/pickapu/Documents/PyCharmMiscProject/deepfake-ViT/test_data_v3/StyleGAN3/fake/StyleGAN3__StyleGAN3_Fake_from_Celeb-real_id9_0005__seed22852.png,1
/Users/pickapu/Documents/PyCharmMiscProject/deepfake-ViT/test_data_v3/StyleGAN3/fake/StyleGAN3__StyleGAN3_Fake_from_Celeb-real_id28_0005__seed2314.png,1
/Users/pickapu/Documents/PyCharmMiscProject/deepfake-ViT/test_data_v3/real/real__572__178.png,0
/Users/pickapu/Documents/PyCharmMiscProject/deepfake-ViT/test_data_v3/real/real__00288__241.png,0
/Users/pickapu/Documents/PyCharmMiscProject/deepfake-ViT/test_data_v3/real/real__120__208.png,0
/Users/pickapu/Documents/PyCharmMiscProject/deepfake-ViT/test_data_v3/real/real__00213__252.png,0
/Users/pickapu/Documents/PyCharmMiscProject/deepfake-ViT/test_data_v3/StyleGAN3/fake/StyleGAN3__StyleGAN3_Fake_from_Celeb-real_id16_0005__seed21140.png,1
/Users/pickapu/Documents/PyCharmMiscProject/deepfake-ViT/test_data_v3/real/real__id1_0008__267.png,0
/Users/pickapu/Documents/PyCharmMiscProject/deepfake-ViT/test_data_v3/real/real__690__170.png,0
/Users/pickapu/Documents/PyCharmMiscProject/deepfake-ViT/test_data_v3/real/real__id28_0007__154.png,0
/Users/pickapu/Documents/PyCharmMiscProject/deepfake-ViT/test_data_v3/real/real__576__237.png,0
/Users/pickapu/Documents/PyCharmMiscProject/deepfake-ViT/test_data_v3/StyleGAN3/fake/StyleGAN3__StyleGAN3_Fake_from_Youtube-real_00118__seed24533.png,1
/Users/pickapu/Documents/PyCharmMiscProject/deepfake-ViT/test_data_v3/StyleGAN3/fake/StyleGAN3__StyleGAN3_ff_759__seed17874.png,1
/Users/pickapu/Documents/PyCharmMiscProject/deepfake-ViT/test_data_v3/StyleGAN3/fake/StyleGAN3__StyleGAN3_ff_047__seed20131.png,1
/Users/pickapu/Documents/PyCharmMiscProject/deepfake-ViT/test_data_v3/real/real__543__370.png,0
/Users/pickapu/Documents/PyCharmMiscProject/deepfake-ViT/test_data_v3/real/real__220__183.png,0
/Users/pickapu/Documents/PyCharmMiscProject/deepfake-ViT/test_data_v3/StyleGAN3/fake/StyleGAN3__StyleGAN3_Fake_from_Youtube-real_00102__seed21116.png,1
/Users/pickapu/Documents/PyCharmMiscProject/deepfake-ViT/test_data_v3/real/real__00287__241.png,0
/Users/pickapu/Documents/PyCharmMiscProject/deepfake-ViT/test_data_v3/StyleGAN3/fake/StyleGAN3__StyleGAN3_Fake_from_Youtube-real_00255__seed24835.png,1
/Users/pickapu/Documents/PyCharmMiscProject/deepfake-ViT/test_data_v3/StyleGAN3/fake/StyleGAN3__StyleGAN3_Fake_from_Celeb-real_id52_0002__seed18699.png,1
/Users/pickapu/Documents/PyCharmMiscProject/deepfake-ViT/test_data_v3/StyleGAN3/fake/StyleGAN3__StyleGAN3_Fake_from_Youtube-real_00280__seed21257.png,1
/Users/pickapu/Documents/PyCharmMiscProject/deepfake-ViT/test_data_v3/StyleGAN3/fake/StyleGAN3__StyleGAN3_Fake_from_Celeb-real_id51_0007__seed21893.png,1
/Users/pickapu/Documents/PyCharmMiscProject/deepfake-ViT/test_data_v3/StyleGAN3/fake/StyleGAN3__StyleGAN3_ff_552__seed19729.png,1
/Users/pickapu/Documents/PyCharmMiscProject/deepfake-ViT/test_data_v3/StyleGAN3/fake/StyleGAN3__StyleGAN3_Fake_from_Celeb-real_id34_0003__seed23381.png,1
/Users/pickapu/Documents/PyCharmMiscProject/deepfake-ViT/test_data_v3/real/real__650__357.png,0
/Users/pickapu/Documents/PyCharmMiscProject/deepfake-ViT/test_data_v3/real/real__id29_0008__231.png,0
/Users/pickapu/Documents/PyCharmMiscProject/deepfake-ViT/test_data_v3/real/real__00284__238.png,0
/Users/pickapu/Documents/PyCharmMiscProject/deepfake-ViT/test_data_v3/real/real__081__414.png,0
/Users/pickapu/Documents/PyCharmMiscProject/deepfake-ViT/test_data_v3/StyleGAN3/fake/StyleGAN3__StyleGAN3_Fake_from_Celeb-real_id5_0008__seed24550.png,1
/Users/pickapu/Documents/PyCharmMiscProject/deepfake-ViT/test_data_v3/real/real__295__211.png,0
/Users/pickapu/Documents/PyCharmMiscProject/deepfake-ViT/test_data_v3/StyleGAN3/fake/StyleGAN3__StyleGAN3_Fake_from_Youtube-real_00070__seed2065.png,1
/Users/pickapu/Documents/PyCharmMiscProject/deepfake-ViT/test_data_v3/StyleGAN3/fake/StyleGAN3__StyleGAN3_Fake_from_Celeb-real_id21_0008__seed2154.png,1
/Users/pickapu/Documents/PyCharmMiscProject/deepfake-ViT/test_data_v3/StyleGAN3/fake/StyleGAN3__StyleGAN3_ff_670__seed1958.png,1
/Users/pickapu/Documents/PyCharmMiscProject/deepfake-ViT/test_data_v3/real/real__450__398.png,0
/Users/pickapu/Documents/PyCharmMiscProject/deepfake-ViT/test_data_v3/real/real__328__164.png,0
/Users/pickapu/Documents/PyCharmMiscProject/deepfake-ViT/test_data_v3/StyleGAN3/fake/StyleGAN3__StyleGAN3_Fake_from_Celeb-real_id39_0005__seed21008.png,1
/Users/pickapu/Documents/PyCharmMiscProject/deepfake-ViT/test_data_v3/StyleGAN3/fake/StyleGAN3__StyleGAN3_Fake_from_Youtube-real_00159__seed21052.png,1
/Users/pickapu/Documents/PyCharmMiscProject/deepfake-ViT/test_data_v3/real/real__038__156.png,0
/Users/pickapu/Documents/PyCharmMiscProject/deepfake-ViT/test_data_v3/StyleGAN3/fake/StyleGAN3__StyleGAN3_Fake_from_Youtube-real_00265__seed21970.png,1
/Users/pickapu/Documents/PyCharmMiscProject/deepfake-ViT/test_data_v3/StyleGAN3/fake/StyleGAN3__StyleGAN3_Fake_from_Youtube-real_00203__seed22666.png,1
/Users/pickapu/Documents/PyCharmMiscProject/deepfake-ViT/test_data_v3/StyleGAN3/fake/StyleGAN3__StyleGAN3_Fake_from_Youtube-real_00052__seed21314.png,1
/Users/pickapu/Documents/PyCharmMiscProject/deepfake-ViT/test_data_v3/StyleGAN3/fake/StyleGAN3__StyleGAN3_Fake_from_Youtube-real_00094__seed23569.png,1
/Users/pickapu/Documents/PyCharmMiscProject/deepfake-ViT/test_data_v3/StyleGAN3/fake/StyleGAN3__StyleGAN3_ff_399__seed1889.png,1
/Users/pickapu/Documents/PyCharmMiscProject/deepfake-ViT/test_data_v3/StyleGAN3/fake/StyleGAN3__StyleGAN3_Fake_from_Youtube-real_00121__seed23598.png,1
/Users/pickapu/Documents/PyCharmMiscProject/deepfake-ViT/test_data_v3/StyleGAN3/fake/StyleGAN3__StyleGAN3_Fake_from_Youtube-real_00074__seed20544.png,1
/Users/pickapu/Documents/PyCharmMiscProject/deepfake-ViT/test_data_v3/StyleGAN3/fake/StyleGAN3__StyleGAN3_ff_953__seed19172.png,1
/Users/pickapu/Documents/PyCharmMiscProject/deepfake-ViT/test_data_v3/real/real__644__212.png,0
/Users/pickapu/Documents/PyCharmMiscProject/deepfake-ViT/test_data_v3/real/real__807__334.png,0
/Users/pickapu/Documents/PyCharmMiscProject/deepfake-ViT/test_data_v3/StyleGAN3/fake/StyleGAN3__StyleGAN3_Fake_from_Celeb-real_id29_0000__seed18733.png,1
/Users/pickapu/Documents/PyCharmMiscProject/deepfake-ViT/test_data_v3/real/real__116__168.png,0
/Users/pickapu/Documents/PyCharmMiscProject/deepfake-ViT/test_data_v3/real/real__id26_0008__163.png,0
/Users/pickapu/Documents/PyCharmMiscProject/deepfake-ViT/test_data_v3/real/real__869__171.png,0
/Users/pickapu/Documents/PyCharmMiscProject/deepfake-ViT/test_data_v3/real/real__id2_0004__218.png,0
/Users/pickapu/Documents/PyCharmMiscProject/deepfake-ViT/test_data_v3/StyleGAN3/fake/StyleGAN3__StyleGAN3_Fake_from_Celeb-real_id41_0008__seed23905.png,1
/Users/pickapu/Documents/PyCharmMiscProject/deepfake-ViT/test_data_v3/real/real__877__293.png,0
/Users/pickapu/Documents/PyCharmMiscProject/deepfake-ViT/test_data_v3/real/real__398__299.png,0
/Users/pickapu/Documents/PyCharmMiscProject/deepfake-ViT/test_data_v3/StyleGAN3/fake/StyleGAN3__StyleGAN3_Fake_from_Celeb-real_id49_0001__seed21409.png,1
/Users/pickapu/Documents/PyCharmMiscProject/deepfake-ViT/test_data_v3/real/real__542__164.png,0
/Users/pickapu/Documents/PyCharmMiscProject/deepfake-ViT/test_data_v3/StyleGAN3/fake/StyleGAN3__StyleGAN3_Fake_from_Youtube-real_00107__seed23622.png,1
/Users/pickapu/Documents/PyCharmMiscProject/deepfake-ViT/test_data_v3/StyleGAN3/fake/StyleGAN3__StyleGAN3_Fake_from_Celeb-real_id35_0006__seed23054.png,1
/Users/pickapu/Documents/PyCharmMiscProject/deepfake-ViT/test_data_v3/real/real__171__278.png,0
/Users/pickapu/Documents/PyCharmMiscProject/deepfake-ViT/test_data_v3/real/real__id36_0000__200.png,0
/Users/pickapu/Documents/PyCharmMiscProject/deepfake-ViT/test_data_v3/StyleGAN3/fake/StyleGAN3__StyleGAN3_Fake_from_Celeb-real_id24_0001__seed25720.png,1
/Users/pickapu/Documents/PyCharmMiscProject/deepfake-ViT/test_data_v3/real/real__00258__237.png,0
/Users/pickapu/Documents/PyCharmMiscProject/deepfake-ViT/test_data_v3/StyleGAN3/fake/StyleGAN3__StyleGAN3_Fake_from_Celeb-real_id56_0006__seed22656.png,1
/Users/pickapu/Documents/PyCharmMiscProject/deepfake-ViT/test_data_v3/StyleGAN3/fake/StyleGAN3__StyleGAN3_Fake_from_Youtube-real_00248__seed19396.png,1
/Users/pickapu/Documents/PyCharmMiscProject/deepfake-ViT/test_data_v3/real/real__428__278.png,0
/Users/pickapu/Documents/PyCharmMiscProject/deepfake-ViT/test_data_v3/real/real__id53_0003__243.png,0
/Users/pickapu/Documents/PyCharmMiscProject/deepfake-ViT/test_data_v3/StyleGAN3/fake/StyleGAN3__StyleGAN3_Fake_from_Celeb-real_id40_0003__seed2133.png,1
/Users/pickapu/Documents/PyCharmMiscProject/deepfake-ViT/test_data_v3/real/real__id2_0003__197.png,0
/Users/pickapu/Documents/PyCharmMiscProject/deepfake-ViT/test_data_v3/real/real__971__182.png,0
/Users/pickapu/Documents/PyCharmMiscProject/deepfake-ViT/test_data_v3/real/real__424__160.png,0
/Users/pickapu/Documents/PyCharmMiscProject/deepfake-ViT/test_data_v3/real/real__258__256.png,0
/Users/pickapu/Documents/PyCharmMiscProject/deepfake-ViT/test_data_v3/StyleGAN3/fake/StyleGAN3__StyleGAN3_Fake_from_Celeb-real_id46_0005__seed21831.png,1
/Users/pickapu/Documents/PyCharmMiscProject/deepfake-ViT/test_data_v3/StyleGAN3/fake/StyleGAN3__StyleGAN3_Fake_from_Youtube-real_00214__seed21886.png,1
/Users/pickapu/Documents/PyCharmMiscProject/deepfake-ViT/test_data_v3/StyleGAN3/fake/StyleGAN3__StyleGAN3_Fake_from_Celeb-real_id3_0003__seed23370.png,1
/Users/pickapu/Documents/PyCharmMiscProject/deepfake-ViT/test_data_v3/StyleGAN3/fake/StyleGAN3__StyleGAN3_Fake_from_Celeb-real_id50_0001__seed23328.png,1
/Users/pickapu/Documents/PyCharmMiscProject/deepfake-ViT/test_data_v3/real/real__id30_0007__234.png,0
/Users/pickapu/Documents/PyCharmMiscProject/deepfake-ViT/test_data_v3/real/real__719__206.png,0
/Users/pickapu/Documents/PyCharmMiscProject/deepfake-ViT/test_data_v3/StyleGAN3/fake/StyleGAN3__StyleGAN3_ff_906__seed18739.png,1
/Users/pickapu/Documents/PyCharmMiscProject/deepfake-ViT/test_data_v3/real/real__00270__162.png,0
/Users/pickapu/Documents/PyCharmMiscProject/deepfake-ViT/test_data_v3/StyleGAN3/fake/StyleGAN3__StyleGAN3_Fake_from_Celeb-real_id35_0001__seed26857.png,1
/Users/pickapu/Documents/PyCharmMiscProject/deepfake-ViT/test_data_v3/real/real__925__183.png,0
/Users/pickapu/Documents/PyCharmMiscProject/deepfake-ViT/test_data_v3/StyleGAN3/fake/StyleGAN3__StyleGAN3_Fake_from_Youtube-real_00266__seed24406.png,1
/Users/pickapu/Documents/PyCharmMiscProject/deepfake-ViT/test_data_v3/StyleGAN3/fake/StyleGAN3__StyleGAN3_Fake_from_Youtube-real_00213__seed20801.png,1
/Users/pickapu/Documents/PyCharmMiscProject/deepfake-ViT/test_data_v3/StyleGAN3/fake/StyleGAN3__StyleGAN3_Fake_from_Celeb-real_id36_0007__seed23661.png,1
/Users/pickapu/Documents/PyCharmMiscProject/deepfake-ViT/test_data_v3/StyleGAN3/fake/StyleGAN3__StyleGAN3_Fake_from_Youtube-real_00028__seed26116.png,1
/Users/pickapu/Documents/PyCharmMiscProject/deepfake-ViT/test_data_v3/StyleGAN3/fake/StyleGAN3__StyleGAN3_Fake_from_Celeb-real_id45_0007__seed20021.png,1
/Users/pickapu/Documents/PyCharmMiscProject/deepfake-ViT/test_data_v3/real/real__id3_0001__195.png,0
/Users/pickapu/Documents/PyCharmMiscProject/deepfake-ViT/test_data_v3/StyleGAN3/fake/StyleGAN3__StyleGAN3_Fake_from_Celeb-real_id36_0004__seed21705.png,1
/Users/pickapu/Documents/PyCharmMiscProject/deepfake-ViT/test_data_v3/StyleGAN3/fake/StyleGAN3__StyleGAN3_Fake_from_Youtube-real_00073__seed25060.png,1
/Users/pickapu/Documents/PyCharmMiscProject/deepfake-ViT/test_data_v3/StyleGAN3/fake/StyleGAN3__StyleGAN3_Fake_from_Youtube-real_00104__seed23250.png,1
/Users/pickapu/Documents/PyCharmMiscProject/deepfake-ViT/test_data_v3/real/real__00011__242.png,0
/Users/pickapu/Documents/PyCharmMiscProject/deepfake-ViT/test_data_v3/StyleGAN3/fake/StyleGAN3__StyleGAN3_Fake_from_Celeb-real_id2_0009__seed21137.png,1
/Users/pickapu/Documents/PyCharmMiscProject/deepfake-ViT/test_data_v3/StyleGAN3/fake/StyleGAN3__StyleGAN3_Fake_from_Celeb-real_id48_0007__seed19709.png,1
/Users/pickapu/Documents/PyCharmMiscProject/deepfake-ViT/test_data_v3/real/real__830__263.png,0
/Users/pickapu/Documents/PyCharmMiscProject/deepfake-ViT/test_data_v3/StyleGAN3/fake/StyleGAN3__StyleGAN3_ff_425__seed19517.png,1
/Users/pickapu/Documents/PyCharmMiscProject/deepfake-ViT/test_data_v3/StyleGAN3/fake/StyleGAN3__StyleGAN3_ff_842__seed18644.png,1
/Users/pickapu/Documents/PyCharmMiscProject/deepfake-ViT/test_data_v3/real/real__203__229.png,0
/Users/pickapu/Documents/PyCharmMiscProject/deepfake-ViT/test_data_v3/real/real__613__213.png,0
/Users/pickapu/Documents/PyCharmMiscProject/deepfake-ViT/test_data_v3/real/real__754__206.png,0
/Users/pickapu/Documents/PyCharmMiscProject/deepfake-ViT/test_data_v3/StyleGAN3/fake/StyleGAN3__StyleGAN3_Fake_from_Celeb-real_id59_0008__seed25135.png,1
/Users/pickapu/Documents/PyCharmMiscProject/deepfake-ViT/test_data_v3/real/real__889__169.png,0
/Users/pickapu/Documents/PyCharmMiscProject/deepfake-ViT/test_data_v3/StyleGAN3/fake/StyleGAN3__StyleGAN3_Fake_from_Celeb-real_id57_0009__seed22269.png,1
/Users/pickapu/Documents/PyCharmMiscProject/deepfake-ViT/test_data_v3/real/real__516__182.png,0
/Users/pickapu/Documents/PyCharmMiscProject/deepfake-ViT/test_data_v3/real/real__938__189.png,0
/Users/pickapu/Documents/PyCharmMiscProject/deepfake-ViT/test_data_v3/StyleGAN3/fake/StyleGAN3__StyleGAN3_ff_995__seed1828.png,1
/Users/pickapu/Documents/PyCharmMiscProject/deepfake-ViT/test_data_v3/real/real__176__193.png,0
/Users/pickapu/Documents/PyCharmMiscProject/deepfake-ViT/test_data_v3/real/real__928__193.png,0
/Users/pickapu/Documents/PyCharmMiscProject/deepfake-ViT/test_data_v3/real/real__111__222.png,0
/Users/pickapu/Documents/PyCharmMiscProject/deepfake-ViT/test_data_v3/real/real__325__274.png,0
/Users/pickapu/Documents/PyCharmMiscProject/deepfake-ViT/test_data_v3/real/real__279__467.png,0
/Users/pickapu/Documents/PyCharmMiscProject/deepfake-ViT/test_data_v3/real/real__338__458.png,0
/Users/pickapu/Documents/PyCharmMiscProject/deepfake-ViT/test_data_v3/StyleGAN3/fake/StyleGAN3__StyleGAN3_ff_661__seed19945.png,1
/Users/pickapu/Documents/PyCharmMiscProject/deepfake-ViT/test_data_v3/real/real__948__223.png,0
/Users/pickapu/Documents/PyCharmMiscProject/deepfake-ViT/test_data_v3/real/real__157__250.png,0
/Users/pickapu/Documents/PyCharmMiscProject/deepfake-ViT/test_data_v3/real/real__234__272.png,0
/Users/pickapu/Documents/PyCharmMiscProject/deepfake-ViT/test_data_v3/StyleGAN3/fake/StyleGAN3__StyleGAN3_ff_650__seed16860.png,1
/Users/pickapu/Documents/PyCharmMiscProject/deepfake-ViT/test_data_v3/StyleGAN3/fake/StyleGAN3__StyleGAN3_Fake_from_Celeb-real_id20_0006__seed20176.png,1
/Users/pickapu/Documents/PyCharmMiscProject/deepfake-ViT/test_data_v3/real/real__886__270.png,0
/Users/pickapu/Documents/PyCharmMiscProject/deepfake-ViT/test_data_v3/real/real__973__274.png,0
/Users/pickapu/Documents/PyCharmMiscProject/deepfake-ViT/test_data_v3/StyleGAN3/fake/StyleGAN3__StyleGAN3_Fake_from_Youtube-real_00149__seed21090.png,1
/Users/pickapu/Documents/PyCharmMiscProject/deepfake-ViT/test_data_v3/real/real__934__194.png,0
/Users/pickapu/Documents/PyCharmMiscProject/deepfake-ViT/test_data_v3/StyleGAN3/fake/StyleGAN3__StyleGAN3_Fake_from_Celeb-real_id6_0006__seed2416.png,1
/Users/pickapu/Documents/PyCharmMiscProject/deepfake-ViT/test_data_v3/StyleGAN3/fake/StyleGAN3__StyleGAN3_Fake_from_Celeb-real_id31_0002__seed17661.png,1
/Users/pickapu/Documents/PyCharmMiscProject/deepfake-ViT/test_data_v3/StyleGAN3/fake/StyleGAN3__StyleGAN3_Fake_from_Celeb-real_id24_0004__seed22952.png,1
/Users/pickapu/Documents/PyCharmMiscProject/deepfake-ViT/test_data_v3/real/real__00133__257.png,0
/Users/pickapu/Documents/PyCharmMiscProject/deepfake-ViT/test_data_v3/real/real__id34_0006__212.png,0
/Users/pickapu/Documents/PyCharmMiscProject/deepfake-ViT/test_data_v3/StyleGAN3/fake/StyleGAN3__StyleGAN3_Fake_from_Youtube-real_00181__seed22682.png,1
/Users/pickapu/Documents/PyCharmMiscProject/deepfake-ViT/test_data_v3/StyleGAN3/fake/StyleGAN3__StyleGAN3_Fake_from_Celeb-real_id12_0006__seed19904.png,1
/Users/pickapu/Documents/PyCharmMiscProject/deepfake-ViT/test_data_v3/StyleGAN3/fake/StyleGAN3__StyleGAN3_Fake_from_Celeb-real_id49_0002__seed20868.png,1
/Users/pickapu/Documents/PyCharmMiscProject/deepfake-ViT/test_data_v3/real/real__988__234.png,0
/Users/pickapu/Documents/PyCharmMiscProject/deepfake-ViT/test_data_v3/real/real__047__164.png,0
/Users/pickapu/Documents/PyCharmMiscProject/deepfake-ViT/test_data_v3/StyleGAN3/fake/StyleGAN3__StyleGAN3_Fake_from_Celeb-real_id47_0009__seed23856.png,1
/Users/pickapu/Documents/PyCharmMiscProject/deepfake-ViT/test_data_v3/StyleGAN3/fake/StyleGAN3__StyleGAN3_Fake_from_Celeb-real_id29_0002__seed25344.png,1
/Users/pickapu/Documents/PyCharmMiscProject/deepfake-ViT/test_data_v3/real/real__834__155.png,0
/Users/pickapu/Documents/PyCharmMiscProject/deepfake-ViT/test_data_v3/StyleGAN3/fake/StyleGAN3__StyleGAN3_Fake_from_Celeb-real_id2_0002__seed22354.png,1
/Users/pickapu/Documents/PyCharmMiscProject/deepfake-ViT/test_data_v3/StyleGAN3/fake/StyleGAN3__StyleGAN3_Fake_from_Celeb-real_id33_0006__seed22404.png,1
/Users/pickapu/Documents/PyCharmMiscProject/deepfake-ViT/test_data_v3/StyleGAN3/fake/StyleGAN3__StyleGAN3_Fake_from_Celeb-real_id41_0004__seed21900.png,1
/Users/pickapu/Documents/PyCharmMiscProject/deepfake-ViT/test_data_v3/real/real__395__230.png,0
/Users/pickapu/Documents/PyCharmMiscProject/deepfake-ViT/test_data_v3/StyleGAN3/fake/StyleGAN3__StyleGAN3_ff_029__seed19083.png,1
/Users/pickapu/Documents/PyCharmMiscProject/deepfake-ViT/test_data_v3/StyleGAN3/fake/StyleGAN3__StyleGAN3_Fake_from_Youtube-real_00147__seed23183.png,1
/Users/pickapu/Documents/PyCharmMiscProject/deepfake-ViT/test_data_v3/StyleGAN3/fake/StyleGAN3__StyleGAN3_Fake_from_Youtube-real_00130__seed2191.png,1
/Users/pickapu/Documents/PyCharmMiscProject/deepfake-ViT/test_data_v3/StyleGAN3/fake/StyleGAN3__StyleGAN3_Fake_from_Celeb-real_id23_0007__seed19164.png,1
/Users/pickapu/Documents/PyCharmMiscProject/deepfake-ViT/test_data_v3/StyleGAN3/fake/StyleGAN3__StyleGAN3_Fake_from_Celeb-real_id26_0005__seed18310.png,1
/Users/pickapu/Documents/PyCharmMiscProject/deepfake-ViT/test_data_v3/real/real__765__199.png,0
/Users/pickapu/Documents/PyCharmMiscProject/deepfake-ViT/test_data_v3/StyleGAN3/fake/StyleGAN3__StyleGAN3_Fake_from_Celeb-real_id44_0005__seed24129.png,1
/Users/pickapu/Documents/PyCharmMiscProject/deepfake-ViT/test_data_v3/real/real__026__165.png,0
/Users/pickapu/Documents/PyCharmMiscProject/deepfake-ViT/test_data_v3/real/real__446__217.png,0
/Users/pickapu/Documents/PyCharmMiscProject/deepfake-ViT/test_data_v3/StyleGAN3/fake/StyleGAN3__StyleGAN3_Fake_from_Celeb-real_id13_0004__seed25561.png,1
/Users/pickapu/Documents/PyCharmMiscProject/deepfake-ViT/test_data_v3/StyleGAN3/fake/StyleGAN3__StyleGAN3_ff_073__seed20929.png,1
/Users/pickapu/Documents/PyCharmMiscProject/deepfake-ViT/test_data_v3/StyleGAN3/fake/StyleGAN3__StyleGAN3_Fake_from_Celeb-real_id23_0001__seed19959.png,1
/Users/pickapu/Documents/PyCharmMiscProject/deepfake-ViT/test_data_v3/StyleGAN3/fake/StyleGAN3__StyleGAN3_ff_707__seed17835.png,1
/Users/pickapu/Documents/PyCharmMiscProject/deepfake-ViT/test_data_v3/StyleGAN3/fake/StyleGAN3__StyleGAN3_Fake_from_Celeb-real_id22_0009__seed2387.png,1
/Users/pickapu/Documents/PyCharmMiscProject/deepfake-ViT/test_data_v3/StyleGAN3/fake/StyleGAN3__StyleGAN3_Fake_from_Youtube-real_00234__seed21952.png,1
/Users/pickapu/Documents/PyCharmMiscProject/deepfake-ViT/test_data_v3/StyleGAN3/fake/StyleGAN3__StyleGAN3_Fake_from_Celeb-real_id50_0005__seed23733.png,1
/Users/pickapu/Documents/PyCharmMiscProject/deepfake-ViT/test_data_v3/StyleGAN3/fake/StyleGAN3__StyleGAN3_Fake_from_Celeb-real_id40_0006__seed22878.png,1
/Users/pickapu/Documents/PyCharmMiscProject/deepfake-ViT/test_data_v3/real/real__927__359.png,0
/Users/pickapu/Documents/PyCharmMiscProject/deepfake-ViT/test_data_v3/real/real__312__220.png,0
/Users/pickapu/Documents/PyCharmMiscProject/deepfake-ViT/test_data_v3/StyleGAN3/fake/StyleGAN3__StyleGAN3_Fake_from_Celeb-real_id0_0003__seed24361.png,1
/Users/pickapu/Documents/PyCharmMiscProject/deepfake-ViT/test_data_v3/StyleGAN3/fake/StyleGAN3__StyleGAN3_Fake_from_Celeb-real_id8_0007__seed25542.png,1
/Users/pickapu/Documents/PyCharmMiscProject/deepfake-ViT/test_data_v3/real/real__667__241.png,0
/Users/pickapu/Documents/PyCharmMiscProject/deepfake-ViT/test_data_v3/real/real__042__173.png,0
/Users/pickapu/Documents/PyCharmMiscProject/deepfake-ViT/test_data_v3/real/real__881__328.png,0
/Users/pickapu/Documents/PyCharmMiscProject/deepfake-ViT/test_data_v3/real/real__238__320.png,0
/Users/pickapu/Documents/PyCharmMiscProject/deepfake-ViT/test_data_v3/real/real__091__329.png,0
/Users/pickapu/Documents/PyCharmMiscProject/deepfake-ViT/test_data_v3/StyleGAN3/fake/StyleGAN3__StyleGAN3_Fake_from_Celeb-real_id54_0005__seed23276.png,1
/Users/pickapu/Documents/PyCharmMiscProject/deepfake-ViT/test_data_v3/StyleGAN3/fake/StyleGAN3__StyleGAN3_Fake_from_Celeb-real_id17_0005__seed2461.png,1
/Users/pickapu/Documents/PyCharmMiscProject/deepfake-ViT/test_data_v3/real/real__839__198.png,0
/Users/pickapu/Documents/PyCharmMiscProject/deepfake-ViT/test_data_v3/StyleGAN3/fake/StyleGAN3__StyleGAN3_Fake_from_Celeb-real_id53_0003__seed21215.png,1
/Users/pickapu/Documents/PyCharmMiscProject/deepfake-ViT/test_data_v3/StyleGAN3/fake/StyleGAN3__StyleGAN3_Fake_from_Youtube-real_00004__seed25233.png,1
/Users/pickapu/Documents/PyCharmMiscProject/deepfake-ViT/test_data_v3/real/real__571__296.png,0
/Users/pickapu/Documents/PyCharmMiscProject/deepfake-ViT/test_data_v3/real/real__314__212.png,0
/Users/pickapu/Documents/PyCharmMiscProject/deepfake-ViT/test_data_v3/real/real__481__213.png,0
/Users/pickapu/Documents/PyCharmMiscProject/deepfake-ViT/test_data_v3/StyleGAN3/fake/StyleGAN3__StyleGAN3_Fake_from_Celeb-real_id21_0002__seed1973.png,1
/Users/pickapu/Documents/PyCharmMiscProject/deepfake-ViT/test_data_v3/real/real__380__234.png,0
/Users/pickapu/Documents/PyCharmMiscProject/deepfake-ViT/test_data_v3/real/real__789__292.png,0
/Users/pickapu/Documents/PyCharmMiscProject/deepfake-ViT/test_data_v3/real/real__829__412.png,0
/Users/pickapu/Documents/PyCharmMiscProject/deepfake-ViT/test_data_v3/StyleGAN3/fake/StyleGAN3__StyleGAN3_Fake_from_Celeb-real_id8_0000__seed26308.png,1
/Users/pickapu/Documents/PyCharmMiscProject/deepfake-ViT/test_data_v3/real/real__896__273.png,0
/Users/pickapu/Documents/PyCharmMiscProject/deepfake-ViT/test_data_v3/StyleGAN3/fake/StyleGAN3__StyleGAN3_Fake_from_Celeb-real_id51_0002__seed2030.png,1
/Users/pickapu/Documents/PyCharmMiscProject/deepfake-ViT/test_data_v3/real/real__id10_0007__242.png,0
/Users/pickapu/Documents/PyCharmMiscProject/deepfake-ViT/test_data_v3/StyleGAN3/fake/StyleGAN3__StyleGAN3_Fake_from_Celeb-real_id45_0006__seed20488.png,1
/Users/pickapu/Documents/PyCharmMiscProject/deepfake-ViT/test_data_v3/StyleGAN3/fake/StyleGAN3__StyleGAN3_Fake_from_Celeb-real_id46_0002__seed21088.png,1
/Users/pickapu/Documents/PyCharmMiscProject/deepfake-ViT/test_data_v3/real/real__837__228.png,0
/Users/pickapu/Documents/PyCharmMiscProject/deepfake-ViT/test_data_v3/real/real__649__479.png,0
/Users/pickapu/Documents/PyCharmMiscProject/deepfake-ViT/test_data_v3/StyleGAN3/fake/StyleGAN3__StyleGAN3_Fake_from_Youtube-real_00031__seed17148.png,1
/Users/pickapu/Documents/PyCharmMiscProject/deepfake-ViT/test_data_v3/real/real__00036__283.png,0
/Users/pickapu/Documents/PyCharmMiscProject/deepfake-ViT/test_data_v3/real/real__id56_0002__186.png,0
/Users/pickapu/Documents/PyCharmMiscProject/deepfake-ViT/test_data_v3/StyleGAN3/fake/StyleGAN3__StyleGAN3_Fake_from_Youtube-real_00034__seed25943.png,1
/Users/pickapu/Documents/PyCharmMiscProject/deepfake-ViT/test_data_v3/StyleGAN3/fake/StyleGAN3__StyleGAN3_Fake_from_Youtube-real_00113__seed2226.png,1
/Users/pickapu/Documents/PyCharmMiscProject/deepfake-ViT/test_data_v3/real/real__id53_0000__243.png,0
/Users/pickapu/Documents/PyCharmMiscProject/deepfake-ViT/test_data_v3/real/real__760__157.png,0
/Users/pickapu/Documents/PyCharmMiscProject/deepfake-ViT/test_data_v3/real/real__386__231.png,0
/Users/pickapu/Documents/PyCharmMiscProject/deepfake-ViT/test_data_v3/real/real__861__306.png,0
/Users/pickapu/Documents/PyCharmMiscProject/deepfake-ViT/test_data_v3/StyleGAN3/fake/StyleGAN3__StyleGAN3_Fake_from_Celeb-real_id32_0009__seed23934.png,1
/Users/pickapu/Documents/PyCharmMiscProject/deepfake-ViT/test_data_v3/StyleGAN3/fake/StyleGAN3__StyleGAN3_Fake_from_Celeb-real_id11_0008__seed21977.png,1
/Users/pickapu/Documents/PyCharmMiscProject/deepfake-ViT/test_data_v3/StyleGAN3/fake/StyleGAN3__StyleGAN3_Fake_from_Youtube-real_00064__seed20767.png,1
/Users/pickapu/Documents/PyCharmMiscProject/deepfake-ViT/test_data_v3/real/real__846__181.png,0
/Users/pickapu/Documents/PyCharmMiscProject/deepfake-ViT/test_data_v3/real/real__id37_0005__235.png,0
/Users/pickapu/Documents/PyCharmMiscProject/deepfake-ViT/test_data_v3/StyleGAN3/fake/StyleGAN3__StyleGAN3_Fake_from_Celeb-real_id40_0002__seed20770.png,1
/Users/pickapu/Documents/PyCharmMiscProject/deepfake-ViT/test_data_v3/real/real__665__166.png,0
/Users/pickapu/Documents/PyCharmMiscProject/deepfake-ViT/test_data_v3/StyleGAN3/fake/StyleGAN3__StyleGAN3_Fake_from_Celeb-real_id21_0009__seed21874.png,1
/Users/pickapu/Documents/PyCharmMiscProject/deepfake-ViT/test_data_v3/StyleGAN3/fake/StyleGAN3__StyleGAN3_Fake_from_Youtube-real_00097__seed20023.png,1
/Users/pickapu/Documents/PyCharmMiscProject/deepfake-ViT/test_data_v3/real/real__242__170.png,0
/Users/pickapu/Documents/PyCharmMiscProject/deepfake-ViT/test_data_v3/StyleGAN3/fake/StyleGAN3__StyleGAN3_Fake_from_Youtube-real_00002__seed24230.png,1
/Users/pickapu/Documents/PyCharmMiscProject/deepfake-ViT/test_data_v3/real/real__802__180.png,0
/Users/pickapu/Documents/PyCharmMiscProject/deepfake-ViT/test_data_v3/real/real__442__182.png,0
/Users/pickapu/Documents/PyCharmMiscProject/deepfake-ViT/test_data_v3/real/real__113__433.png,0
/Users/pickapu/Documents/PyCharmMiscProject/deepfake-ViT/test_data_v3/StyleGAN3/fake/StyleGAN3__StyleGAN3_Fake_from_Celeb-real_id59_0007__seed24017.png,1
/Users/pickapu/Documents/PyCharmMiscProject/deepfake-ViT/test_data_v3/StyleGAN3/fake/StyleGAN3__StyleGAN3_Fake_from_Youtube-real_00030__seed25536.png,1
/Users/pickapu/Documents/PyCharmMiscProject/deepfake-ViT/test_data_v3/real/real__926__171.png,0
/Users/pickapu/Documents/PyCharmMiscProject/deepfake-ViT/test_data_v3/real/real__844__439.png,0
/Users/pickapu/Documents/PyCharmMiscProject/deepfake-ViT/test_data_v3/real/real__662__255.png,0
/Users/pickapu/Documents/PyCharmMiscProject/deepfake-ViT/test_data_v3/real/real__787__258.png,0
/Users/pickapu/Documents/PyCharmMiscProject/deepfake-ViT/test_data_v3/real/real__170__259.png,0
/Users/pickapu/Documents/PyCharmMiscProject/deepfake-ViT/test_data_v3/real/real__907__270.png,0
/Users/pickapu/Documents/PyCharmMiscProject/deepfake-ViT/test_data_v3/StyleGAN3/fake/StyleGAN3__StyleGAN3_Fake_from_Celeb-real_id45_0000__seed21815.png,1
/Users/pickapu/Documents/PyCharmMiscProject/deepfake-ViT/test_data_v3/StyleGAN3/fake/StyleGAN3__StyleGAN3_Fake_from_Youtube-real_00281__seed23805.png,1
/Users/pickapu/Documents/PyCharmMiscProject/deepfake-ViT/test_data_v3/StyleGAN3/fake/StyleGAN3__StyleGAN3_Fake_from_Celeb-real_id13_0011__seed19688.png,1
/Users/pickapu/Documents/PyCharmMiscProject/deepfake-ViT/test_data_v3/real/real__id8_0009__182.png,0
/Users/pickapu/Documents/PyCharmMiscProject/deepfake-ViT/test_data_v3/real/real__131__157.png,0
/Users/pickapu/Documents/PyCharmMiscProject/deepfake-ViT/test_data_v3/StyleGAN3/fake/StyleGAN3__StyleGAN3_Fake_from_Youtube-real_00219__seed22004.png,1
/Users/pickapu/Documents/PyCharmMiscProject/deepfake-ViT/test_data_v3/StyleGAN3/fake/StyleGAN3__StyleGAN3_Fake_from_Youtube-real_00087__seed20706.png,1
/Users/pickapu/Documents/PyCharmMiscProject/deepfake-ViT/test_data_v3/real/real__929__237.png,0
/Users/pickapu/Documents/PyCharmMiscProject/deepfake-ViT/test_data_v3/StyleGAN3/fake/StyleGAN3__StyleGAN3_Fake_from_Celeb-real_id1_0000__seed21453.png,1
/Users/pickapu/Documents/PyCharmMiscProject/deepfake-ViT/test_data_v3/real/real__599__204.png,0
/Users/pickapu/Documents/PyCharmMiscProject/deepfake-ViT/test_data_v3/StyleGAN3/fake/StyleGAN3__StyleGAN3_Fake_from_Youtube-real_00115__seed21147.png,1
/Users/pickapu/Documents/PyCharmMiscProject/deepfake-ViT/test_data_v3/real/real__526__432.png,0
/Users/pickapu/Documents/PyCharmMiscProject/deepfake-ViT/test_data_v3/StyleGAN3/fake/StyleGAN3__StyleGAN3_Fake_from_Celeb-real_id31_0007__seed2429.png,1
/Users/pickapu/Documents/PyCharmMiscProject/deepfake-ViT/test_data_v3/StyleGAN3/fake/StyleGAN3__StyleGAN3_Fake_from_Youtube-real_00269__seed25014.png,1
/Users/pickapu/Documents/PyCharmMiscProject/deepfake-ViT/test_data_v3/StyleGAN3/fake/StyleGAN3__StyleGAN3_Fake_from_Celeb-real_id16_0007__seed20014.png,1
/Users/pickapu/Documents/PyCharmMiscProject/deepfake-ViT/test_data_v3/real/real__804__184.png,0
/Users/pickapu/Documents/PyCharmMiscProject/deepfake-ViT/test_data_v3/StyleGAN3/fake/StyleGAN3__StyleGAN3_Fake_from_Youtube-real_00273__seed18100.png,1
/Users/pickapu/Documents/PyCharmMiscProject/deepfake-ViT/test_data_v3/StyleGAN3/fake/StyleGAN3__StyleGAN3_Fake_from_Celeb-real_id5_0000__seed24935.png,1
/Users/pickapu/Documents/PyCharmMiscProject/deepfake-ViT/test_data_v3/StyleGAN3/fake/StyleGAN3__StyleGAN3_Fake_from_Youtube-real_00132__seed20856.png,1
/Users/pickapu/Documents/PyCharmMiscProject/deepfake-ViT/test_data_v3/real/real__858__248.png,0
/Users/pickapu/Documents/PyCharmMiscProject/deepfake-ViT/test_data_v3/real/real__545__224.png,0
/Users/pickapu/Documents/PyCharmMiscProject/deepfake-ViT/test_data_v3/StyleGAN3/fake/StyleGAN3__StyleGAN3_Fake_from_Youtube-real_00062__seed20702.png,1
/Users/pickapu/Documents/PyCharmMiscProject/deepfake-ViT/test_data_v3/real/real__142__496.png,0
/Users/pickapu/Documents/PyCharmMiscProject/deepfake-ViT/test_data_v3/StyleGAN3/fake/StyleGAN3__StyleGAN3_Fake_from_Youtube-real_00038__seed20660.png,1
/Users/pickapu/Documents/PyCharmMiscProject/deepfake-ViT/test_data_v3/StyleGAN3/fake/StyleGAN3__StyleGAN3_Fake_from_Youtube-real_00040__seed24602.png,1
/Users/pickapu/Documents/PyCharmMiscProject/deepfake-ViT/test_data_v3/real/real__912__333.png,0
/Users/pickapu/Documents/PyCharmMiscProject/deepfake-ViT/test_data_v3/real/real__id54_0007__294.png,0
/Users/pickapu/Documents/PyCharmMiscProject/deepfake-ViT/test_data_v3/real/real__id51_0006__237.png,0
/Users/pickapu/Documents/PyCharmMiscProject/deepfake-ViT/test_data_v3/real/real__433__274.png,0
/Users/pickapu/Documents/PyCharmMiscProject/deepfake-ViT/test_data_v3/real/real__00095__235.png,0
/Users/pickapu/Documents/PyCharmMiscProject/deepfake-ViT/test_data_v3/real/real__521__156.png,0
/Users/pickapu/Documents/PyCharmMiscProject/deepfake-ViT/test_data_v3/StyleGAN3/fake/StyleGAN3__StyleGAN3_Fake_from_Celeb-real_id9_0002__seed18536.png,1
/Users/pickapu/Documents/PyCharmMiscProject/deepfake-ViT/test_data_v3/real/real__181__246.png,0
/Users/pickapu/Documents/PyCharmMiscProject/deepfake-ViT/test_data_v3/StyleGAN3/fake/StyleGAN3__StyleGAN3_Fake_from_Celeb-real_id42_0004__seed24736.png,1
/Users/pickapu/Documents/PyCharmMiscProject/deepfake-ViT/test_data_v3/StyleGAN3/fake/StyleGAN3__StyleGAN3_Fake_from_Celeb-real_id41_0005__seed23548.png,1
/Users/pickapu/Documents/PyCharmMiscProject/deepfake-ViT/test_data_v3/real/real__00265__240.png,0
/Users/pickapu/Documents/PyCharmMiscProject/deepfake-ViT/test_data_v3/StyleGAN3/fake/StyleGAN3__StyleGAN3_ff_507__seed19437.png,1
/Users/pickapu/Documents/PyCharmMiscProject/deepfake-ViT/test_data_v3/StyleGAN3/fake/StyleGAN3__StyleGAN3_Fake_from_Youtube-real_00187__seed23764.png,1
/Users/pickapu/Documents/PyCharmMiscProject/deepfake-ViT/test_data_v3/real/real__547__255.png,0
/Users/pickapu/Documents/PyCharmMiscProject/deepfake-ViT/test_data_v3/StyleGAN3/fake/StyleGAN3__StyleGAN3_Fake_from_Celeb-real_id16_0008__seed21638.png,1
/Users/pickapu/Documents/PyCharmMiscProject/deepfake-ViT/test_data_v3/real/real__264__234.png,0
/Users/pickapu/Documents/PyCharmMiscProject/deepfake-ViT/test_data_v3/StyleGAN3/fake/StyleGAN3__StyleGAN3_Fake_from_Celeb-real_id24_0006__seed22173.png,1
/Users/pickapu/Documents/PyCharmMiscProject/deepfake-ViT/test_data_v3/real/real__465__169.png,0
/Users/pickapu/Documents/PyCharmMiscProject/deepfake-ViT/test_data_v3/real/real__033__417.png,0
/Users/pickapu/Documents/PyCharmMiscProject/deepfake-ViT/test_data_v3/StyleGAN3/fake/StyleGAN3__StyleGAN3_Fake_from_Celeb-real_id7_0009__seed24479.png,1
/Users/pickapu/Documents/PyCharmMiscProject/deepfake-ViT/test_data_v3/StyleGAN3/fake/StyleGAN3__StyleGAN3_Fake_from_Youtube-real_00278__seed22846.png,1
/Users/pickapu/Documents/PyCharmMiscProject/deepfake-ViT/test_data_v3/real/real__437__305.png,0
/Users/pickapu/Documents/PyCharmMiscProject/deepfake-ViT/test_data_v3/real/real__707__499.png,0
/Users/pickapu/Documents/PyCharmMiscProject/deepfake-ViT/test_data_v3/real/real__087__158.png,0
/Users/pickapu/Documents/PyCharmMiscProject/deepfake-ViT/test_data_v3/real/real__00063__230.png,0
/Users/pickapu/Documents/PyCharmMiscProject/deepfake-ViT/test_data_v3/real/real__725__360.png,0
/Users/pickapu/Documents/PyCharmMiscProject/deepfake-ViT/test_data_v3/real/real__354__236.png,0
/Users/pickapu/Documents/PyCharmMiscProject/deepfake-ViT/test_data_v3/real/real__222__209.png,0
/Users/pickapu/Documents/PyCharmMiscProject/deepfake-ViT/test_data_v3/real/real__683__155.png,0
/Users/pickapu/Documents/PyCharmMiscProject/deepfake-ViT/test_data_v3/real/real__697__239.png,0
/Users/pickapu/Documents/PyCharmMiscProject/deepfake-ViT/test_data_v3/StyleGAN3/fake/StyleGAN3__StyleGAN3_Fake_from_Celeb-real_id38_0000__seed2062.png,1
/Users/pickapu/Documents/PyCharmMiscProject/deepfake-ViT/test_data_v3/StyleGAN3/fake/StyleGAN3__StyleGAN3_Fake_from_Celeb-real_id45_0003__seed24147.png,1
/Users/pickapu/Documents/PyCharmMiscProject/deepfake-ViT/test_data_v3/real/real__213__194.png,0
/Users/pickapu/Documents/PyCharmMiscProject/deepfake-ViT/test_data_v3/real/real__00256__166.png,0
/Users/pickapu/Documents/PyCharmMiscProject/deepfake-ViT/test_data_v3/real/real__id48_0000__173.png,0
/Users/pickapu/Documents/PyCharmMiscProject/deepfake-ViT/test_data_v3/real/real__370__191.png,0
/Users/pickapu/Documents/PyCharmMiscProject/deepfake-ViT/test_data_v3/real/real__559__171.png,0
/Users/pickapu/Documents/PyCharmMiscProject/deepfake-ViT/test_data_v3/StyleGAN3/fake/StyleGAN3__StyleGAN3_Fake_from_Celeb-real_id19_0005__seed2396.png,1
/Users/pickapu/Documents/PyCharmMiscProject/deepfake-ViT/test_data_v3/StyleGAN3/fake/StyleGAN3__StyleGAN3_Fake_from_Youtube-real_00175__seed20566.png,1
/Users/pickapu/Documents/PyCharmMiscProject/deepfake-ViT/test_data_v3/real/real__430__183.png,0
/Users/pickapu/Documents/PyCharmMiscProject/deepfake-ViT/test_data_v3/StyleGAN3/fake/StyleGAN3__StyleGAN3_Fake_from_Celeb-real_id52_0005__seed21600.png,1
/Users/pickapu/Documents/PyCharmMiscProject/deepfake-ViT/test_data_v3/StyleGAN3/fake/StyleGAN3__StyleGAN3_Fake_from_Celeb-real_id13_0012__seed24389.png,1
/Users/pickapu/Documents/PyCharmMiscProject/deepfake-ViT/test_data_v3/real/real__663__162.png,0
/Users/pickapu/Documents/PyCharmMiscProject/deepfake-ViT/test_data_v3/real/real__548__295.png,0
/Users/pickapu/Documents/PyCharmMiscProject/deepfake-ViT/test_data_v3/real/real__880__224.png,0
/Users/pickapu/Documents/PyCharmMiscProject/deepfake-ViT/test_data_v3/real/real__600__199.png,0
/Users/pickapu/Documents/PyCharmMiscProject/deepfake-ViT/test_data_v3/real/real__068__206.png,0
/Users/pickapu/Documents/PyCharmMiscProject/deepfake-ViT/test_data_v3/StyleGAN3/fake/StyleGAN3__StyleGAN3_Fake_from_Celeb-real_id11_0003__seed20557.png,1
/Users/pickapu/Documents/PyCharmMiscProject/deepfake-ViT/test_data_v3/StyleGAN3/fake/StyleGAN3__StyleGAN3_Fake_from_Celeb-real_id58_0005__seed22475.png,1
/Users/pickapu/Documents/PyCharmMiscProject/deepfake-ViT/test_data_v3/StyleGAN3/fake/StyleGAN3__StyleGAN3_Fake_from_Celeb-real_id20_0003__seed20025.png,1
/Users/pickapu/Documents/PyCharmMiscProject/deepfake-ViT/test_data_v3/StyleGAN3/fake/StyleGAN3__StyleGAN3_Fake_from_Celeb-real_id61_0006__seed21234.png,1
/Users/pickapu/Documents/PyCharmMiscProject/deepfake-ViT/test_data_v3/StyleGAN3/fake/StyleGAN3__StyleGAN3_Fake_from_Celeb-real_id52_0006__seed2358.png,1
/Users/pickapu/Documents/PyCharmMiscProject/deepfake-ViT/test_data_v3/StyleGAN3/fake/StyleGAN3__StyleGAN3_Fake_from_Youtube-real_00092__seed2380.png,1
/Users/pickapu/Documents/PyCharmMiscProject/deepfake-ViT/test_data_v3/StyleGAN3/fake/StyleGAN3__StyleGAN3_Fake_from_Celeb-real_id30_0003__seed2356.png,1
/Users/pickapu/Documents/PyCharmMiscProject/deepfake-ViT/test_data_v3/StyleGAN3/fake/StyleGAN3__StyleGAN3_Fake_from_Celeb-real_id58_0008__seed20609.png,1
/Users/pickapu/Documents/PyCharmMiscProject/deepfake-ViT/test_data_v3/StyleGAN3/fake/StyleGAN3__StyleGAN3_Fake_from_Celeb-real_id41_0001__seed22788.png,1
/Users/pickapu/Documents/PyCharmMiscProject/deepfake-ViT/test_data_v3/real/real__561__214.png,0
/Users/pickapu/Documents/PyCharmMiscProject/deepfake-ViT/test_data_v3/StyleGAN3/fake/StyleGAN3__StyleGAN3_Fake_from_Celeb-real_id56_0001__seed21999.png,1
/Users/pickapu/Documents/PyCharmMiscProject/deepfake-ViT/test_data_v3/real/real__569__172.png,0
/Users/pickapu/Documents/PyCharmMiscProject/deepfake-ViT/test_data_v3/real/real__824__297.png,0
/Users/pickapu/Documents/PyCharmMiscProject/deepfake-ViT/test_data_v3/real/real__388__327.png,0
/Users/pickapu/Documents/PyCharmMiscProject/deepfake-ViT/test_data_v3/StyleGAN3/fake/StyleGAN3__StyleGAN3_Fake_from_Celeb-real_id1_0001__seed23671.png,1
/Users/pickapu/Documents/PyCharmMiscProject/deepfake-ViT/test_data_v3/StyleGAN3/fake/StyleGAN3__StyleGAN3_Fake_from_Celeb-real_id24_0007__seed22642.png,1
/Users/pickapu/Documents/PyCharmMiscProject/deepfake-ViT/test_data_v3/real/real__id17_0000__156.png,0
/Users/pickapu/Documents/PyCharmMiscProject/deepfake-ViT/test_data_v3/StyleGAN3/fake/StyleGAN3__StyleGAN3_Fake_from_Celeb-real_id6_0008__seed21569.png,1
/Users/pickapu/Documents/PyCharmMiscProject/deepfake-ViT/test_data_v3/StyleGAN3/fake/StyleGAN3__StyleGAN3_Fake_from_Celeb-real_id53_0001__seed23765.png,1
/Users/pickapu/Documents/PyCharmMiscProject/deepfake-ViT/test_data_v3/StyleGAN3/fake/StyleGAN3__StyleGAN3_Fake_from_Celeb-real_id57_0006__seed25091.png,1
/Users/pickapu/Documents/PyCharmMiscProject/deepfake-ViT/test_data_v3/real/real__788__275.png,0
/Users/pickapu/Documents/PyCharmMiscProject/deepfake-ViT/test_data_v3/real/real__560__179.png,0
/Users/pickapu/Documents/PyCharmMiscProject/deepfake-ViT/test_data_v3/StyleGAN3/fake/StyleGAN3__StyleGAN3_Fake_from_Celeb-real_id12_0001__seed23811.png,1
/Users/pickapu/Documents/PyCharmMiscProject/deepfake-ViT/test_data_v3/real/real__495__295.png,0
/Users/pickapu/Documents/PyCharmMiscProject/deepfake-ViT/test_data_v3/real/real__878__379.png,0
/Users/pickapu/Documents/PyCharmMiscProject/deepfake-ViT/test_data_v3/real/real__797__223.png,0
/Users/pickapu/Documents/PyCharmMiscProject/deepfake-ViT/test_data_v3/real/real__441__156.png,0
/Users/pickapu/Documents/PyCharmMiscProject/deepfake-ViT/test_data_v3/StyleGAN3/fake/StyleGAN3__StyleGAN3_ff_949__seed20595.png,1
/Users/pickapu/Documents/PyCharmMiscProject/deepfake-ViT/test_data_v3/StyleGAN3/fake/StyleGAN3__StyleGAN3_Fake_from_Celeb-real_id2_0001__seed23498.png,1
/Users/pickapu/Documents/PyCharmMiscProject/deepfake-ViT/test_data_v3/StyleGAN3/fake/StyleGAN3__StyleGAN3_Fake_from_Celeb-real_id35_0009__seed22400.png,1
/Users/pickapu/Documents/PyCharmMiscProject/deepfake-ViT/test_data_v3/real/real__293__390.png,0
/Users/pickapu/Documents/PyCharmMiscProject/deepfake-ViT/test_data_v3/real/real__491__219.png,0
/Users/pickapu/Documents/PyCharmMiscProject/deepfake-ViT/test_data_v3/real/real__257__368.png,0
/Users/pickapu/Documents/PyCharmMiscProject/deepfake-ViT/test_data_v3/StyleGAN3/fake/StyleGAN3__StyleGAN3_Fake_from_Celeb-real_id6_0009__seed22976.png,1
/Users/pickapu/Documents/PyCharmMiscProject/deepfake-ViT/test_data_v3/real/real__903__292.png,0
/Users/pickapu/Documents/PyCharmMiscProject/deepfake-ViT/test_data_v3/StyleGAN3/fake/StyleGAN3__StyleGAN3_Fake_from_Celeb-real_id56_0002__seed19213.png,1
/Users/pickapu/Documents/PyCharmMiscProject/deepfake-ViT/test_data_v3/real/real__024__157.png,0
/Users/pickapu/Documents/PyCharmMiscProject/deepfake-ViT/test_data_v3/real/real__00283__202.png,0
/Users/pickapu/Documents/PyCharmMiscProject/deepfake-ViT/test_data_v3/StyleGAN3/fake/StyleGAN3__StyleGAN3_Fake_from_Celeb-real_id11_0002__seed21514.png,1
/Users/pickapu/Documents/PyCharmMiscProject/deepfake-ViT/test_data_v3/real/real__200__370.png,0
/Users/pickapu/Documents/PyCharmMiscProject/deepfake-ViT/test_data_v3/StyleGAN3/fake/StyleGAN3__StyleGAN3_Fake_from_Youtube-real_00245__seed28141.png,1
/Users/pickapu/Documents/PyCharmMiscProject/deepfake-ViT/test_data_v3/StyleGAN3/fake/StyleGAN3__StyleGAN3_Fake_from_Youtube-real_00220__seed22212.png,1
/Users/pickapu/Documents/PyCharmMiscProject/deepfake-ViT/test_data_v3/StyleGAN3/fake/StyleGAN3__StyleGAN3_Fake_from_Celeb-real_id59_0006__seed22308.png,1
/Users/pickapu/Documents/PyCharmMiscProject/deepfake-ViT/test_data_v3/StyleGAN3/fake/StyleGAN3__StyleGAN3_Fake_from_Celeb-real_id6_0007__seed22724.png,1
/Users/pickapu/Documents/PyCharmMiscProject/deepfake-ViT/test_data_v3/real/real__919__275.png,0
/Users/pickapu/Documents/PyCharmMiscProject/deepfake-ViT/test_data_v3/StyleGAN3/fake/StyleGAN3__StyleGAN3_Fake_from_Celeb-real_id29_0003__seed24868.png,1
/Users/pickapu/Documents/PyCharmMiscProject/deepfake-ViT/test_data_v3/StyleGAN3/fake/StyleGAN3__StyleGAN3_Fake_from_Youtube-real_00054__seed22410.png,1
/Users/pickapu/Documents/PyCharmMiscProject/deepfake-ViT/test_data_v3/real/real__964__232.png,0
/Users/pickapu/Documents/PyCharmMiscProject/deepfake-ViT/test_data_v3/StyleGAN3/fake/StyleGAN3__StyleGAN3_Fake_from_Youtube-real_00152__seed23311.png,1
/Users/pickapu/Documents/PyCharmMiscProject/deepfake-ViT/test_data_v3/real/real__231__295.png,0
/Users/pickapu/Documents/PyCharmMiscProject/deepfake-ViT/test_data_v3/real/real__id33_0002__232.png,0
/Users/pickapu/Documents/PyCharmMiscProject/deepfake-ViT/test_data_v3/real/real__215__302.png,0
/Users/pickapu/Documents/PyCharmMiscProject/deepfake-ViT/test_data_v3/real/real__833__309.png,0
/Users/pickapu/Documents/PyCharmMiscProject/deepfake-ViT/test_data_v3/StyleGAN3/fake/StyleGAN3__StyleGAN3_Fake_from_Celeb-real_id4_0005__seed22296.png,1
/Users/pickapu/Documents/PyCharmMiscProject/deepfake-ViT/test_data_v3/real/real__100__217.png,0
/Users/pickapu/Documents/PyCharmMiscProject/deepfake-ViT/test_data_v3/real/real__260__155.png,0
/Users/pickapu/Documents/PyCharmMiscProject/deepfake-ViT/test_data_v3/real/real__364__333.png,0
/Users/pickapu/Documents/PyCharmMiscProject/deepfake-ViT/test_data_v3/real/real__570__221.png,0
/Users/pickapu/Documents/PyCharmMiscProject/deepfake-ViT/test_data_v3/real/real__008__328.png,0
/Users/pickapu/Documents/PyCharmMiscProject/deepfake-ViT/test_data_v3/real/real__119__258.png,0
/Users/pickapu/Documents/PyCharmMiscProject/deepfake-ViT/test_data_v3/StyleGAN3/fake/StyleGAN3__StyleGAN3_Fake_from_Celeb-real_id28_0001__seed22608.png,1
/Users/pickapu/Documents/PyCharmMiscProject/deepfake-ViT/test_data_v3/StyleGAN3/fake/StyleGAN3__StyleGAN3_Fake_from_Celeb-real_id51_0005__seed20003.png,1
/Users/pickapu/Documents/PyCharmMiscProject/deepfake-ViT/test_data_v3/StyleGAN3/fake/StyleGAN3__StyleGAN3_Fake_from_Celeb-real_id21_0000__seed21760.png,1
/Users/pickapu/Documents/PyCharmMiscProject/deepfake-ViT/test_data_v3/StyleGAN3/fake/StyleGAN3__StyleGAN3_Fake_from_Celeb-real_id34_0000__seed21878.png,1
/Users/pickapu/Documents/PyCharmMiscProject/deepfake-ViT/test_data_v3/StyleGAN3/fake/StyleGAN3__StyleGAN3_Fake_from_Celeb-real_id45_0008__seed23793.png,1
/Users/pickapu/Documents/PyCharmMiscProject/deepfake-ViT/test_data_v3/StyleGAN3/fake/StyleGAN3__StyleGAN3_Fake_from_Celeb-real_id51_0000__seed24434.png,1
/Users/pickapu/Documents/PyCharmMiscProject/deepfake-ViT/test_data_v3/real/real__id24_0009__159.png,0
/Users/pickapu/Documents/PyCharmMiscProject/deepfake-ViT/test_data_v3/StyleGAN3/fake/StyleGAN3__StyleGAN3_ff_044__seed16319.png,1
/Users/pickapu/Documents/PyCharmMiscProject/deepfake-ViT/test_data_v3/real/real__794__453.png,0
/Users/pickapu/Documents/PyCharmMiscProject/deepfake-ViT/test_data_v3/real/real__544__182.png,0
/Users/pickapu/Documents/PyCharmMiscProject/deepfake-ViT/test_data_v3/StyleGAN3/fake/StyleGAN3__StyleGAN3_Fake_from_Youtube-real_00264__seed23175.png,1
/Users/pickapu/Documents/PyCharmMiscProject/deepfake-ViT/test_data_v3/real/real__id35_0000__250.png,0
/Users/pickapu/Documents/PyCharmMiscProject/deepfake-ViT/test_data_v3/StyleGAN3/fake/StyleGAN3__StyleGAN3_ff_024__seed2848.png,1
/Users/pickapu/Documents/PyCharmMiscProject/deepfake-ViT/test_data_v3/StyleGAN3/fake/StyleGAN3__StyleGAN3_Fake_from_Celeb-real_id10_0008__seed20963.png,1
/Users/pickapu/Documents/PyCharmMiscProject/deepfake-ViT/test_data_v3/real/real__00250__153.png,0
/Users/pickapu/Documents/PyCharmMiscProject/deepfake-ViT/test_data_v3/StyleGAN3/fake/StyleGAN3__StyleGAN3_Fake_from_Celeb-real_id4_0008__seed21849.png,1
/Users/pickapu/Documents/PyCharmMiscProject/deepfake-ViT/test_data_v3/StyleGAN3/fake/StyleGAN3__StyleGAN3_Fake_from_Celeb-real_id45_0001__seed22725.png,1
/Users/pickapu/Documents/PyCharmMiscProject/deepfake-ViT/test_data_v3/StyleGAN3/fake/StyleGAN3__StyleGAN3_Fake_from_Celeb-real_id35_0005__seed23627.png,1
/Users/pickapu/Documents/PyCharmMiscProject/deepfake-ViT/test_data_v3/real/real__980__197.png,0
/Users/pickapu/Documents/PyCharmMiscProject/deepfake-ViT/test_data_v3/StyleGAN3/fake/StyleGAN3__StyleGAN3_ff_724__seed18955.png,1
/Users/pickapu/Documents/PyCharmMiscProject/deepfake-ViT/test_data_v3/StyleGAN3/fake/StyleGAN3__StyleGAN3_Fake_from_Celeb-real_id60_0002__seed24218.png,1
/Users/pickapu/Documents/PyCharmMiscProject/deepfake-ViT/test_data_v3/StyleGAN3/fake/StyleGAN3__StyleGAN3_Fake_from_Celeb-real_id13_0006__seed23678.png,1
/Users/pickapu/Documents/PyCharmMiscProject/deepfake-ViT/test_data_v3/real/real__902__151.png,0
/Users/pickapu/Documents/PyCharmMiscProject/deepfake-ViT/test_data_v3/real/real__568__293.png,0
/Users/pickapu/Documents/PyCharmMiscProject/deepfake-ViT/test_data_v3/StyleGAN3/fake/StyleGAN3__StyleGAN3_Fake_from_Celeb-real_id3_0007__seed22975.png,1
/Users/pickapu/Documents/PyCharmMiscProject/deepfake-ViT/test_data_v3/StyleGAN3/fake/StyleGAN3__StyleGAN3_Fake_from_Celeb-real_id36_0001__seed26318.png,1
/Users/pickapu/Documents/PyCharmMiscProject/deepfake-ViT/test_data_v3/StyleGAN3/fake/StyleGAN3__StyleGAN3_Fake_from_Celeb-real_id26_0002__seed20966.png,1
/Users/pickapu/Documents/PyCharmMiscProject/deepfake-ViT/test_data_v3/StyleGAN3/fake/StyleGAN3__StyleGAN3_Fake_from_Celeb-real_id37_0009__seed24140.png,1
/Users/pickapu/Documents/PyCharmMiscProject/deepfake-ViT/test_data_v3/real/real__699__269.png,0
/Users/pickapu/Documents/PyCharmMiscProject/deepfake-ViT/test_data_v3/real/real__636__172.png,0
/Users/pickapu/Documents/PyCharmMiscProject/deepfake-ViT/test_data_v3/StyleGAN3/fake/StyleGAN3__StyleGAN3_Fake_from_Celeb-real_id21_0001__seed21673.png,1
/Users/pickapu/Documents/PyCharmMiscProject/deepfake-ViT/test_data_v3/real/real__745__293.png,0
/Users/pickapu/Documents/PyCharmMiscProject/deepfake-ViT/test_data_v3/StyleGAN3/fake/StyleGAN3__StyleGAN3_ff_821__seed19636.png,1
/Users/pickapu/Documents/PyCharmMiscProject/deepfake-ViT/test_data_v3/real/real__109__153.png,0
/Users/pickapu/Documents/PyCharmMiscProject/deepfake-ViT/test_data_v3/StyleGAN3/fake/StyleGAN3__StyleGAN3_Fake_from_Youtube-real_00218__seed2201.png,1
/Users/pickapu/Documents/PyCharmMiscProject/deepfake-ViT/test_data_v3/StyleGAN3/fake/StyleGAN3__StyleGAN3_Fake_from_Celeb-real_id47_0003__seed20423.png,1
/Users/pickapu/Documents/PyCharmMiscProject/deepfake-ViT/test_data_v3/real/real__id35_0008__107.png,0
/Users/pickapu/Documents/PyCharmMiscProject/deepfake-ViT/test_data_v3/real/real__966__187.png,0
/Users/pickapu/Documents/PyCharmMiscProject/deepfake-ViT/test_data_v3/StyleGAN3/fake/StyleGAN3__StyleGAN3_Fake_from_Celeb-real_id0_0005__seed19967.png,1
/Users/pickapu/Documents/PyCharmMiscProject/deepfake-ViT/test_data_v3/real/real__767__209.png,0
/Users/pickapu/Documents/PyCharmMiscProject/deepfake-ViT/test_data_v3/StyleGAN3/fake/StyleGAN3__StyleGAN3_Fake_from_Celeb-real_id3_0004__seed21566.png,1
/Users/pickapu/Documents/PyCharmMiscProject/deepfake-ViT/test_data_v3/StyleGAN3/fake/StyleGAN3__StyleGAN3_Fake_from_Celeb-real_id9_0009__seed25414.png,1
/Users/pickapu/Documents/PyCharmMiscProject/deepfake-ViT/test_data_v3/StyleGAN3/fake/StyleGAN3__StyleGAN3_Fake_from_Celeb-real_id11_0004__seed23245.png,1
/Users/pickapu/Documents/PyCharmMiscProject/deepfake-ViT/test_data_v3/StyleGAN3/fake/StyleGAN3__StyleGAN3_Fake_from_Celeb-real_id28_0007__seed21922.png,1
/Users/pickapu/Documents/PyCharmMiscProject/deepfake-ViT/test_data_v3/StyleGAN3/fake/StyleGAN3__StyleGAN3_ff_418__seed19561.png,1
/Users/pickapu/Documents/PyCharmMiscProject/deepfake-ViT/test_data_v3/real/real__138__211.png,0
/Users/pickapu/Documents/PyCharmMiscProject/deepfake-ViT/test_data_v3/StyleGAN3/fake/StyleGAN3__StyleGAN3_Fake_from_Celeb-real_id7_0003__seed20505.png,1
/Users/pickapu/Documents/PyCharmMiscProject/deepfake-ViT/test_data_v3/real/real__546__368.png,0
/Users/pickapu/Documents/PyCharmMiscProject/deepfake-ViT/test_data_v3/StyleGAN3/fake/StyleGAN3__StyleGAN3_Fake_from_Celeb-real_id58_0006__seed23646.png,1
/Users/pickapu/Documents/PyCharmMiscProject/deepfake-ViT/test_data_v3/StyleGAN3/fake/StyleGAN3__StyleGAN3_Fake_from_Celeb-real_id22_0001__seed22367.png,1
/Users/pickapu/Documents/PyCharmMiscProject/deepfake-ViT/test_data_v3/real/real__00244__148.png,0
/Users/pickapu/Documents/PyCharmMiscProject/deepfake-ViT/test_data_v3/StyleGAN3/fake/StyleGAN3__StyleGAN3_ff_358__seed21030.png,1
/Users/pickapu/Documents/PyCharmMiscProject/deepfake-ViT/test_data_v3/StyleGAN3/fake/StyleGAN3__StyleGAN3_Fake_from_Celeb-real_id31_0009__seed24247.png,1
/Users/pickapu/Documents/PyCharmMiscProject/deepfake-ViT/test_data_v3/real/real__269__199.png,0
/Users/pickapu/Documents/PyCharmMiscProject/deepfake-ViT/test_data_v3/StyleGAN3/fake/StyleGAN3__StyleGAN3_Fake_from_Celeb-real_id56_0004__seed21943.png,1
/Users/pickapu/Documents/PyCharmMiscProject/deepfake-ViT/test_data_v3/real/real__961__166.png,0
/Users/pickapu/Documents/PyCharmMiscProject/deepfake-ViT/test_data_v3/real/real__826__182.png,0
/Users/pickapu/Documents/PyCharmMiscProject/deepfake-ViT/test_data_v3/real/real__730__370.png,0
/Users/pickapu/Documents/PyCharmMiscProject/deepfake-ViT/test_data_v3/StyleGAN3/fake/StyleGAN3__StyleGAN3_Fake_from_Celeb-real_id51_0004__seed20637.png,1
/Users/pickapu/Documents/PyCharmMiscProject/deepfake-ViT/test_data_v3/real/real__533__287.png,0
/Users/pickapu/Documents/PyCharmMiscProject/deepfake-ViT/test_data_v3/StyleGAN3/fake/StyleGAN3__StyleGAN3_Fake_from_Youtube-real_00057__seed21105.png,1
/Users/pickapu/Documents/PyCharmMiscProject/deepfake-ViT/test_data_v3/real/real__140__249.png,0
/Users/pickapu/Documents/PyCharmMiscProject/deepfake-ViT/test_data_v3/StyleGAN3/fake/StyleGAN3__StyleGAN3_Fake_from_Celeb-real_id48_0003__seed21750.png,1
/Users/pickapu/Documents/PyCharmMiscProject/deepfake-ViT/test_data_v3/real/real__070__188.png,0
/Users/pickapu/Documents/PyCharmMiscProject/deepfake-ViT/test_data_v3/StyleGAN3/fake/StyleGAN3__StyleGAN3_Fake_from_Celeb-real_id27_0000__seed22764.png,1
/Users/pickapu/Documents/PyCharmMiscProject/deepfake-ViT/test_data_v3/real/real__190__170.png,0
/Users/pickapu/Documents/PyCharmMiscProject/deepfake-ViT/test_data_v3/StyleGAN3/fake/StyleGAN3__StyleGAN3_Fake_from_Celeb-real_id32_0008__seed18408.png,1
/Users/pickapu/Documents/PyCharmMiscProject/deepfake-ViT/test_data_v3/real/real__637__262.png,0
/Users/pickapu/Documents/PyCharmMiscProject/deepfake-ViT/test_data_v3/real/real__178__268.png,0
/Users/pickapu/Documents/PyCharmMiscProject/deepfake-ViT/test_data_v3/real/real__757__227.png,0
/Users/pickapu/Documents/PyCharmMiscProject/deepfake-ViT/test_data_v3/real/real__145__244.png,0
/Users/pickapu/Documents/PyCharmMiscProject/deepfake-ViT/test_data_v3/StyleGAN3/fake/StyleGAN3__StyleGAN3_Fake_from_Youtube-real_00180__seed22795.png,1
/Users/pickapu/Documents/PyCharmMiscProject/deepfake-ViT/test_data_v3/StyleGAN3/fake/StyleGAN3__StyleGAN3_Fake_from_Youtube-real_00259__seed23874.png,1
/Users/pickapu/Documents/PyCharmMiscProject/deepfake-ViT/test_data_v3/StyleGAN3/fake/StyleGAN3__StyleGAN3_ff_078__seed17821.png,1
/Users/pickapu/Documents/PyCharmMiscProject/deepfake-ViT/test_data_v3/StyleGAN3/fake/StyleGAN3__StyleGAN3_Fake_from_Celeb-real_id33_0001__seed22940.png,1
/Users/pickapu/Documents/PyCharmMiscProject/deepfake-ViT/test_data_v3/real/real__096__259.png,0
/Users/pickapu/Documents/PyCharmMiscProject/deepfake-ViT/test_data_v3/real/real__838__235.png,0
/Users/pickapu/Documents/PyCharmMiscProject/deepfake-ViT/test_data_v3/StyleGAN3/fake/StyleGAN3__StyleGAN3_Fake_from_Youtube-real_00239__seed23290.png,1
/Users/pickapu/Documents/PyCharmMiscProject/deepfake-ViT/test_data_v3/real/real__705__243.png,0
/Users/pickapu/Documents/PyCharmMiscProject/deepfake-ViT/test_data_v3/StyleGAN3/fake/StyleGAN3__StyleGAN3_Fake_from_Youtube-real_00182__seed22625.png,1
/Users/pickapu/Documents/PyCharmMiscProject/deepfake-ViT/test_data_v3/StyleGAN3/fake/StyleGAN3__StyleGAN3_Fake_from_Youtube-real_00119__seed2011.png,1
/Users/pickapu/Documents/PyCharmMiscProject/deepfake-ViT/test_data_v3/real/real__id3_0002__220.png,0
/Users/pickapu/Documents/PyCharmMiscProject/deepfake-ViT/test_data_v3/real/real__287__244.png,0
/Users/pickapu/Documents/PyCharmMiscProject/deepfake-ViT/test_data_v3/real/real__276__170.png,0
/Users/pickapu/Documents/PyCharmMiscProject/deepfake-ViT/test_data_v3/StyleGAN3/fake/StyleGAN3__StyleGAN3_Fake_from_Celeb-real_id46_0004__seed22454.png,1
/Users/pickapu/Documents/PyCharmMiscProject/deepfake-ViT/test_data_v3/real/real__517__192.png,0
/Users/pickapu/Documents/PyCharmMiscProject/deepfake-ViT/test_data_v3/StyleGAN3/fake/StyleGAN3__StyleGAN3_Fake_from_Celeb-real_id60_0003__seed15509.png,1
/Users/pickapu/Documents/PyCharmMiscProject/deepfake-ViT/test_data_v3/StyleGAN3/fake/StyleGAN3__StyleGAN3_Fake_from_Celeb-real_id39_0006__seed20382.png,1
/Users/pickapu/Documents/PyCharmMiscProject/deepfake-ViT/test_data_v3/StyleGAN3/fake/StyleGAN3__StyleGAN3_Fake_from_Youtube-real_00256__seed23104.png,1
/Users/pickapu/Documents/PyCharmMiscProject/deepfake-ViT/test_data_v3/real/real__863__264.png,0
/Users/pickapu/Documents/PyCharmMiscProject/deepfake-ViT/test_data_v3/real/real__id58_0002__240.png,0
/Users/pickapu/Documents/PyCharmMiscProject/deepfake-ViT/test_data_v3/real/real__518__151.png,0
/Users/pickapu/Documents/PyCharmMiscProject/deepfake-ViT/test_data_v3/real/real__031__248.png,0
/Users/pickapu/Documents/PyCharmMiscProject/deepfake-ViT/test_data_v3/real/real__00264__163.png,0
/Users/pickapu/Documents/PyCharmMiscProject/deepfake-ViT/test_data_v3/real/real__664__150.png,0
/Users/pickapu/Documents/PyCharmMiscProject/deepfake-ViT/test_data_v3/StyleGAN3/fake/StyleGAN3__StyleGAN3_Fake_from_Celeb-real_id16_0010__seed26763.png,1
/Users/pickapu/Documents/PyCharmMiscProject/deepfake-ViT/test_data_v3/real/real__00254__238.png,0
/Users/pickapu/Documents/PyCharmMiscProject/deepfake-ViT/test_data_v3/real/real__851__429.png,0
/Users/pickapu/Documents/PyCharmMiscProject/deepfake-ViT/test_data_v3/StyleGAN3/fake/StyleGAN3__StyleGAN3_Fake_from_Celeb-real_id49_0006__seed22685.png,1
/Users/pickapu/Documents/PyCharmMiscProject/deepfake-ViT/test_data_v3/real/real__899__288.png,0
/Users/pickapu/Documents/PyCharmMiscProject/deepfake-ViT/test_data_v3/real/real__659__483.png,0
/Users/pickapu/Documents/PyCharmMiscProject/deepfake-ViT/test_data_v3/real/real__608__388.png,0
/Users/pickapu/Documents/PyCharmMiscProject/deepfake-ViT/test_data_v3/StyleGAN3/fake/StyleGAN3__StyleGAN3_Fake_from_Youtube-real_00194__seed17106.png,1
/Users/pickapu/Documents/PyCharmMiscProject/deepfake-ViT/test_data_v3/real/real__930__230.png,0
/Users/pickapu/Documents/PyCharmMiscProject/deepfake-ViT/test_data_v3/StyleGAN3/fake/StyleGAN3__StyleGAN3_Fake_from_Celeb-real_id58_0003__seed24875.png,1
/Users/pickapu/Documents/PyCharmMiscProject/deepfake-ViT/test_data_v3/real/real__522__367.png,0
/Users/pickapu/Documents/PyCharmMiscProject/deepfake-ViT/test_data_v3/real/real__720__272.png,0
/Users/pickapu/Documents/PyCharmMiscProject/deepfake-ViT/test_data_v3/StyleGAN3/fake/StyleGAN3__StyleGAN3_Fake_from_Celeb-real_id42_0003__seed19306.png,1
/Users/pickapu/Documents/PyCharmMiscProject/deepfake-ViT/test_data_v3/StyleGAN3/fake/StyleGAN3__StyleGAN3_Fake_from_Youtube-real_00166__seed22850.png,1
/Users/pickapu/Documents/PyCharmMiscProject/deepfake-ViT/test_data_v3/StyleGAN3/fake/StyleGAN3__StyleGAN3_ff_660__seed17350.png,1
/Users/pickapu/Documents/PyCharmMiscProject/deepfake-ViT/test_data_v3/real/real__715__441.png,0
/Users/pickapu/Documents/PyCharmMiscProject/deepfake-ViT/test_data_v3/StyleGAN3/fake/StyleGAN3__StyleGAN3_Fake_from_Celeb-real_id2_0003__seed22700.png,1
/Users/pickapu/Documents/PyCharmMiscProject/deepfake-ViT/test_data_v3/real/real__216__245.png,0
/Users/pickapu/Documents/PyCharmMiscProject/deepfake-ViT/test_data_v3/real/real__820__342.png,0
/Users/pickapu/Documents/PyCharmMiscProject/deepfake-ViT/test_data_v3/real/real__045__180.png,0
/Users/pickapu/Documents/PyCharmMiscProject/deepfake-ViT/test_data_v3/StyleGAN3/fake/StyleGAN3__StyleGAN3_Fake_from_Celeb-real_id23_0002__seed21043.png,1
/Users/pickapu/Documents/PyCharmMiscProject/deepfake-ViT/test_data_v3/StyleGAN3/fake/StyleGAN3__StyleGAN3_Fake_from_Celeb-real_id22_0008__seed26501.png,1
/Users/pickapu/Documents/PyCharmMiscProject/deepfake-ViT/test_data_v3/real/real__00272__163.png,0
/Users/pickapu/Documents/PyCharmMiscProject/deepfake-ViT/test_data_v3/StyleGAN3/fake/StyleGAN3__StyleGAN3_ff_741__seed19598.png,1
/Users/pickapu/Documents/PyCharmMiscProject/deepfake-ViT/test_data_v3/StyleGAN3/fake/StyleGAN3__StyleGAN3_Fake_from_Youtube-real_00177__seed20799.png,1
/Users/pickapu/Documents/PyCharmMiscProject/deepfake-ViT/test_data_v3/StyleGAN3/fake/StyleGAN3__StyleGAN3_Fake_from_Celeb-real_id20_0004__seed2040.png,1
/Users/pickapu/Documents/PyCharmMiscProject/deepfake-ViT/test_data_v3/StyleGAN3/fake/StyleGAN3__StyleGAN3_Fake_from_Youtube-real_00139__seed21675.png,1
/Users/pickapu/Documents/PyCharmMiscProject/deepfake-ViT/test_data_v3/real/real__387__272.png,0
/Users/pickapu/Documents/PyCharmMiscProject/deepfake-ViT/test_data_v3/real/real__848__185.png,0
/Users/pickapu/Documents/PyCharmMiscProject/deepfake-ViT/test_data_v3/real/real__668__204.png,0
/Users/pickapu/Documents/PyCharmMiscProject/deepfake-ViT/test_data_v3/StyleGAN3/fake/StyleGAN3__StyleGAN3_Fake_from_Celeb-real_id8_0001__seed23298.png,1
/Users/pickapu/Documents/PyCharmMiscProject/deepfake-ViT/test_data_v3/StyleGAN3/fake/StyleGAN3__StyleGAN3_ff_862__seed20197.png,1
/Users/pickapu/Documents/PyCharmMiscProject/deepfake-ViT/test_data_v3/StyleGAN3/fake/StyleGAN3__StyleGAN3_Fake_from_Celeb-real_id32_0002__seed22889.png,1
/Users/pickapu/Documents/PyCharmMiscProject/deepfake-ViT/test_data_v3/StyleGAN3/fake/StyleGAN3__StyleGAN3_Fake_from_Celeb-real_id34_0007__seed22477.png,1
/Users/pickapu/Documents/PyCharmMiscProject/deepfake-ViT/test_data_v3/StyleGAN3/fake/StyleGAN3__StyleGAN3_Fake_from_Celeb-real_id8_0002__seed21781.png,1
/Users/pickapu/Documents/PyCharmMiscProject/deepfake-ViT/test_data_v3/StyleGAN3/fake/StyleGAN3__StyleGAN3_Fake_from_Celeb-real_id0_0006__seed16447.png,1
/Users/pickapu/Documents/PyCharmMiscProject/deepfake-ViT/test_data_v3/real/real__951__416.png,0
/Users/pickapu/Documents/PyCharmMiscProject/deepfake-ViT/test_data_v3/StyleGAN3/fake/StyleGAN3__StyleGAN3_Fake_from_Youtube-real_00085__seed1996.png,1
/Users/pickapu/Documents/PyCharmMiscProject/deepfake-ViT/test_data_v3/real/real__299__161.png,0
/Users/pickapu/Documents/PyCharmMiscProject/deepfake-ViT/test_data_v3/StyleGAN3/fake/StyleGAN3__StyleGAN3_Fake_from_Celeb-real_id24_0003__seed19206.png,1
/Users/pickapu/Documents/PyCharmMiscProject/deepfake-ViT/test_data_v3/StyleGAN3/fake/StyleGAN3__StyleGAN3_Fake_from_Celeb-real_id6_0001__seed18578.png,1
/Users/pickapu/Documents/PyCharmMiscProject/deepfake-ViT/test_data_v3/real/real__00289__161.png,0
/Users/pickapu/Documents/PyCharmMiscProject/deepfake-ViT/test_data_v3/StyleGAN3/fake/StyleGAN3__StyleGAN3_ff_705__seed19153.png,1
/Users/pickapu/Documents/PyCharmMiscProject/deepfake-ViT/test_data_v3/real/real__654__211.png,0
/Users/pickapu/Documents/PyCharmMiscProject/deepfake-ViT/test_data_v3/StyleGAN3/fake/StyleGAN3__StyleGAN3_Fake_from_Celeb-real_id22_0007__seed24565.png,1
/Users/pickapu/Documents/PyCharmMiscProject/deepfake-ViT/test_data_v3/StyleGAN3/fake/StyleGAN3__StyleGAN3_Fake_from_Youtube-real_00026__seed22996.png,1
/Users/pickapu/Documents/PyCharmMiscProject/deepfake-ViT/test_data_v3/StyleGAN3/fake/StyleGAN3__StyleGAN3_Fake_from_Celeb-real_id32_0004__seed24007.png,1
/Users/pickapu/Documents/PyCharmMiscProject/deepfake-ViT/test_data_v3/real/real__371__370.png,0
/Users/pickapu/Documents/PyCharmMiscProject/deepfake-ViT/test_data_v3/StyleGAN3/fake/StyleGAN3__StyleGAN3_Fake_from_Celeb-real_id8_0003__seed20400.png,1
/Users/pickapu/Documents/PyCharmMiscProject/deepfake-ViT/test_data_v3/StyleGAN3/fake/StyleGAN3__StyleGAN3_Fake_from_Youtube-real_00135__seed2320.png,1
/Users/pickapu/Documents/PyCharmMiscProject/deepfake-ViT/test_data_v3/real/real__832__284.png,0
/Users/pickapu/Documents/PyCharmMiscProject/deepfake-ViT/test_data_v3/real/real__id40_0003__164.png,0
/Users/pickapu/Documents/PyCharmMiscProject/deepfake-ViT/test_data_v3/StyleGAN3/fake/StyleGAN3__StyleGAN3_Fake_from_Youtube-real_00212__seed20741.png,1
/Users/pickapu/Documents/PyCharmMiscProject/deepfake-ViT/test_data_v3/real/real__467__217.png,0
/Users/pickapu/Documents/PyCharmMiscProject/deepfake-ViT/test_data_v3/real/real__515__394.png,0
/Users/pickapu/Documents/PyCharmMiscProject/deepfake-ViT/test_data_v3/real/real__440__215.png,0
/Users/pickapu/Documents/PyCharmMiscProject/deepfake-ViT/test_data_v3/real/real__672__278.png,0
/Users/pickapu/Documents/PyCharmMiscProject/deepfake-ViT/test_data_v3/StyleGAN3/fake/StyleGAN3__StyleGAN3_Fake_from_Youtube-real_00223__seed19301.png,1
/Users/pickapu/Documents/PyCharmMiscProject/deepfake-ViT/test_data_v3/real/real__944__176.png,0
/Users/pickapu/Documents/PyCharmMiscProject/deepfake-ViT/test_data_v3/real/real__959__248.png,0
/Users/pickapu/Documents/PyCharmMiscProject/deepfake-ViT/test_data_v3/StyleGAN3/fake/StyleGAN3__StyleGAN3_Fake_from_Youtube-real_00116__seed18816.png,1
/Users/pickapu/Documents/PyCharmMiscProject/deepfake-ViT/test_data_v3/real/real__243__199.png,0
/Users/pickapu/Documents/PyCharmMiscProject/deepfake-ViT/test_data_v3/real/real__631__218.png,0
/Users/pickapu/Documents/PyCharmMiscProject/deepfake-ViT/test_data_v3/StyleGAN3/fake/StyleGAN3__StyleGAN3_Fake_from_Youtube-real_00275__seed24360.png,1
/Users/pickapu/Documents/PyCharmMiscProject/deepfake-ViT/test_data_v3/real/real__00251__164.png,0
/Users/pickapu/Documents/PyCharmMiscProject/deepfake-ViT/test_data_v3/StyleGAN3/fake/StyleGAN3__StyleGAN3_Fake_from_Celeb-real_id27_0002__seed21966.png,1
/Users/pickapu/Documents/PyCharmMiscProject/deepfake-ViT/test_data_v3/real/real__id21_0009__164.png,0
/Users/pickapu/Documents/PyCharmMiscProject/deepfake-ViT/test_data_v3/StyleGAN3/fake/StyleGAN3__StyleGAN3_Fake_from_Youtube-real_00138__seed22176.png,1
/Users/pickapu/Documents/PyCharmMiscProject/deepfake-ViT/test_data_v3/StyleGAN3/fake/StyleGAN3__StyleGAN3_Fake_from_Celeb-real_id36_0002__seed21894.png,1
/Users/pickapu/Documents/PyCharmMiscProject/deepfake-ViT/test_data_v3/real/real__741__190.png,0
/Users/pickapu/Documents/PyCharmMiscProject/deepfake-ViT/test_data_v3/StyleGAN3/fake/StyleGAN3__StyleGAN3_Fake_from_Youtube-real_00252__seed21408.png,1
/Users/pickapu/Documents/PyCharmMiscProject/deepfake-ViT/test_data_v3/StyleGAN3/fake/StyleGAN3__StyleGAN3_Fake_from_Celeb-real_id3_0000__seed22474.png,1
/Users/pickapu/Documents/PyCharmMiscProject/deepfake-ViT/test_data_v3/real/real__394__216.png,0
/Users/pickapu/Documents/PyCharmMiscProject/deepfake-ViT/test_data_v3/StyleGAN3/fake/StyleGAN3__StyleGAN3_ff_714__seed2208.png,1
/Users/pickapu/Documents/PyCharmMiscProject/deepfake-ViT/test_data_v3/StyleGAN3/fake/StyleGAN3__StyleGAN3_Fake_from_Celeb-real_id11_0006__seed18138.png,1
/Users/pickapu/Documents/PyCharmMiscProject/deepfake-ViT/test_data_v3/real/real__063__479.png,0
/Users/pickapu/Documents/PyCharmMiscProject/deepfake-ViT/test_data_v3/real/real__669__251.png,0
/Users/pickapu/Documents/PyCharmMiscProject/deepfake-ViT/test_data_v3/StyleGAN3/fake/StyleGAN3__StyleGAN3_Fake_from_Celeb-real_id49_0003__seed18049.png,1
/Users/pickapu/Documents/PyCharmMiscProject/deepfake-ViT/test_data_v3/real/real__102__200.png,0
/Users/pickapu/Documents/PyCharmMiscProject/deepfake-ViT/test_data_v3/StyleGAN3/fake/StyleGAN3__StyleGAN3_Fake_from_Celeb-real_id37_0004__seed23896.png,1
/Users/pickapu/Documents/PyCharmMiscProject/deepfake-ViT/test_data_v3/StyleGAN3/fake/StyleGAN3__StyleGAN3_Fake_from_Celeb-real_id54_0009__seed19790.png,1
/Users/pickapu/Documents/PyCharmMiscProject/deepfake-ViT/test_data_v3/real/real__411__272.png,0
/Users/pickapu/Documents/PyCharmMiscProject/deepfake-ViT/test_data_v3/StyleGAN3/fake/StyleGAN3__StyleGAN3_Fake_from_Youtube-real_00067__seed25963.png,1
/Users/pickapu/Documents/PyCharmMiscProject/deepfake-ViT/test_data_v3/StyleGAN3/fake/StyleGAN3__StyleGAN3_Fake_from_Youtube-real_00202__seed23426.png,1
/Users/pickapu/Documents/PyCharmMiscProject/deepfake-ViT/test_data_v3/real/real__909__328.png,0
/Users/pickapu/Documents/PyCharmMiscProject/deepfake-ViT/test_data_v3/StyleGAN3/fake/StyleGAN3__StyleGAN3_Fake_from_Celeb-real_id39_0001__seed18404.png,1
/Users/pickapu/Documents/PyCharmMiscProject/deepfake-ViT/test_data_v3/real/real__350__208.png,0
/Users/pickapu/Documents/PyCharmMiscProject/deepfake-ViT/test_data_v3/StyleGAN3/fake/StyleGAN3__StyleGAN3_Fake_from_Celeb-real_id9_0000__seed23066.png,1
/Users/pickapu/Documents/PyCharmMiscProject/deepfake-ViT/test_data_v3/StyleGAN3/fake/StyleGAN3__StyleGAN3_Fake_from_Youtube-real_00106__seed21785.png,1
/Users/pickapu/Documents/PyCharmMiscProject/deepfake-ViT/test_data_v3/real/real__566__372.png,0
/Users/pickapu/Documents/PyCharmMiscProject/deepfake-ViT/test_data_v3/real/real__00252__160.png,0
/Users/pickapu/Documents/PyCharmMiscProject/deepfake-ViT/test_data_v3/StyleGAN3/fake/StyleGAN3__StyleGAN3_Fake_from_Celeb-real_id10_0009__seed21432.png,1
/Users/pickapu/Documents/PyCharmMiscProject/deepfake-ViT/test_data_v3/StyleGAN3/fake/StyleGAN3__StyleGAN3_Fake_from_Celeb-real_id1_0002__seed1943.png,1
/Users/pickapu/Documents/PyCharmMiscProject/deepfake-ViT/test_data_v3/StyleGAN3/fake/StyleGAN3__StyleGAN3_Fake_from_Youtube-real_00178__seed17958.png,1
/Users/pickapu/Documents/PyCharmMiscProject/deepfake-ViT/test_data_v3/real/real__291__169.png,0
/Users/pickapu/Documents/PyCharmMiscProject/deepfake-ViT/test_data_v3/real/real__id22_0000__102.png,0
/Users/pickapu/Documents/PyCharmMiscProject/deepfake-ViT/test_data_v3/real/real__009__302.png,0
/Users/pickapu/Documents/PyCharmMiscProject/deepfake-ViT/test_data_v3/StyleGAN3/fake/StyleGAN3__StyleGAN3_Fake_from_Youtube-real_00257__seed23958.png,1
/Users/pickapu/Documents/PyCharmMiscProject/deepfake-ViT/test_data_v3/StyleGAN3/fake/StyleGAN3__StyleGAN3_Fake_from_Celeb-real_id13_0003__seed24401.png,1
/Users/pickapu/Documents/PyCharmMiscProject/deepfake-ViT/test_data_v3/real/real__id13_0011__240.png,0
/Users/pickapu/Documents/PyCharmMiscProject/deepfake-ViT/test_data_v3/StyleGAN3/fake/StyleGAN3__StyleGAN3_Fake_from_Celeb-real_id23_0009__seed20761.png,1
/Users/pickapu/Documents/PyCharmMiscProject/deepfake-ViT/test_data_v3/StyleGAN3/fake/StyleGAN3__StyleGAN3_Fake_from_Youtube-real_00153__seed23405.png,1
/Users/pickapu/Documents/PyCharmMiscProject/deepfake-ViT/test_data_v3/StyleGAN3/fake/StyleGAN3__StyleGAN3_Fake_from_Celeb-real_id28_0004__seed21001.png,1
/Users/pickapu/Documents/PyCharmMiscProject/deepfake-ViT/test_data_v3/real/real__id48_0003__161.png,0
/Users/pickapu/Documents/PyCharmMiscProject/deepfake-ViT/test_data_v3/StyleGAN3/fake/StyleGAN3__StyleGAN3_Fake_from_Youtube-real_00042__seed28014.png,1
/Users/pickapu/Documents/PyCharmMiscProject/deepfake-ViT/test_data_v3/real/real__494__413.png,0
/Users/pickapu/Documents/PyCharmMiscProject/deepfake-ViT/test_data_v3/StyleGAN3/fake/StyleGAN3__StyleGAN3_Fake_from_Youtube-real_00209__seed20952.png,1
/Users/pickapu/Documents/PyCharmMiscProject/deepfake-ViT/test_data_v3/StyleGAN3/fake/StyleGAN3__StyleGAN3_Fake_from_Celeb-real_id27_0009__seed20981.png,1
/Users/pickapu/Documents/PyCharmMiscProject/deepfake-ViT/test_data_v3/real/real__508__310.png,0
/Users/pickapu/Documents/PyCharmMiscProject/deepfake-ViT/test_data_v3/StyleGAN3/fake/StyleGAN3__StyleGAN3_Fake_from_Celeb-real_id37_0002__seed22145.png,1
/Users/pickapu/Documents/PyCharmMiscProject/deepfake-ViT/test_data_v3/StyleGAN3/fake/StyleGAN3__StyleGAN3_Fake_from_Celeb-real_id38_0009__seed23317.png,1
/Users/pickapu/Documents/PyCharmMiscProject/deepfake-ViT/test_data_v3/StyleGAN3/fake/StyleGAN3__StyleGAN3_Fake_from_Celeb-real_id10_0007__seed19817.png,1
/Users/pickapu/Documents/PyCharmMiscProject/deepfake-ViT/test_data_v3/StyleGAN3/fake/StyleGAN3__StyleGAN3_Fake_from_Celeb-real_id0_0001__seed20762.png,1
/Users/pickapu/Documents/PyCharmMiscProject/deepfake-ViT/test_data_v3/real/real__435__245.png,0
/Users/pickapu/Documents/PyCharmMiscProject/deepfake-ViT/test_data_v3/real/real__277__498.png,0
/Users/pickapu/Documents/PyCharmMiscProject/deepfake-ViT/test_data_v3/StyleGAN3/fake/StyleGAN3__StyleGAN3_Fake_from_Celeb-real_id51_0009__seed23348.png,1
/Users/pickapu/Documents/PyCharmMiscProject/deepfake-ViT/test_data_v3/real/real__022__167.png,0
/Users/pickapu/Documents/PyCharmMiscProject/deepfake-ViT/test_data_v3/StyleGAN3/fake/StyleGAN3__StyleGAN3_Fake_from_Celeb-real_id40_0000__seed18977.png,1
/Users/pickapu/Documents/PyCharmMiscProject/deepfake-ViT/test_data_v3/real/real__304__314.png,0
/Users/pickapu/Documents/PyCharmMiscProject/deepfake-ViT/test_data_v3/StyleGAN3/fake/StyleGAN3__StyleGAN3_Fake_from_Celeb-real_id58_0007__seed25165.png,1
/Users/pickapu/Documents/PyCharmMiscProject/deepfake-ViT/test_data_v3/StyleGAN3/fake/StyleGAN3__StyleGAN3_Fake_from_Celeb-real_id48_0009__seed18513.png,1
/Users/pickapu/Documents/PyCharmMiscProject/deepfake-ViT/test_data_v3/StyleGAN3/fake/StyleGAN3__StyleGAN3_Fake_from_Celeb-real_id30_0008__seed21508.png,1
/Users/pickapu/Documents/PyCharmMiscProject/deepfake-ViT/test_data_v3/StyleGAN3/fake/StyleGAN3__StyleGAN3_Fake_from_Celeb-real_id48_0005__seed23694.png,1
/Users/pickapu/Documents/PyCharmMiscProject/deepfake-ViT/test_data_v3/StyleGAN3/fake/StyleGAN3__StyleGAN3_Fake_from_Celeb-real_id0_0007__seed22338.png,1
/Users/pickapu/Documents/PyCharmMiscProject/deepfake-ViT/test_data_v3/real/real__987__296.png,0
/Users/pickapu/Documents/PyCharmMiscProject/deepfake-ViT/test_data_v3/StyleGAN3/fake/StyleGAN3__StyleGAN3_Fake_from_Youtube-real_00008__seed20590.png,1
/Users/pickapu/Documents/PyCharmMiscProject/deepfake-ViT/test_data_v3/real/real__574__261.png,0
/Users/pickapu/Documents/PyCharmMiscProject/deepfake-ViT/test_data_v3/StyleGAN3/fake/StyleGAN3__StyleGAN3_Fake_from_Youtube-real_00124__seed18938.png,1
/Users/pickapu/Documents/PyCharmMiscProject/deepfake-ViT/test_data_v3/real/real__003__155.png,0
/Users/pickapu/Documents/PyCharmMiscProject/deepfake-ViT/test_data_v3/real/real__639__341.png,0
/Users/pickapu/Documents/PyCharmMiscProject/deepfake-ViT/test_data_v3/StyleGAN3/fake/StyleGAN3__StyleGAN3_Fake_from_Celeb-real_id52_0000__seed19238.png,1
/Users/pickapu/Documents/PyCharmMiscProject/deepfake-ViT/test_data_v3/real/real__676__265.png,0
/Users/pickapu/Documents/PyCharmMiscProject/deepfake-ViT/test_data_v3/StyleGAN3/fake/StyleGAN3__StyleGAN3_Fake_from_Celeb-real_id31_0005__seed25607.png,1
/Users/pickapu/Documents/PyCharmMiscProject/deepfake-ViT/test_data_v3/StyleGAN3/fake/StyleGAN3__StyleGAN3_ff_633__seed19922.png,1
/Users/pickapu/Documents/PyCharmMiscProject/deepfake-ViT/test_data_v3/StyleGAN3/fake/StyleGAN3__StyleGAN3_Fake_from_Celeb-real_id47_0004__seed17723.png,1
/Users/pickapu/Documents/PyCharmMiscProject/deepfake-ViT/test_data_v3/StyleGAN3/fake/StyleGAN3__StyleGAN3_ff_379__seed19273.png,1
/Users/pickapu/Documents/PyCharmMiscProject/deepfake-ViT/test_data_v3/real/real__783__207.png,0
/Users/pickapu/Documents/PyCharmMiscProject/deepfake-ViT/test_data_v3/real/real__id37_0004__190.png,0
/Users/pickapu/Documents/PyCharmMiscProject/deepfake-ViT/test_data_v3/real/real__871__179.png,0
/Users/pickapu/Documents/PyCharmMiscProject/deepfake-ViT/test_data_v3/real/real__id1_0006__260.png,0
/Users/pickapu/Documents/PyCharmMiscProject/deepfake-ViT/test_data_v3/real/real__402__217.png,0
/Users/pickapu/Documents/PyCharmMiscProject/deepfake-ViT/test_data_v3/StyleGAN3/fake/StyleGAN3__StyleGAN3_Fake_from_Celeb-real_id46_0000__seed20490.png,1
/Users/pickapu/Documents/PyCharmMiscProject/deepfake-ViT/test_data_v3/StyleGAN3/fake/StyleGAN3__StyleGAN3_Fake_from_Youtube-real_00090__seed24229.png,1
/Users/pickapu/Documents/PyCharmMiscProject/deepfake-ViT/test_data_v3/real/real__00266__169.png,0
/Users/pickapu/Documents/PyCharmMiscProject/deepfake-ViT/test_data_v3/real/real__090__354.png,0
/Users/pickapu/Documents/PyCharmMiscProject/deepfake-ViT/test_data_v3/real/real__868__221.png,0
/Users/pickapu/Documents/PyCharmMiscProject/deepfake-ViT/test_data_v3/real/real__646__226.png,0
/Users/pickapu/Documents/PyCharmMiscProject/deepfake-ViT/test_data_v3/StyleGAN3/fake/StyleGAN3__StyleGAN3_Fake_from_Celeb-real_id2_0000__seed24755.png,1
/Users/pickapu/Documents/PyCharmMiscProject/deepfake-ViT/test_data_v3/StyleGAN3/fake/StyleGAN3__StyleGAN3_ff_012__seed2937.png,1
/Users/pickapu/Documents/PyCharmMiscProject/deepfake-ViT/test_data_v3/StyleGAN3/fake/StyleGAN3__StyleGAN3_Fake_from_Celeb-real_id1_0006__seed21475.png,1
/Users/pickapu/Documents/PyCharmMiscProject/deepfake-ViT/test_data_v3/StyleGAN3/fake/StyleGAN3__StyleGAN3_Fake_from_Celeb-real_id40_0007__seed24915.png,1
/Users/pickapu/Documents/PyCharmMiscProject/deepfake-ViT/test_data_v3/StyleGAN3/fake/StyleGAN3__StyleGAN3_Fake_from_Celeb-real_id24_0005__seed24638.png,1
/Users/pickapu/Documents/PyCharmMiscProject/deepfake-ViT/test_data_v3/real/real__239__302.png,0
/Users/pickapu/Documents/PyCharmMiscProject/deepfake-ViT/test_data_v3/StyleGAN3/fake/StyleGAN3__StyleGAN3_Fake_from_Youtube-real_00279__seed22679.png,1
/Users/pickapu/Documents/PyCharmMiscProject/deepfake-ViT/test_data_v3/StyleGAN3/fake/StyleGAN3__StyleGAN3_Fake_from_Youtube-real_00258__seed22037.png,1
/Users/pickapu/Documents/PyCharmMiscProject/deepfake-ViT/test_data_v3/StyleGAN3/fake/StyleGAN3__StyleGAN3_Fake_from_Celeb-real_id23_0003__seed22028.png,1
/Users/pickapu/Documents/PyCharmMiscProject/deepfake-ViT/test_data_v3/real/real__204__265.png,0
/Users/pickapu/Documents/PyCharmMiscProject/deepfake-ViT/test_data_v3/StyleGAN3/fake/StyleGAN3__StyleGAN3_Fake_from_Youtube-real_00207__seed26256.png,1
/Users/pickapu/Documents/PyCharmMiscProject/deepfake-ViT/test_data_v3/StyleGAN3/fake/StyleGAN3__StyleGAN3_Fake_from_Youtube-real_00225__seed23409.png,1
/Users/pickapu/Documents/PyCharmMiscProject/deepfake-ViT/test_data_v3/real/real__587__322.png,0
/Users/pickapu/Documents/PyCharmMiscProject/deepfake-ViT/test_data_v3/real/real__755__172.png,0
/Users/pickapu/Documents/PyCharmMiscProject/deepfake-ViT/test_data_v3/StyleGAN3/fake/StyleGAN3__StyleGAN3_ff_306__seed19899.png,1
/Users/pickapu/Documents/PyCharmMiscProject/deepfake-ViT/test_data_v3/real/real__816__211.png,0
/Users/pickapu/Documents/PyCharmMiscProject/deepfake-ViT/test_data_v3/real/real__244__286.png,0
/Users/pickapu/Documents/PyCharmMiscProject/deepfake-ViT/test_data_v3/StyleGAN3/fake/StyleGAN3__StyleGAN3_Fake_from_Celeb-real_id16_0012__seed21247.png,1
/Users/pickapu/Documents/PyCharmMiscProject/deepfake-ViT/test_data_v3/real/real__862__242.png,0
/Users/pickapu/Documents/PyCharmMiscProject/deepfake-ViT/test_data_v3/StyleGAN3/fake/StyleGAN3__StyleGAN3_Fake_from_Youtube-real_00198__seed22048.png,1
/Users/pickapu/Documents/PyCharmMiscProject/deepfake-ViT/test_data_v3/StyleGAN3/fake/StyleGAN3__StyleGAN3_Fake_from_Youtube-real_00155__seed22826.png,1
/Users/pickapu/Documents/PyCharmMiscProject/deepfake-ViT/test_data_v3/StyleGAN3/fake/StyleGAN3__StyleGAN3_Fake_from_Youtube-real_00190__seed22062.png,1
/Users/pickapu/Documents/PyCharmMiscProject/deepfake-ViT/test_data_v3/StyleGAN3/fake/StyleGAN3__StyleGAN3_Fake_from_Celeb-real_id0_0009__seed24486.png,1
/Users/pickapu/Documents/PyCharmMiscProject/deepfake-ViT/test_data_v3/real/real__731__401.png,0
/Users/pickapu/Documents/PyCharmMiscProject/deepfake-ViT/test_data_v3/real/real__551__374.png,0
/Users/pickapu/Documents/PyCharmMiscProject/deepfake-ViT/test_data_v3/real/real__709__154.png,0
/Users/pickapu/Documents/PyCharmMiscProject/deepfake-ViT/test_data_v3/real/real__474__142.png,0
/Users/pickapu/Documents/PyCharmMiscProject/deepfake-ViT/test_data_v3/real/real__206__368.png,0
/Users/pickapu/Documents/PyCharmMiscProject/deepfake-ViT/test_data_v3/StyleGAN3/fake/StyleGAN3__StyleGAN3_Fake_from_Celeb-real_id17_0007__seed21726.png,1
/Users/pickapu/Documents/PyCharmMiscProject/deepfake-ViT/test_data_v3/StyleGAN3/fake/StyleGAN3__StyleGAN3_Fake_from_Celeb-real_id35_0000__seed23321.png,1
/Users/pickapu/Documents/PyCharmMiscProject/deepfake-ViT/test_data_v3/StyleGAN3/fake/StyleGAN3__StyleGAN3_Fake_from_Celeb-real_id20_0009__seed23353.png,1
/Users/pickapu/Documents/PyCharmMiscProject/deepfake-ViT/test_data_v3/real/real__473__295.png,0
/Users/pickapu/Documents/PyCharmMiscProject/deepfake-ViT/test_data_v3/StyleGAN3/fake/StyleGAN3__StyleGAN3_Fake_from_Youtube-real_00186__seed19432.png,1
/Users/pickapu/Documents/PyCharmMiscProject/deepfake-ViT/test_data_v3/StyleGAN3/fake/StyleGAN3__StyleGAN3_Fake_from_Celeb-real_id55_0000__seed19747.png,1
/Users/pickapu/Documents/PyCharmMiscProject/deepfake-ViT/test_data_v3/real/real__385__179.png,0
/Users/pickapu/Documents/PyCharmMiscProject/deepfake-ViT/test_data_v3/StyleGAN3/fake/StyleGAN3__StyleGAN3_Fake_from_Youtube-real_00167__seed21555.png,1
/Users/pickapu/Documents/PyCharmMiscProject/deepfake-ViT/test_data_v3/StyleGAN3/fake/StyleGAN3__StyleGAN3_Fake_from_Celeb-real_id21_0007__seed21470.png,1
/Users/pickapu/Documents/PyCharmMiscProject/deepfake-ViT/test_data_v3/StyleGAN3/fake/StyleGAN3__StyleGAN3_Fake_from_Celeb-real_id6_0004__seed24187.png,1
/Users/pickapu/Documents/PyCharmMiscProject/deepfake-ViT/test_data_v3/StyleGAN3/fake/StyleGAN3__StyleGAN3_Fake_from_Celeb-real_id54_0001__seed19951.png,1
/Users/pickapu/Documents/PyCharmMiscProject/deepfake-ViT/test_data_v3/real/real__046__259.png,0
/Users/pickapu/Documents/PyCharmMiscProject/deepfake-ViT/test_data_v3/StyleGAN3/fake/StyleGAN3__StyleGAN3_Fake_from_Celeb-real_id43_0006__seed23189.png,1
/Users/pickapu/Documents/PyCharmMiscProject/deepfake-ViT/test_data_v3/real/real__740__179.png,0
/Users/pickapu/Documents/PyCharmMiscProject/deepfake-ViT/test_data_v3/real/real__963__356.png,0
/Users/pickapu/Documents/PyCharmMiscProject/deepfake-ViT/test_data_v3/real/real__id2_0001__193.png,0
/Users/pickapu/Documents/PyCharmMiscProject/deepfake-ViT/test_data_v3/real/real__756__293.png,0
/Users/pickapu/Documents/PyCharmMiscProject/deepfake-ViT/test_data_v3/StyleGAN3/fake/StyleGAN3__StyleGAN3_Fake_from_Celeb-real_id12_0000__seed21085.png,1
/Users/pickapu/Documents/PyCharmMiscProject/deepfake-ViT/test_data_v3/real/real__107__286.png,0
/Users/pickapu/Documents/PyCharmMiscProject/deepfake-ViT/test_data_v3/StyleGAN3/fake/StyleGAN3__StyleGAN3_Fake_from_Celeb-real_id47_0008__seed23269.png,1
/Users/pickapu/Documents/PyCharmMiscProject/deepfake-ViT/test_data_v3/StyleGAN3/fake/StyleGAN3__StyleGAN3_Fake_from_Celeb-real_id32_0003__seed22383.png,1
/Users/pickapu/Documents/PyCharmMiscProject/deepfake-ViT/test_data_v3/real/real__034__209.png,0
/Users/pickapu/Documents/PyCharmMiscProject/deepfake-ViT/test_data_v3/real/real__00193__181.png,0
/Users/pickapu/Documents/PyCharmMiscProject/deepfake-ViT/test_data_v3/StyleGAN3/fake/StyleGAN3__StyleGAN3_Fake_from_Celeb-real_id16_0002__seed20433.png,1
/Users/pickapu/Documents/PyCharmMiscProject/deepfake-ViT/test_data_v3/StyleGAN3/fake/StyleGAN3__StyleGAN3_Fake_from_Youtube-real_00295__seed17195.png,1
/Users/pickapu/Documents/PyCharmMiscProject/deepfake-ViT/test_data_v3/StyleGAN3/fake/StyleGAN3__StyleGAN3_Fake_from_Celeb-real_id50_0000__seed23979.png,1
/Users/pickapu/Documents/PyCharmMiscProject/deepfake-ViT/test_data_v3/StyleGAN3/fake/StyleGAN3__StyleGAN3_Fake_from_Celeb-real_id36_0006__seed22513.png,1
/Users/pickapu/Documents/PyCharmMiscProject/deepfake-ViT/test_data_v3/real/real__193__191.png,0
/Users/pickapu/Documents/PyCharmMiscProject/deepfake-ViT/test_data_v3/StyleGAN3/fake/StyleGAN3__StyleGAN3_Fake_from_Youtube-real_00079__seed23466.png,1
/Users/pickapu/Documents/PyCharmMiscProject/deepfake-ViT/test_data_v3/StyleGAN3/fake/StyleGAN3__StyleGAN3_Fake_from_Youtube-real_00117__seed20019.png,1
/Users/pickapu/Documents/PyCharmMiscProject/deepfake-ViT/test_data_v3/StyleGAN3/fake/StyleGAN3__StyleGAN3_Fake_from_Celeb-real_id61_0003__seed19821.png,1
/Users/pickapu/Documents/PyCharmMiscProject/deepfake-ViT/test_data_v3/real/real__020__200.png,0
/Users/pickapu/Documents/PyCharmMiscProject/deepfake-ViT/test_data_v3/StyleGAN3/fake/StyleGAN3__StyleGAN3_Fake_from_Youtube-real_00131__seed23545.png,1
/Users/pickapu/Documents/PyCharmMiscProject/deepfake-ViT/test_data_v3/real/real__998__177.png,0
/Users/pickapu/Documents/PyCharmMiscProject/deepfake-ViT/test_data_v3/real/real__552__155.png,0
/Users/pickapu/Documents/PyCharmMiscProject/deepfake-ViT/test_data_v3/real/real__053__214.png,0
/Users/pickapu/Documents/PyCharmMiscProject/deepfake-ViT/test_data_v3/real/real__232__295.png,0
/Users/pickapu/Documents/PyCharmMiscProject/deepfake-ViT/test_data_v3/real/real__130__341.png,0
/Users/pickapu/Documents/PyCharmMiscProject/deepfake-ViT/test_data_v3/real/real__166__389.png,0
/Users/pickapu/Documents/PyCharmMiscProject/deepfake-ViT/test_data_v3/real/real__908__343.png,0
/Users/pickapu/Documents/PyCharmMiscProject/deepfake-ViT/test_data_v3/StyleGAN3/fake/StyleGAN3__StyleGAN3_Fake_from_Celeb-real_id59_0004__seed19924.png,1
/Users/pickapu/Documents/PyCharmMiscProject/deepfake-ViT/test_data_v3/real/real__289__307.png,0
/Users/pickapu/Documents/PyCharmMiscProject/deepfake-ViT/test_data_v3/StyleGAN3/fake/StyleGAN3__StyleGAN3_ff_035__seed19329.png,1
/Users/pickapu/Documents/PyCharmMiscProject/deepfake-ViT/test_data_v3/real/real__248__255.png,0
/Users/pickapu/Documents/PyCharmMiscProject/deepfake-ViT/test_data_v3/StyleGAN3/fake/StyleGAN3__StyleGAN3_Fake_from_Celeb-real_id37_0003__seed20108.png,1
/Users/pickapu/Documents/PyCharmMiscProject/deepfake-ViT/test_data_v3/real/real__849__165.png,0
/Users/pickapu/Documents/PyCharmMiscProject/deepfake-ViT/test_data_v3/StyleGAN3/fake/StyleGAN3__StyleGAN3_Fake_from_Youtube-real_00253__seed19071.png,1
/Users/pickapu/Documents/PyCharmMiscProject/deepfake-ViT/test_data_v3/real/real__553__187.png,0
/Users/pickapu/Documents/PyCharmMiscProject/deepfake-ViT/test_data_v3/real/real__520__180.png,0
/Users/pickapu/Documents/PyCharmMiscProject/deepfake-ViT/test_data_v3/StyleGAN3/fake/StyleGAN3__StyleGAN3_ff_308__seed20083.png,1
/Users/pickapu/Documents/PyCharmMiscProject/deepfake-ViT/test_data_v3/StyleGAN3/fake/StyleGAN3__StyleGAN3_Fake_from_Celeb-real_id3_0002__seed24799.png,1
/Users/pickapu/Documents/PyCharmMiscProject/deepfake-ViT/test_data_v3/real/real__915__181.png,0
/Users/pickapu/Documents/PyCharmMiscProject/deepfake-ViT/test_data_v3/real/real__630__217.png,0
/Users/pickapu/Documents/PyCharmMiscProject/deepfake-ViT/test_data_v3/real/real__713__271.png,0
/Users/pickapu/Documents/PyCharmMiscProject/deepfake-ViT/test_data_v3/real/real__071__233.png,0
/Users/pickapu/Documents/PyCharmMiscProject/deepfake-ViT/test_data_v3/StyleGAN3/fake/StyleGAN3__StyleGAN3_Fake_from_Youtube-real_00129__seed19345.png,1
/Users/pickapu/Documents/PyCharmMiscProject/deepfake-ViT/test_data_v3/StyleGAN3/fake/StyleGAN3__StyleGAN3_Fake_from_Youtube-real_00206__seed21329.png,1
/Users/pickapu/Documents/PyCharmMiscProject/deepfake-ViT/test_data_v3/StyleGAN3/fake/StyleGAN3__StyleGAN3_Fake_from_Celeb-real_id46_0003__seed22923.png,1
/Users/pickapu/Documents/PyCharmMiscProject/deepfake-ViT/test_data_v3/real/real__072__160.png,0
/Users/pickapu/Documents/PyCharmMiscProject/deepfake-ViT/test_data_v3/real/real__921__152.png,0
/Users/pickapu/Documents/PyCharmMiscProject/deepfake-ViT/test_data_v3/real/real__067__277.png,0
/Users/pickapu/Documents/PyCharmMiscProject/deepfake-ViT/test_data_v3/StyleGAN3/fake/StyleGAN3__StyleGAN3_ff_755__seed18366.png,1
/Users/pickapu/Documents/PyCharmMiscProject/deepfake-ViT/test_data_v3/real/real__305__434.png,0
/Users/pickapu/Documents/PyCharmMiscProject/deepfake-ViT/test_data_v3/real/real__342__155.png,0
/Users/pickapu/Documents/PyCharmMiscProject/deepfake-ViT/test_data_v3/real/real__580__150.png,0
/Users/pickapu/Documents/PyCharmMiscProject/deepfake-ViT/test_data_v3/real/real__027__151.png,0
/Users/pickapu/Documents/PyCharmMiscProject/deepfake-ViT/test_data_v3/real/real__010__244.png,0
/Users/pickapu/Documents/PyCharmMiscProject/deepfake-ViT/test_data_v3/real/real__id36_0008__238.png,0
/Users/pickapu/Documents/PyCharmMiscProject/deepfake-ViT/test_data_v3/real/real__727__285.png,0
/Users/pickapu/Documents/PyCharmMiscProject/deepfake-ViT/test_data_v3/real/real__id2_0008__265.png,0
/Users/pickapu/Documents/PyCharmMiscProject/deepfake-ViT/test_data_v3/real/real__537__198.png,0
/Users/pickapu/Documents/PyCharmMiscProject/deepfake-ViT/test_data_v3/StyleGAN3/fake/StyleGAN3__StyleGAN3_Fake_from_Celeb-real_id44_0004__seed23145.png,1
/Users/pickapu/Documents/PyCharmMiscProject/deepfake-ViT/test_data_v3/real/real__018__222.png,0
/Users/pickapu/Documents/PyCharmMiscProject/deepfake-ViT/test_data_v3/StyleGAN3/fake/StyleGAN3__StyleGAN3_Fake_from_Celeb-real_id6_0002__seed19032.png,1
/Users/pickapu/Documents/PyCharmMiscProject/deepfake-ViT/test_data_v3/real/real__187__508.png,0
/Users/pickapu/Documents/PyCharmMiscProject/deepfake-ViT/test_data_v3/StyleGAN3/fake/StyleGAN3__StyleGAN3_Fake_from_Celeb-real_id12_0004__seed20873.png,1
/Users/pickapu/Documents/PyCharmMiscProject/deepfake-ViT/test_data_v3/StyleGAN3/fake/StyleGAN3__StyleGAN3_Fake_from_Youtube-real_00036__seed24133.png,1
/Users/pickapu/Documents/PyCharmMiscProject/deepfake-ViT/test_data_v3/StyleGAN3/fake/StyleGAN3__StyleGAN3_Fake_from_Celeb-real_id55_0003__seed21959.png,1
/Users/pickapu/Documents/PyCharmMiscProject/deepfake-ViT/test_data_v3/StyleGAN3/fake/StyleGAN3__StyleGAN3_Fake_from_Youtube-real_00228__seed22829.png,1
/Users/pickapu/Documents/PyCharmMiscProject/deepfake-ViT/test_data_v3/real/real__819__477.png,0
/Users/pickapu/Documents/PyCharmMiscProject/deepfake-ViT/test_data_v3/StyleGAN3/fake/StyleGAN3__StyleGAN3_ff_695__seed18971.png,1
/Users/pickapu/Documents/PyCharmMiscProject/deepfake-ViT/test_data_v3/StyleGAN3/fake/StyleGAN3__StyleGAN3_Fake_from_Celeb-real_id5_0002__seed2151.png,1
/Users/pickapu/Documents/PyCharmMiscProject/deepfake-ViT/test_data_v3/real/real__670__247.png,0
/Users/pickapu/Documents/PyCharmMiscProject/deepfake-ViT/test_data_v3/real/real__986__426.png,0
/Users/pickapu/Documents/PyCharmMiscProject/deepfake-ViT/test_data_v3/real/real__774__161.png,0
/Users/pickapu/Documents/PyCharmMiscProject/deepfake-ViT/test_data_v3/real/real__254__219.png,0
/Users/pickapu/Documents/PyCharmMiscProject/deepfake-ViT/test_data_v3/StyleGAN3/fake/StyleGAN3__StyleGAN3_Fake_from_Celeb-real_id22_0003__seed22911.png,1
/Users/pickapu/Documents/PyCharmMiscProject/deepfake-ViT/test_data_v3/real/real__337__170.png,0
/Users/pickapu/Documents/PyCharmMiscProject/deepfake-ViT/test_data_v3/real/real__579__245.png,0
/Users/pickapu/Documents/PyCharmMiscProject/deepfake-ViT/test_data_v3/real/real__00260__162.png,0
/Users/pickapu/Documents/PyCharmMiscProject/deepfake-ViT/test_data_v3/StyleGAN3/fake/StyleGAN3__StyleGAN3_Fake_from_Celeb-real_id43_0000__seed19766.png,1
/Users/pickapu/Documents/PyCharmMiscProject/deepfake-ViT/test_data_v3/real/real__076__169.png,0
/Users/pickapu/Documents/PyCharmMiscProject/deepfake-ViT/test_data_v3/StyleGAN3/fake/StyleGAN3__StyleGAN3_Fake_from_Celeb-real_id24_0000__seed24078.png,1
/Users/pickapu/Documents/PyCharmMiscProject/deepfake-ViT/test_data_v3/StyleGAN3/fake/StyleGAN3__StyleGAN3_Fake_from_Youtube-real_00261__seed21102.png,1
/Users/pickapu/Documents/PyCharmMiscProject/deepfake-ViT/test_data_v3/real/real__790__355.png,0
/Users/pickapu/Documents/PyCharmMiscProject/deepfake-ViT/test_data_v3/real/real__id43_0001__175.png,0
/Users/pickapu/Documents/PyCharmMiscProject/deepfake-ViT/test_data_v3/StyleGAN3/fake/StyleGAN3__StyleGAN3_Fake_from_Youtube-real_00009__seed2078.png,1
/Users/pickapu/Documents/PyCharmMiscProject/deepfake-ViT/test_data_v3/real/real__806__154.png,0
/Users/pickapu/Documents/PyCharmMiscProject/deepfake-ViT/test_data_v3/real/real__448__272.png,0
/Users/pickapu/Documents/PyCharmMiscProject/deepfake-ViT/test_data_v3/real/real__898__179.png,0
/Users/pickapu/Documents/PyCharmMiscProject/deepfake-ViT/test_data_v3/StyleGAN3/fake/StyleGAN3__StyleGAN3_Fake_from_Celeb-real_id26_0007__seed22070.png,1
/Users/pickapu/Documents/PyCharmMiscProject/deepfake-ViT/test_data_v3/StyleGAN3/fake/StyleGAN3__StyleGAN3_Fake_from_Celeb-real_id13_0013__seed20470.png,1
/Users/pickapu/Documents/PyCharmMiscProject/deepfake-ViT/test_data_v3/StyleGAN3/fake/StyleGAN3__StyleGAN3_Fake_from_Youtube-real_00066__seed24947.png,1
/Users/pickapu/Documents/PyCharmMiscProject/deepfake-ViT/test_data_v3/StyleGAN3/fake/StyleGAN3__StyleGAN3_Fake_from_Youtube-real_00005__seed21773.png,1
/Users/pickapu/Documents/PyCharmMiscProject/deepfake-ViT/test_data_v3/real/real__00277__239.png,0
/Users/pickapu/Documents/PyCharmMiscProject/deepfake-ViT/test_data_v3/StyleGAN3/fake/StyleGAN3__StyleGAN3_Fake_from_Celeb-real_id0_0004__seed23103.png,1
/Users/pickapu/Documents/PyCharmMiscProject/deepfake-ViT/test_data_v3/StyleGAN3/fake/StyleGAN3__StyleGAN3_ff_280__seed1754.png,1
/Users/pickapu/Documents/PyCharmMiscProject/deepfake-ViT/test_data_v3/real/real__00092__282.png,0
/Users/pickapu/Documents/PyCharmMiscProject/deepfake-ViT/test_data_v3/StyleGAN3/fake/StyleGAN3__StyleGAN3_Fake_from_Youtube-real_00081__seed21846.png,1
/Users/pickapu/Documents/PyCharmMiscProject/deepfake-ViT/test_data_v3/StyleGAN3/fake/StyleGAN3__StyleGAN3_Fake_from_Celeb-real_id7_0006__seed21758.png,1
/Users/pickapu/Documents/PyCharmMiscProject/deepfake-ViT/test_data_v3/real/real__722__203.png,0
/Users/pickapu/Documents/PyCharmMiscProject/deepfake-ViT/test_data_v3/StyleGAN3/fake/StyleGAN3__StyleGAN3_ff_161__seed17920.png,1
/Users/pickapu/Documents/PyCharmMiscProject/deepfake-ViT/test_data_v3/real/real__00279__233.png,0
/Users/pickapu/Documents/PyCharmMiscProject/deepfake-ViT/test_data_v3/real/real__737__189.png,0
/Users/pickapu/Documents/PyCharmMiscProject/deepfake-ViT/test_data_v3/real/real__300__308.png,0
/Users/pickapu/Documents/PyCharmMiscProject/deepfake-ViT/test_data_v3/real/real__884__176.png,0
/Users/pickapu/Documents/PyCharmMiscProject/deepfake-ViT/test_data_v3/StyleGAN3/fake/StyleGAN3__StyleGAN3_Fake_from_Celeb-real_id7_0000__seed24104.png,1
/Users/pickapu/Documents/PyCharmMiscProject/deepfake-ViT/test_data_v3/real/real__879__432.png,0
/Users/pickapu/Documents/PyCharmMiscProject/deepfake-ViT/test_data_v3/real/real__556__191.png,0
/Users/pickapu/Documents/PyCharmMiscProject/deepfake-ViT/test_data_v3/real/real__302__451.png,0
/Users/pickapu/Documents/PyCharmMiscProject/deepfake-ViT/test_data_v3/StyleGAN3/fake/StyleGAN3__StyleGAN3_Fake_from_Youtube-real_00140__seed22632.png,1
/Users/pickapu/Documents/PyCharmMiscProject/deepfake-ViT/test_data_v3/real/real__772__175.png,0
/Users/pickapu/Documents/PyCharmMiscProject/deepfake-ViT/test_data_v3/real/real__id50_0006__231.png,0
/Users/pickapu/Documents/PyCharmMiscProject/deepfake-ViT/test_data_v3/real/real__id19_0005__165.png,0
/Users/pickapu/Documents/PyCharmMiscProject/deepfake-ViT/test_data_v3/real/real__id39_0005__128.png,0
/Users/pickapu/Documents/PyCharmMiscProject/deepfake-ViT/test_data_v3/real/real__00286__223.png,0
/Users/pickapu/Documents/PyCharmMiscProject/deepfake-ViT/test_data_v3/StyleGAN3/fake/StyleGAN3__StyleGAN3_Fake_from_Youtube-real_00231__seed23154.png,1
/Users/pickapu/Documents/PyCharmMiscProject/deepfake-ViT/test_data_v3/StyleGAN3/fake/StyleGAN3__StyleGAN3_ff_527__seed19525.png,1
/Users/pickapu/Documents/PyCharmMiscProject/deepfake-ViT/test_data_v3/StyleGAN3/fake/StyleGAN3__StyleGAN3_Fake_from_Celeb-real_id9_0004__seed24413.png,1
/Users/pickapu/Documents/PyCharmMiscProject/deepfake-ViT/test_data_v3/real/real__933__254.png,0
/Users/pickapu/Documents/PyCharmMiscProject/deepfake-ViT/test_data_v3/StyleGAN3/fake/StyleGAN3__StyleGAN3_Fake_from_Youtube-real_00024__seed21994.png,1
/Users/pickapu/Documents/PyCharmMiscProject/deepfake-ViT/test_data_v3/real/real__286__344.png,0
/Users/pickapu/Documents/PyCharmMiscProject/deepfake-ViT/test_data_v3/real/real__381__297.png,0
/Users/pickapu/Documents/PyCharmMiscProject/deepfake-ViT/test_data_v3/real/real__904__184.png,0
/Users/pickapu/Documents/PyCharmMiscProject/deepfake-ViT/test_data_v3/StyleGAN3/fake/StyleGAN3__StyleGAN3_Fake_from_Celeb-real_id17_0004__seed22362.png,1
/Users/pickapu/Documents/PyCharmMiscProject/deepfake-ViT/test_data_v3/real/real__632__219.png,0
/Users/pickapu/Documents/PyCharmMiscProject/deepfake-ViT/test_data_v3/real/real__id13_0013__236.png,0
/Users/pickapu/Documents/PyCharmMiscProject/deepfake-ViT/test_data_v3/real/real__377__204.png,0
/Users/pickapu/Documents/PyCharmMiscProject/deepfake-ViT/test_data_v3/StyleGAN3/fake/StyleGAN3__StyleGAN3_Fake_from_Celeb-real_id53_0004__seed22237.png,1
/Users/pickapu/Documents/PyCharmMiscProject/deepfake-ViT/test_data_v3/real/real__00268__160.png,0
/Users/pickapu/Documents/PyCharmMiscProject/deepfake-ViT/test_data_v3/real/real__426__172.png,0
/Users/pickapu/Documents/PyCharmMiscProject/deepfake-ViT/test_data_v3/StyleGAN3/fake/StyleGAN3__StyleGAN3_Fake_from_Celeb-real_id5_0001__seed21991.png,1
/Users/pickapu/Documents/PyCharmMiscProject/deepfake-ViT/test_data_v3/real/real__840__433.png,0
/Users/pickapu/Documents/PyCharmMiscProject/deepfake-ViT/test_data_v3/StyleGAN3/fake/StyleGAN3__StyleGAN3_Fake_from_Celeb-real_id52_0004__seed21936.png,1
/Users/pickapu/Documents/PyCharmMiscProject/deepfake-ViT/test_data_v3/StyleGAN3/fake/StyleGAN3__StyleGAN3_Fake_from_Celeb-real_id50_0006__seed22200.png,1
/Users/pickapu/Documents/PyCharmMiscProject/deepfake-ViT/test_data_v3/real/real__563__200.png,0
/Users/pickapu/Documents/PyCharmMiscProject/deepfake-ViT/test_data_v3/StyleGAN3/fake/StyleGAN3__StyleGAN3_Fake_from_Celeb-real_id61_0002__seed21278.png,1
/Users/pickapu/Documents/PyCharmMiscProject/deepfake-ViT/test_data_v3/StyleGAN3/fake/StyleGAN3__StyleGAN3_Fake_from_Youtube-real_00263__seed19544.png,1
/Users/pickapu/Documents/PyCharmMiscProject/deepfake-ViT/test_data_v3/StyleGAN3/fake/StyleGAN3__StyleGAN3_Fake_from_Celeb-real_id61_0007__seed23329.png,1
/Users/pickapu/Documents/PyCharmMiscProject/deepfake-ViT/test_data_v3/StyleGAN3/fake/StyleGAN3__StyleGAN3_ff_015__seed17857.png,1
/Users/pickapu/Documents/PyCharmMiscProject/deepfake-ViT/test_data_v3/StyleGAN3/fake/StyleGAN3__StyleGAN3_Fake_from_Celeb-real_id28_0003__seed21796.png,1
/Users/pickapu/Documents/PyCharmMiscProject/deepfake-ViT/test_data_v3/StyleGAN3/fake/StyleGAN3__StyleGAN3_Fake_from_Celeb-real_id28_0002__seed21617.png,1
/Users/pickapu/Documents/PyCharmMiscProject/deepfake-ViT/test_data_v3/StyleGAN3/fake/StyleGAN3__StyleGAN3_Fake_from_Celeb-real_id53_0007__seed2388.png,1
/Users/pickapu/Documents/PyCharmMiscProject/deepfake-ViT/test_data_v3/StyleGAN3/fake/StyleGAN3__StyleGAN3_Fake_from_Celeb-real_id55_0008__seed18222.png,1
/Users/pickapu/Documents/PyCharmMiscProject/deepfake-ViT/test_data_v3/real/real__167__175.png,0
/Users/pickapu/Documents/PyCharmMiscProject/deepfake-ViT/test_data_v3/real/real__841__267.png,0
/Users/pickapu/Documents/PyCharmMiscProject/deepfake-ViT/test_data_v3/StyleGAN3/fake/StyleGAN3__StyleGAN3_Fake_from_Celeb-real_id17_0009__seed22516.png,1
/Users/pickapu/Documents/PyCharmMiscProject/deepfake-ViT/test_data_v3/real/real__148__244.png,0
/Users/pickapu/Documents/PyCharmMiscProject/deepfake-ViT/test_data_v3/real/real__124__163.png,0
/Users/pickapu/Documents/PyCharmMiscProject/deepfake-ViT/test_data_v3/real/real__376__265.png,0
/Users/pickapu/Documents/PyCharmMiscProject/deepfake-ViT/test_data_v3/real/real__266__239.png,0
/Users/pickapu/Documents/PyCharmMiscProject/deepfake-ViT/test_data_v3/StyleGAN3/fake/StyleGAN3__StyleGAN3_Fake_from_Celeb-real_id32_0001__seed20990.png,1
/Users/pickapu/Documents/PyCharmMiscProject/deepfake-ViT/test_data_v3/StyleGAN3/fake/StyleGAN3__StyleGAN3_Fake_from_Celeb-real_id10_0001__seed19436.png,1
/Users/pickapu/Documents/PyCharmMiscProject/deepfake-ViT/test_data_v3/StyleGAN3/fake/StyleGAN3__StyleGAN3_Fake_from_Celeb-real_id54_0000__seed23662.png,1
/Users/pickapu/Documents/PyCharmMiscProject/deepfake-ViT/test_data_v3/real/real__00273__165.png,0
/Users/pickapu/Documents/PyCharmMiscProject/deepfake-ViT/test_data_v3/StyleGAN3/fake/StyleGAN3__StyleGAN3_Fake_from_Celeb-real_id42_0000__seed16872.png,1
/Users/pickapu/Documents/PyCharmMiscProject/deepfake-ViT/test_data_v3/StyleGAN3/fake/StyleGAN3__StyleGAN3_ff_026__seed17368.png,1
/Users/pickapu/Documents/PyCharmMiscProject/deepfake-ViT/test_data_v3/StyleGAN3/fake/StyleGAN3__StyleGAN3_Fake_from_Celeb-real_id28_0006__seed21935.png,1
/Users/pickapu/Documents/PyCharmMiscProject/deepfake-ViT/test_data_v3/real/real__763__418.png,0
/Users/pickapu/Documents/PyCharmMiscProject/deepfake-ViT/test_data_v3/real/real__815__232.png,0
/Users/pickapu/Documents/PyCharmMiscProject/deepfake-ViT/test_data_v3/real/real__854__151.png,0
/Users/pickapu/Documents/PyCharmMiscProject/deepfake-ViT/test_data_v3/StyleGAN3/fake/StyleGAN3__StyleGAN3_Fake_from_Youtube-real_00168__seed24439.png,1
/Users/pickapu/Documents/PyCharmMiscProject/deepfake-ViT/test_data_v3/real/real__531__153.png,0
/Users/pickapu/Documents/PyCharmMiscProject/deepfake-ViT/test_data_v3/StyleGAN3/fake/StyleGAN3__StyleGAN3_Fake_from_Celeb-real_id57_0001__seed19574.png,1
/Users/pickapu/Documents/PyCharmMiscProject/deepfake-ViT/test_data_v3/real/real__528__194.png,0
/Users/pickapu/Documents/PyCharmMiscProject/deepfake-ViT/test_data_v3/StyleGAN3/fake/StyleGAN3__StyleGAN3_ff_138__seed16675.png,1
/Users/pickapu/Documents/PyCharmMiscProject/deepfake-ViT/test_data_v3/real/real__00253__083.png,0
/Users/pickapu/Documents/PyCharmMiscProject/deepfake-ViT/test_data_v3/StyleGAN3/fake/StyleGAN3__StyleGAN3_Fake_from_Youtube-real_00099__seed1655.png,1
/Users/pickapu/Documents/PyCharmMiscProject/deepfake-ViT/test_data_v3/real/real__489__291.png,0
/Users/pickapu/Documents/PyCharmMiscProject/deepfake-ViT/test_data_v3/StyleGAN3/fake/StyleGAN3__StyleGAN3_Fake_from_Celeb-real_id31_0000__seed2186.png,1
/Users/pickapu/Documents/PyCharmMiscProject/deepfake-ViT/test_data_v3/real/real__406__263.png,0
/Users/pickapu/Documents/PyCharmMiscProject/deepfake-ViT/test_data_v3/StyleGAN3/fake/StyleGAN3__StyleGAN3_Fake_from_Celeb-real_id54_0004__seed2540.png,1
/Users/pickapu/Documents/PyCharmMiscProject/deepfake-ViT/test_data_v3/real/real__123__264.png,0
/Users/pickapu/Documents/PyCharmMiscProject/deepfake-ViT/test_data_v3/real/real__id9_0000__230.png,0
/Users/pickapu/Documents/PyCharmMiscProject/deepfake-ViT/test_data_v3/StyleGAN3/fake/StyleGAN3__StyleGAN3_Fake_from_Celeb-real_id17_0008__seed24745.png,1
/Users/pickapu/Documents/PyCharmMiscProject/deepfake-ViT/test_data_v3/real/real__308__258.png,0
/Users/pickapu/Documents/PyCharmMiscProject/deepfake-ViT/test_data_v3/real/real__836__176.png,0
/Users/pickapu/Documents/PyCharmMiscProject/deepfake-ViT/test_data_v3/StyleGAN3/fake/StyleGAN3__StyleGAN3_ff_186__seed18619.png,1
/Users/pickapu/Documents/PyCharmMiscProject/deepfake-ViT/test_data_v3/StyleGAN3/fake/StyleGAN3__StyleGAN3_ff_485__seed17328.png,1
/Users/pickapu/Documents/PyCharmMiscProject/deepfake-ViT/test_data_v3/StyleGAN3/fake/StyleGAN3__StyleGAN3_Fake_from_Celeb-real_id26_0003__seed18664.png,1
/Users/pickapu/Documents/PyCharmMiscProject/deepfake-ViT/test_data_v3/StyleGAN3/fake/StyleGAN3__StyleGAN3_ff_048__seed1698.png,1
/Users/pickapu/Documents/PyCharmMiscProject/deepfake-ViT/test_data_v3/real/real__535__343.png,0
/Users/pickapu/Documents/PyCharmMiscProject/deepfake-ViT/test_data_v3/StyleGAN3/fake/StyleGAN3__StyleGAN3_Fake_from_Youtube-real_00246__seed25061.png,1
/Users/pickapu/Documents/PyCharmMiscProject/deepfake-ViT/test_data_v3/real/real__id12_0005__161.png,0
/Users/pickapu/Documents/PyCharmMiscProject/deepfake-ViT/test_data_v3/real/real__434__162.png,0
/Users/pickapu/Documents/PyCharmMiscProject/deepfake-ViT/test_data_v3/real/real__875__217.png,0
/Users/pickapu/Documents/PyCharmMiscProject/deepfake-ViT/test_data_v3/real/real__184__363.png,0
/Users/pickapu/Documents/PyCharmMiscProject/deepfake-ViT/test_data_v3/real/real__876__161.png,0
/Users/pickapu/Documents/PyCharmMiscProject/deepfake-ViT/test_data_v3/StyleGAN3/fake/StyleGAN3__StyleGAN3_Fake_from_Celeb-real_id40_0009__seed22782.png,1
/Users/pickapu/Documents/PyCharmMiscProject/deepfake-ViT/test_data_v3/StyleGAN3/fake/StyleGAN3__StyleGAN3_Fake_from_Youtube-real_00144__seed21981.png,1
/Users/pickapu/Documents/PyCharmMiscProject/deepfake-ViT/test_data_v3/StyleGAN3/fake/StyleGAN3__StyleGAN3_Fake_from_Celeb-real_id20_0005__seed25108.png,1
/Users/pickapu/Documents/PyCharmMiscProject/deepfake-ViT/test_data_v3/StyleGAN3/fake/StyleGAN3__StyleGAN3_Fake_from_Celeb-real_id32_0005__seed25835.png,1
/Users/pickapu/Documents/PyCharmMiscProject/deepfake-ViT/test_data_v3/StyleGAN3/fake/StyleGAN3__StyleGAN3_Fake_from_Celeb-real_id22_0002__seed24680.png,1
/Users/pickapu/Documents/PyCharmMiscProject/deepfake-ViT/test_data_v3/StyleGAN3/fake/StyleGAN3__StyleGAN3_Fake_from_Celeb-real_id56_0005__seed26751.png,1
/Users/pickapu/Documents/PyCharmMiscProject/deepfake-ViT/test_data_v3/real/real__id31_0004__239.png,0
/Users/pickapu/Documents/PyCharmMiscProject/deepfake-ViT/test_data_v3/StyleGAN3/fake/StyleGAN3__StyleGAN3_Fake_from_Celeb-real_id0_0000__seed2109.png,1
/Users/pickapu/Documents/PyCharmMiscProject/deepfake-ViT/test_data_v3/real/real__682__497.png,0
/Users/pickapu/Documents/PyCharmMiscProject/deepfake-ViT/test_data_v3/StyleGAN3/fake/StyleGAN3__StyleGAN3_Fake_from_Celeb-real_id45_0009__seed18646.png,1
/Users/pickapu/Documents/PyCharmMiscProject/deepfake-ViT/test_data_v3/real/real__028__223.png,0
/Users/pickapu/Documents/PyCharmMiscProject/deepfake-ViT/test_data_v3/StyleGAN3/fake/StyleGAN3__StyleGAN3_Fake_from_Celeb-real_id46_0001__seed17565.png,1
/Users/pickapu/Documents/PyCharmMiscProject/deepfake-ViT/test_data_v3/StyleGAN3/fake/StyleGAN3__StyleGAN3_Fake_from_Celeb-real_id44_0000__seed23380.png,1
/Users/pickapu/Documents/PyCharmMiscProject/deepfake-ViT/test_data_v3/StyleGAN3/fake/StyleGAN3__StyleGAN3_ff_249__seed17209.png,1
/Users/pickapu/Documents/PyCharmMiscProject/deepfake-ViT/test_data_v3/StyleGAN3/fake/StyleGAN3__StyleGAN3_Fake_from_Celeb-real_id36_0008__seed22317.png,1
/Users/pickapu/Documents/PyCharmMiscProject/deepfake-ViT/test_data_v3/real/real__501__268.png,0
/Users/pickapu/Documents/PyCharmMiscProject/deepfake-ViT/test_data_v3/StyleGAN3/fake/StyleGAN3__StyleGAN3_Fake_from_Youtube-real_00055__seed2440.png,1
/Users/pickapu/Documents/PyCharmMiscProject/deepfake-ViT/test_data_v3/StyleGAN3/fake/StyleGAN3__StyleGAN3_Fake_from_Youtube-real_00150__seed19986.png,1
/Users/pickapu/Documents/PyCharmMiscProject/deepfake-ViT/test_data_v3/real/real__00276__237.png,0
/Users/pickapu/Documents/PyCharmMiscProject/deepfake-ViT/test_data_v3/StyleGAN3/fake/StyleGAN3__StyleGAN3_Fake_from_Celeb-real_id55_0006__seed21561.png,1
/Users/pickapu/Documents/PyCharmMiscProject/deepfake-ViT/test_data_v3/StyleGAN3/fake/StyleGAN3__StyleGAN3_Fake_from_Youtube-real_00238__seed22623.png,1
/Users/pickapu/Documents/PyCharmMiscProject/deepfake-ViT/test_data_v3/StyleGAN3/fake/StyleGAN3__StyleGAN3_Fake_from_Celeb-real_id55_0009__seed25211.png,1
/Users/pickapu/Documents/PyCharmMiscProject/deepfake-ViT/test_data_v3/real/real__403__364.png,0
/Users/pickapu/Documents/PyCharmMiscProject/deepfake-ViT/test_data_v3/StyleGAN3/fake/StyleGAN3__StyleGAN3_Fake_from_Celeb-real_id41_0002__seed25218.png,1
/Users/pickapu/Documents/PyCharmMiscProject/deepfake-ViT/test_data_v3/StyleGAN3/fake/StyleGAN3__StyleGAN3_Fake_from_Celeb-real_id49_0008__seed25029.png,1
/Users/pickapu/Documents/PyCharmMiscProject/deepfake-ViT/test_data_v3/StyleGAN3/fake/StyleGAN3__StyleGAN3_Fake_from_Youtube-real_00161__seed22018.png,1
/Users/pickapu/Documents/PyCharmMiscProject/deepfake-ViT/test_data_v3/StyleGAN3/fake/StyleGAN3__StyleGAN3_Fake_from_Celeb-real_id40_0001__seed21324.png,1
/Users/pickapu/Documents/PyCharmMiscProject/deepfake-ViT/test_data_v3/real/real__404__411.png,0
/Users/pickapu/Documents/PyCharmMiscProject/deepfake-ViT/test_data_v3/StyleGAN3/fake/StyleGAN3__StyleGAN3_Fake_from_Celeb-real_id33_0009__seed23823.png,1
/Users/pickapu/Documents/PyCharmMiscProject/deepfake-ViT/test_data_v3/real/real__423__1754.png,0
/Users/pickapu/Documents/PyCharmMiscProject/deepfake-ViT/test_data_v3/StyleGAN3/fake/StyleGAN3__StyleGAN3_Fake_from_Celeb-real_id45_0002__seed25175.png,1
/Users/pickapu/Documents/PyCharmMiscProject/deepfake-ViT/test_data_v3/real/real__814__283.png,0
/Users/pickapu/Documents/PyCharmMiscProject/deepfake-ViT/test_data_v3/real/real__607__233.png,0
/Users/pickapu/Documents/PyCharmMiscProject/deepfake-ViT/test_data_v3/real/real__315__156.png,0
/Users/pickapu/Documents/PyCharmMiscProject/deepfake-ViT/test_data_v3/StyleGAN3/fake/StyleGAN3__StyleGAN3_Fake_from_Celeb-real_id1_0007__seed21419.png,1
/Users/pickapu/Documents/PyCharmMiscProject/deepfake-ViT/test_data_v3/StyleGAN3/fake/StyleGAN3__StyleGAN3_Fake_from_Youtube-real_00171__seed23573.png,1
/Users/pickapu/Documents/PyCharmMiscProject/deepfake-ViT/test_data_v3/real/real__586__195.png,0
/Users/pickapu/Documents/PyCharmMiscProject/deepfake-ViT/test_data_v3/real/real__252__294.png,0
/Users/pickapu/Documents/PyCharmMiscProject/deepfake-ViT/test_data_v3/StyleGAN3/fake/StyleGAN3__StyleGAN3_Fake_from_Celeb-real_id51_0008__seed19547.png,1
/Users/pickapu/Documents/PyCharmMiscProject/deepfake-ViT/test_data_v3/StyleGAN3/fake/StyleGAN3__StyleGAN3_Fake_from_Celeb-real_id26_0009__seed21443.png,1
/Users/pickapu/Documents/PyCharmMiscProject/deepfake-ViT/test_data_v3/StyleGAN3/fake/StyleGAN3__StyleGAN3_ff_445__seed3055.png,1
/Users/pickapu/Documents/PyCharmMiscProject/deepfake-ViT/test_data_v3/real/real__409__185.png,0
/Users/pickapu/Documents/PyCharmMiscProject/deepfake-ViT/test_data_v3/real/real__554__426.png,0
/Users/pickapu/Documents/PyCharmMiscProject/deepfake-ViT/test_data_v3/StyleGAN3/fake/StyleGAN3__StyleGAN3_Fake_from_Celeb-real_id31_0003__seed24921.png,1
/Users/pickapu/Documents/PyCharmMiscProject/deepfake-ViT/test_data_v3/real/real__825__281.png,0
/Users/pickapu/Documents/PyCharmMiscProject/deepfake-ViT/test_data_v3/real/real__367__334.png,0
/Users/pickapu/Documents/PyCharmMiscProject/deepfake-ViT/test_data_v3/real/real__942__254.png,0
/Users/pickapu/Documents/PyCharmMiscProject/deepfake-ViT/test_data_v3/StyleGAN3/fake/StyleGAN3__StyleGAN3_Fake_from_Celeb-real_id57_0008__seed23982.png,1
/Users/pickapu/Documents/PyCharmMiscProject/deepfake-ViT/test_data_v3/StyleGAN3/fake/StyleGAN3__StyleGAN3_Fake_from_Youtube-real_00032__seed2554.png,1
/Users/pickapu/Documents/PyCharmMiscProject/deepfake-ViT/test_data_v3/StyleGAN3/fake/StyleGAN3__StyleGAN3_ff_701__seed19553.png,1
/Users/pickapu/Documents/PyCharmMiscProject/deepfake-ViT/test_data_v3/real/real__811__279.png,0
/Users/pickapu/Documents/PyCharmMiscProject/deepfake-ViT/test_data_v3/StyleGAN3/fake/StyleGAN3__StyleGAN3_Fake_from_Celeb-real_id38_0006__seed18872.png,1
/Users/pickapu/Documents/PyCharmMiscProject/deepfake-ViT/test_data_v3/real/real__747__242.png,0
/Users/pickapu/Documents/PyCharmMiscProject/deepfake-ViT/test_data_v3/StyleGAN3/fake/StyleGAN3__StyleGAN3_Fake_from_Celeb-real_id13_0002__seed22654.png,1
/Users/pickapu/Documents/PyCharmMiscProject/deepfake-ViT/test_data_v3/real/real__228__286.png,0
/Users/pickapu/Documents/PyCharmMiscProject/deepfake-ViT/test_data_v3/StyleGAN3/fake/StyleGAN3__StyleGAN3_Fake_from_Celeb-real_id27_0001__seed2264.png,1
/Users/pickapu/Documents/PyCharmMiscProject/deepfake-ViT/test_data_v3/real/real__422__162.png,0
/Users/pickapu/Documents/PyCharmMiscProject/deepfake-ViT/test_data_v3/StyleGAN3/fake/StyleGAN3__StyleGAN3_Fake_from_Youtube-real_00276__seed19063.png,1
/Users/pickapu/Documents/PyCharmMiscProject/deepfake-ViT/test_data_v3/real/real__750__227.png,0
/Users/pickapu/Documents/PyCharmMiscProject/deepfake-ViT/test_data_v3/real/real__529__172.png,0
/Users/pickapu/Documents/PyCharmMiscProject/deepfake-ViT/test_data_v3/real/real__823__346.png,0
/Users/pickapu/Documents/PyCharmMiscProject/deepfake-ViT/test_data_v3/StyleGAN3/fake/StyleGAN3__StyleGAN3_Fake_from_Youtube-real_00141__seed2263.png,1
/Users/pickapu/Documents/PyCharmMiscProject/deepfake-ViT/test_data_v3/real/real__717__192.png,0
/Users/pickapu/Documents/PyCharmMiscProject/deepfake-ViT/test_data_v3/real/real__id3_0008__235.png,0
/Users/pickapu/Documents/PyCharmMiscProject/deepfake-ViT/test_data_v3/real/real__id20_0008__173.png,0
/Users/pickapu/Documents/PyCharmMiscProject/deepfake-ViT/test_data_v3/real/real__id32_0006__238.png,0
/Users/pickapu/Documents/PyCharmMiscProject/deepfake-ViT/test_data_v3/real/real__443__443.png,0
/Users/pickapu/Documents/PyCharmMiscProject/deepfake-ViT/test_data_v3/StyleGAN3/fake/StyleGAN3__StyleGAN3_Fake_from_Celeb-real_id10_0003__seed1732.png,1
/Users/pickapu/Documents/PyCharmMiscProject/deepfake-ViT/test_data_v3/real/real__892__160.png,0
/Users/pickapu/Documents/PyCharmMiscProject/deepfake-ViT/test_data_v3/StyleGAN3/fake/StyleGAN3__StyleGAN3_ff_479__seed1924.png,1
/Users/pickapu/Documents/PyCharmMiscProject/deepfake-ViT/test_data_v3/real/real__00119__218.png,0
/Users/pickapu/Documents/PyCharmMiscProject/deepfake-ViT/test_data_v3/StyleGAN3/fake/StyleGAN3__StyleGAN3_Fake_from_Youtube-real_00061__seed22012.png,1
/Users/pickapu/Documents/PyCharmMiscProject/deepfake-ViT/test_data_v3/real/real__412__294.png,0
/Users/pickapu/Documents/PyCharmMiscProject/deepfake-ViT/test_data_v3/StyleGAN3/fake/StyleGAN3__StyleGAN3_Fake_from_Youtube-real_00096__seed2278.png,1
/Users/pickapu/Documents/PyCharmMiscProject/deepfake-ViT/test_data_v3/real/real__400__183.png,0
/Users/pickapu/Documents/PyCharmMiscProject/deepfake-ViT/test_data_v3/StyleGAN3/fake/StyleGAN3__StyleGAN3_Fake_from_Celeb-real_id27_0007__seed22285.png,1
/Users/pickapu/Documents/PyCharmMiscProject/deepfake-ViT/test_data_v3/real/real__962__236.png,0
/Users/pickapu/Documents/PyCharmMiscProject/deepfake-ViT/test_data_v3/real/real__480__249.png,0
/Users/pickapu/Documents/PyCharmMiscProject/deepfake-ViT/test_data_v3/StyleGAN3/fake/StyleGAN3__StyleGAN3_Fake_from_Celeb-real_id33_0007__seed24417.png,1
/Users/pickapu/Documents/PyCharmMiscProject/deepfake-ViT/test_data_v3/real/real__050__273.png,0
/Users/pickapu/Documents/PyCharmMiscProject/deepfake-ViT/test_data_v3/StyleGAN3/fake/StyleGAN3__StyleGAN3_Fake_from_Celeb-real_id52_0003__seed25476.png,1
