path,label
/Users/pickapu/Documents/PyCharmMiscProject/deepfake-ViT/test_data_v3/faceswap/fake/faceswap__id2_0004__000.png,1
/Users/pickapu/Documents/PyCharmMiscProject/deepfake-ViT/test_data_v3/faceswap/fake/faceswap__faceswap_id16_id2_0006__000.png,1
/Users/pickapu/Documents/PyCharmMiscProject/deepfake-ViT/test_data_v3/real/real__610__202.png,0
/Users/pickapu/Documents/PyCharmMiscProject/deepfake-ViT/test_data_v3/faceswap/fake/faceswap__862__000.png,1
/Users/pickapu/Documents/PyCharmMiscProject/deepfake-ViT/test_data_v3/real/real__502__163.png,0
/Users/pickapu/Documents/PyCharmMiscProject/deepfake-ViT/test_data_v3/faceswap/fake/faceswap__id27_0008__000.png,1
/Users/pickapu/Documents/PyCharmMiscProject/deepfake-ViT/test_data_v3/faceswap/fake/faceswap__faceswap_id27_id22_0001__000.png,1
/Users/pickapu/Documents/PyCharmMiscProject/deepfake-ViT/test_data_v3/real/real__964__232.png,0
/Users/pickapu/Documents/PyCharmMiscProject/deepfake-ViT/test_data_v3/faceswap/fake/faceswap__faceswap_id28_id37_0008__000.png,1
/Users/pickapu/Documents/PyCharmMiscProject/deepfake-ViT/test_data_v3/faceswap/fake/faceswap__faceswap_id30_id28_0000__000.png,1
/Users/pickapu/Documents/PyCharmMiscProject/deepfake-ViT/test_data_v3/faceswap/fake/faceswap__faceswap_id55_id57_0002__000.png,1
/Users/pickapu/Documents/PyCharmMiscProject/deepfake-ViT/test_data_v3/real/real__020__200.png,0
/Users/pickapu/Documents/PyCharmMiscProject/deepfake-ViT/test_data_v3/faceswap/fake/faceswap__id53_0003__000.png,1
/Users/pickapu/Documents/PyCharmMiscProject/deepfake-ViT/test_data_v3/faceswap/fake/faceswap__id3_0002__000.png,1
/Users/pickapu/Documents/PyCharmMiscProject/deepfake-ViT/test_data_v3/faceswap/fake/faceswap__id53_0000__000.png,1
/Users/pickapu/Documents/PyCharmMiscProject/deepfake-ViT/test_data_v3/real/real__354__236.png,0
/Users/pickapu/Documents/PyCharmMiscProject/deepfake-ViT/test_data_v3/faceswap/fake/faceswap__faceswap_id45_id48_0002__000.png,1
/Users/pickapu/Documents/PyCharmMiscProject/deepfake-ViT/test_data_v3/faceswap/fake/faceswap__faceswap_id45_id47_0002__000.png,1
/Users/pickapu/Documents/PyCharmMiscProject/deepfake-ViT/test_data_v3/real/real__587__322.png,0
/Users/pickapu/Documents/PyCharmMiscProject/deepfake-ViT/test_data_v3/faceswap/fake/faceswap__faceswap_id35_id20_0007__000.png,1
/Users/pickapu/Documents/PyCharmMiscProject/deepfake-ViT/test_data_v3/real/real__203__229.png,0
/Users/pickapu/Documents/PyCharmMiscProject/deepfake-ViT/test_data_v3/real/real__00119__218.png,0
/Users/pickapu/Documents/PyCharmMiscProject/deepfake-ViT/test_data_v3/real/real__851__429.png,0
/Users/pickapu/Documents/PyCharmMiscProject/deepfake-ViT/test_data_v3/real/real__520__180.png,0
/Users/pickapu/Documents/PyCharmMiscProject/deepfake-ViT/test_data_v3/faceswap/fake/faceswap__faceswap_id23_id16_0003__000.png,1
/Users/pickapu/Documents/PyCharmMiscProject/deepfake-ViT/test_data_v3/real/real__246__255.png,0
/Users/pickapu/Documents/PyCharmMiscProject/deepfake-ViT/test_data_v3/faceswap/fake/faceswap__faceswap_id16_id20_0000__000.png,1
/Users/pickapu/Documents/PyCharmMiscProject/deepfake-ViT/test_data_v3/real/real__120__208.png,0
/Users/pickapu/Documents/PyCharmMiscProject/deepfake-ViT/test_data_v3/real/real__067__277.png,0
/Users/pickapu/Documents/PyCharmMiscProject/deepfake-ViT/test_data_v3/real/real__572__178.png,0
/Users/pickapu/Documents/PyCharmMiscProject/deepfake-ViT/test_data_v3/faceswap/fake/faceswap__faceswap_id17_id28_0001__000.png,1
/Users/pickapu/Documents/PyCharmMiscProject/deepfake-ViT/test_data_v3/real/real__248__255.png,0
/Users/pickapu/Documents/PyCharmMiscProject/deepfake-ViT/test_data_v3/faceswap/fake/faceswap__705__243.png,1
/Users/pickapu/Documents/PyCharmMiscProject/deepfake-ViT/test_data_v3/real/real__892__160.png,0
/Users/pickapu/Documents/PyCharmMiscProject/deepfake-ViT/test_data_v3/real/real__171__278.png,0
/Users/pickapu/Documents/PyCharmMiscProject/deepfake-ViT/test_data_v3/real/real__790__355.png,0
/Users/pickapu/Documents/PyCharmMiscProject/deepfake-ViT/test_data_v3/faceswap/fake/faceswap__faceswap_id26_id0_0009__000.png,1
/Users/pickapu/Documents/PyCharmMiscProject/deepfake-ViT/test_data_v3/faceswap/fake/faceswap__faceswap_id31_id30_0009__000.png,1
/Users/pickapu/Documents/PyCharmMiscProject/deepfake-ViT/test_data_v3/faceswap/fake/faceswap__faceswap_id4_id20_0001__000.png,1
/Users/pickapu/Documents/PyCharmMiscProject/deepfake-ViT/test_data_v3/real/real__637__262.png,0
/Users/pickapu/Documents/PyCharmMiscProject/deepfake-ViT/test_data_v3/faceswap/fake/faceswap__faceswap_id37_id21_0000__000.png,1
/Users/pickapu/Documents/PyCharmMiscProject/deepfake-ViT/test_data_v3/faceswap/fake/faceswap__faceswap_id28_id37_0007__000.png,1
/Users/pickapu/Documents/PyCharmMiscProject/deepfake-ViT/test_data_v3/faceswap/fake/faceswap__faceswap_id24_id19_0000__000.png,1
/Users/pickapu/Documents/PyCharmMiscProject/deepfake-ViT/test_data_v3/real/real__385__179.png,0
/Users/pickapu/Documents/PyCharmMiscProject/deepfake-ViT/test_data_v3/real/real__004__158.png,0
/Users/pickapu/Documents/PyCharmMiscProject/deepfake-ViT/test_data_v3/real/real__846__181.png,0
/Users/pickapu/Documents/PyCharmMiscProject/deepfake-ViT/test_data_v3/real/real__008__328.png,0
/Users/pickapu/Documents/PyCharmMiscProject/deepfake-ViT/test_data_v3/real/real__756__293.png,0
/Users/pickapu/Documents/PyCharmMiscProject/deepfake-ViT/test_data_v3/real/real__867__240.png,0
/Users/pickapu/Documents/PyCharmMiscProject/deepfake-ViT/test_data_v3/real/real__393__298.png,0
/Users/pickapu/Documents/PyCharmMiscProject/deepfake-ViT/test_data_v3/faceswap/fake/faceswap__faceswap_id3_id23_0009__000.png,1
/Users/pickapu/Documents/PyCharmMiscProject/deepfake-ViT/test_data_v3/real/real__344__325.png,0
/Users/pickapu/Documents/PyCharmMiscProject/deepfake-ViT/test_data_v3/faceswap/fake/faceswap__faceswap_id24_id26_0004__000.png,1
/Users/pickapu/Documents/PyCharmMiscProject/deepfake-ViT/test_data_v3/real/real__id44_0001__161.png,0
/Users/pickapu/Documents/PyCharmMiscProject/deepfake-ViT/test_data_v3/faceswap/fake/faceswap__faceswap_id9_id21_0008__000.png,1
/Users/pickapu/Documents/PyCharmMiscProject/deepfake-ViT/test_data_v3/faceswap/fake/faceswap__faceswap_id26_id22_0005__000.png,1
/Users/pickapu/Documents/PyCharmMiscProject/deepfake-ViT/test_data_v3/faceswap/fake/faceswap__faceswap_id25_id21_0005__000.png,1
/Users/pickapu/Documents/PyCharmMiscProject/deepfake-ViT/test_data_v3/faceswap/fake/faceswap__faceswap_id2_id6_0008__000.png,1
/Users/pickapu/Documents/PyCharmMiscProject/deepfake-ViT/test_data_v3/real/real__692__182.png,0
/Users/pickapu/Documents/PyCharmMiscProject/deepfake-ViT/test_data_v3/faceswap/fake/faceswap__faceswap_id28_id17_0001__000.png,1
/Users/pickapu/Documents/PyCharmMiscProject/deepfake-ViT/test_data_v3/faceswap/fake/faceswap__faceswap_id20_id0_0006__000.png,1
/Users/pickapu/Documents/PyCharmMiscProject/deepfake-ViT/test_data_v3/faceswap/fake/faceswap__faceswap_id44_id42_0001__000.png,1
/Users/pickapu/Documents/PyCharmMiscProject/deepfake-ViT/test_data_v3/real/real__832__284.png,0
/Users/pickapu/Documents/PyCharmMiscProject/deepfake-ViT/test_data_v3/faceswap/fake/faceswap__371__000.png,1
/Users/pickapu/Documents/PyCharmMiscProject/deepfake-ViT/test_data_v3/faceswap/fake/faceswap__faceswap_id16_id28_0005__000.png,1
/Users/pickapu/Documents/PyCharmMiscProject/deepfake-ViT/test_data_v3/real/real__924__362.png,0
/Users/pickapu/Documents/PyCharmMiscProject/deepfake-ViT/test_data_v3/real/real__517__192.png,0
/Users/pickapu/Documents/PyCharmMiscProject/deepfake-ViT/test_data_v3/real/real__422__162.png,0
/Users/pickapu/Documents/PyCharmMiscProject/deepfake-ViT/test_data_v3/faceswap/fake/faceswap__faceswap_id29_id33_0004__000.png,1
/Users/pickapu/Documents/PyCharmMiscProject/deepfake-ViT/test_data_v3/faceswap/fake/faceswap__faceswap_id23_id2_0007__000.png,1
/Users/pickapu/Documents/PyCharmMiscProject/deepfake-ViT/test_data_v3/real/real__003__155.png,0
/Users/pickapu/Documents/PyCharmMiscProject/deepfake-ViT/test_data_v3/real/real__950__393.png,0
/Users/pickapu/Documents/PyCharmMiscProject/deepfake-ViT/test_data_v3/real/real__503__347.png,0
/Users/pickapu/Documents/PyCharmMiscProject/deepfake-ViT/test_data_v3/faceswap/fake/faceswap__527__176.png,1
/Users/pickapu/Documents/PyCharmMiscProject/deepfake-ViT/test_data_v3/real/real__561__214.png,0
/Users/pickapu/Documents/PyCharmMiscProject/deepfake-ViT/test_data_v3/faceswap/fake/faceswap__faceswap_id21_id3_0009__000.png,1
/Users/pickapu/Documents/PyCharmMiscProject/deepfake-ViT/test_data_v3/real/real__00287__241.png,0
/Users/pickapu/Documents/PyCharmMiscProject/deepfake-ViT/test_data_v3/real/real__376__265.png,0
/Users/pickapu/Documents/PyCharmMiscProject/deepfake-ViT/test_data_v3/faceswap/fake/faceswap__faceswap_id30_id3_0006__000.png,1
/Users/pickapu/Documents/PyCharmMiscProject/deepfake-ViT/test_data_v3/faceswap/fake/faceswap__000__000.png,1
/Users/pickapu/Documents/PyCharmMiscProject/deepfake-ViT/test_data_v3/real/real__00036__283.png,0
/Users/pickapu/Documents/PyCharmMiscProject/deepfake-ViT/test_data_v3/faceswap/fake/faceswap__faceswap_id56_id50_0005__000.png,1
/Users/pickapu/Documents/PyCharmMiscProject/deepfake-ViT/test_data_v3/faceswap/fake/faceswap__421__468.png,1
/Users/pickapu/Documents/PyCharmMiscProject/deepfake-ViT/test_data_v3/faceswap/fake/faceswap__id10_0007__000.png,1
/Users/pickapu/Documents/PyCharmMiscProject/deepfake-ViT/test_data_v3/faceswap/fake/faceswap__faceswap_id47_id45_0002__000.png,1
/Users/pickapu/Documents/PyCharmMiscProject/deepfake-ViT/test_data_v3/real/real__976__168.png,0
/Users/pickapu/Documents/PyCharmMiscProject/deepfake-ViT/test_data_v3/real/real__243__199.png,0
/Users/pickapu/Documents/PyCharmMiscProject/deepfake-ViT/test_data_v3/real/real__948__223.png,0
/Users/pickapu/Documents/PyCharmMiscProject/deepfake-ViT/test_data_v3/real/real__944__176.png,0
/Users/pickapu/Documents/PyCharmMiscProject/deepfake-ViT/test_data_v3/real/real__852__219.png,0
/Users/pickapu/Documents/PyCharmMiscProject/deepfake-ViT/test_data_v3/real/real__625__170.png,0
/Users/pickapu/Documents/PyCharmMiscProject/deepfake-ViT/test_data_v3/faceswap/fake/faceswap__faceswap_id16_id9_0007__000.png,1
/Users/pickapu/Documents/PyCharmMiscProject/deepfake-ViT/test_data_v3/faceswap/fake/faceswap__faceswap_id20_id4_0001__000.png,1
/Users/pickapu/Documents/PyCharmMiscProject/deepfake-ViT/test_data_v3/faceswap/fake/faceswap__faceswap_id23_id19_0001__000.png,1
/Users/pickapu/Documents/PyCharmMiscProject/deepfake-ViT/test_data_v3/real/real__161__189.png,0
/Users/pickapu/Documents/PyCharmMiscProject/deepfake-ViT/test_data_v3/real/real__754__206.png,0
/Users/pickapu/Documents/PyCharmMiscProject/deepfake-ViT/test_data_v3/faceswap/fake/faceswap__faceswap_id6_id4_0002__000.png,1
/Users/pickapu/Documents/PyCharmMiscProject/deepfake-ViT/test_data_v3/real/real__00213__252.png,0
/Users/pickapu/Documents/PyCharmMiscProject/deepfake-ViT/test_data_v3/faceswap/fake/faceswap__id56_0009__000.png,1
/Users/pickapu/Documents/PyCharmMiscProject/deepfake-ViT/test_data_v3/faceswap/fake/faceswap__faceswap_id9_id20_0002__000.png,1
/Users/pickapu/Documents/PyCharmMiscProject/deepfake-ViT/test_data_v3/faceswap/fake/faceswap__faceswap_id10_id7_0004__000.png,1
/Users/pickapu/Documents/PyCharmMiscProject/deepfake-ViT/test_data_v3/faceswap/fake/faceswap__faceswap_id46_id41_0000__000.png,1
/Users/pickapu/Documents/PyCharmMiscProject/deepfake-ViT/test_data_v3/faceswap/fake/faceswap__faceswap_id20_id35_0007__000.png,1
/Users/pickapu/Documents/PyCharmMiscProject/deepfake-ViT/test_data_v3/real/real__684__256.png,0
/Users/pickapu/Documents/PyCharmMiscProject/deepfake-ViT/test_data_v3/faceswap/fake/faceswap__faceswap_id13_id10_0004__000.png,1
/Users/pickapu/Documents/PyCharmMiscProject/deepfake-ViT/test_data_v3/faceswap/fake/faceswap__faceswap_id31_id33_0009__000.png,1
/Users/pickapu/Documents/PyCharmMiscProject/deepfake-ViT/test_data_v3/real/real__929__237.png,0
/Users/pickapu/Documents/PyCharmMiscProject/deepfake-ViT/test_data_v3/real/real__090__354.png,0
/Users/pickapu/Documents/PyCharmMiscProject/deepfake-ViT/test_data_v3/real/real__261__348.png,0
/Users/pickapu/Documents/PyCharmMiscProject/deepfake-ViT/test_data_v3/faceswap/fake/faceswap__faceswap_id35_id34_0002__000.png,1
/Users/pickapu/Documents/PyCharmMiscProject/deepfake-ViT/test_data_v3/real/real__569__172.png,0
/Users/pickapu/Documents/PyCharmMiscProject/deepfake-ViT/test_data_v3/real/real__007__260.png,0
/Users/pickapu/Documents/PyCharmMiscProject/deepfake-ViT/test_data_v3/real/real__907__270.png,0
/Users/pickapu/Documents/PyCharmMiscProject/deepfake-ViT/test_data_v3/faceswap/fake/faceswap__529__172.png,1
/Users/pickapu/Documents/PyCharmMiscProject/deepfake-ViT/test_data_v3/real/real__215__302.png,0
/Users/pickapu/Documents/PyCharmMiscProject/deepfake-ViT/test_data_v3/real/real__350__208.png,0
/Users/pickapu/Documents/PyCharmMiscProject/deepfake-ViT/test_data_v3/real/real__068__206.png,0
/Users/pickapu/Documents/PyCharmMiscProject/deepfake-ViT/test_data_v3/faceswap/fake/faceswap__faceswap_id6_id21_0005__000.png,1
/Users/pickapu/Documents/PyCharmMiscProject/deepfake-ViT/test_data_v3/real/real__628__461.png,0
/Users/pickapu/Documents/PyCharmMiscProject/deepfake-ViT/test_data_v3/real/real__511__417.png,0
/Users/pickapu/Documents/PyCharmMiscProject/deepfake-ViT/test_data_v3/real/real__216__245.png,0
/Users/pickapu/Documents/PyCharmMiscProject/deepfake-ViT/test_data_v3/real/real__819__477.png,0
/Users/pickapu/Documents/PyCharmMiscProject/deepfake-ViT/test_data_v3/real/real__709__154.png,0
/Users/pickapu/Documents/PyCharmMiscProject/deepfake-ViT/test_data_v3/faceswap/fake/faceswap__faceswap_id17_id2_0000__000.png,1
/Users/pickapu/Documents/PyCharmMiscProject/deepfake-ViT/test_data_v3/faceswap/fake/faceswap__faceswap_id37_id34_0008__000.png,1
/Users/pickapu/Documents/PyCharmMiscProject/deepfake-ViT/test_data_v3/real/real__105__154.png,0
/Users/pickapu/Documents/PyCharmMiscProject/deepfake-ViT/test_data_v3/faceswap/fake/faceswap__faceswap_id3_id16_0009__000.png,1
/Users/pickapu/Documents/PyCharmMiscProject/deepfake-ViT/test_data_v3/faceswap/fake/faceswap__id32_0003__000.png,1
/Users/pickapu/Documents/PyCharmMiscProject/deepfake-ViT/test_data_v3/real/real__988__234.png,0
/Users/pickapu/Documents/PyCharmMiscProject/deepfake-ViT/test_data_v3/real/real__912__333.png,0
/Users/pickapu/Documents/PyCharmMiscProject/deepfake-ViT/test_data_v3/real/real__737__189.png,0
/Users/pickapu/Documents/PyCharmMiscProject/deepfake-ViT/test_data_v3/real/real__699__269.png,0
/Users/pickapu/Documents/PyCharmMiscProject/deepfake-ViT/test_data_v3/real/real__386__231.png,0
/Users/pickapu/Documents/PyCharmMiscProject/deepfake-ViT/test_data_v3/faceswap/fake/faceswap__114__000.png,1
/Users/pickapu/Documents/PyCharmMiscProject/deepfake-ViT/test_data_v3/faceswap/fake/faceswap__id30_0007__000.png,1
/Users/pickapu/Documents/PyCharmMiscProject/deepfake-ViT/test_data_v3/real/real__id36_0006__242.png,0
/Users/pickapu/Documents/PyCharmMiscProject/deepfake-ViT/test_data_v3/faceswap/fake/faceswap__faceswap_id28_id30_0004__000.png,1
/Users/pickapu/Documents/PyCharmMiscProject/deepfake-ViT/test_data_v3/real/real__150__234.png,0
/Users/pickapu/Documents/PyCharmMiscProject/deepfake-ViT/test_data_v3/real/real__343__153.png,0
/Users/pickapu/Documents/PyCharmMiscProject/deepfake-ViT/test_data_v3/real/real__081__414.png,0
/Users/pickapu/Documents/PyCharmMiscProject/deepfake-ViT/test_data_v3/real/real__019__312.png,0
/Users/pickapu/Documents/PyCharmMiscProject/deepfake-ViT/test_data_v3/real/real__142__496.png,0
/Users/pickapu/Documents/PyCharmMiscProject/deepfake-ViT/test_data_v3/faceswap/fake/faceswap__faceswap_id31_id16_0002__000.png,1
/Users/pickapu/Documents/PyCharmMiscProject/deepfake-ViT/test_data_v3/real/real__549__321.png,0
/Users/pickapu/Documents/PyCharmMiscProject/deepfake-ViT/test_data_v3/faceswap/fake/faceswap__faceswap_id16_id23_0003__000.png,1
/Users/pickapu/Documents/PyCharmMiscProject/deepfake-ViT/test_data_v3/faceswap/fake/faceswap__faceswap_id35_id30_0009__000.png,1
/Users/pickapu/Documents/PyCharmMiscProject/deepfake-ViT/test_data_v3/faceswap/fake/faceswap__faceswap_id12_id10_0005__000.png,1
/Users/pickapu/Documents/PyCharmMiscProject/deepfake-ViT/test_data_v3/faceswap/fake/faceswap__102__200.png,1
/Users/pickapu/Documents/PyCharmMiscProject/deepfake-ViT/test_data_v3/real/real__195__171.png,0
/Users/pickapu/Documents/PyCharmMiscProject/deepfake-ViT/test_data_v3/faceswap/fake/faceswap__278__231.png,1
/Users/pickapu/Documents/PyCharmMiscProject/deepfake-ViT/test_data_v3/faceswap/fake/faceswap__faceswap_id35_id23_0007__000.png,1
/Users/pickapu/Documents/PyCharmMiscProject/deepfake-ViT/test_data_v3/faceswap/fake/faceswap__faceswap_id9_id3_0003__000.png,1
/Users/pickapu/Documents/PyCharmMiscProject/deepfake-ViT/test_data_v3/faceswap/fake/faceswap__faceswap_id32_id31_0006__000.png,1
/Users/pickapu/Documents/PyCharmMiscProject/deepfake-ViT/test_data_v3/real/real__083__280.png,0
/Users/pickapu/Documents/PyCharmMiscProject/deepfake-ViT/test_data_v3/real/real__130__341.png,0
/Users/pickapu/Documents/PyCharmMiscProject/deepfake-ViT/test_data_v3/faceswap/fake/faceswap__faceswap_id16_id1_0004__000.png,1
/Users/pickapu/Documents/PyCharmMiscProject/deepfake-ViT/test_data_v3/real/real__787__258.png,0
/Users/pickapu/Documents/PyCharmMiscProject/deepfake-ViT/test_data_v3/faceswap/fake/faceswap__480__000.png,1
/Users/pickapu/Documents/PyCharmMiscProject/deepfake-ViT/test_data_v3/faceswap/fake/faceswap__308__258.png,1
/Users/pickapu/Documents/PyCharmMiscProject/deepfake-ViT/test_data_v3/real/real__111__222.png,0
/Users/pickapu/Documents/PyCharmMiscProject/deepfake-ViT/test_data_v3/faceswap/fake/faceswap__280__312.png,1
/Users/pickapu/Documents/PyCharmMiscProject/deepfake-ViT/test_data_v3/real/real__144__177.png,0
/Users/pickapu/Documents/PyCharmMiscProject/deepfake-ViT/test_data_v3/faceswap/fake/faceswap__faceswap_id16_id17_0007__000.png,1
/Users/pickapu/Documents/PyCharmMiscProject/deepfake-ViT/test_data_v3/faceswap/fake/faceswap__faceswap_id26_id30_0006__000.png,1
/Users/pickapu/Documents/PyCharmMiscProject/deepfake-ViT/test_data_v3/faceswap/fake/faceswap__faceswap_id28_id26_0002__000.png,1
/Users/pickapu/Documents/PyCharmMiscProject/deepfake-ViT/test_data_v3/faceswap/fake/faceswap__faceswap_id52_id50_0007__000.png,1
/Users/pickapu/Documents/PyCharmMiscProject/deepfake-ViT/test_data_v3/real/real__id44_0003__176.png,0
/Users/pickapu/Documents/PyCharmMiscProject/deepfake-ViT/test_data_v3/faceswap/fake/faceswap__faceswap_id2_id16_0004__000.png,1
/Users/pickapu/Documents/PyCharmMiscProject/deepfake-ViT/test_data_v3/real/real__970__245.png,0
/Users/pickapu/Documents/PyCharmMiscProject/deepfake-ViT/test_data_v3/faceswap/fake/faceswap__faceswap_id4_id0_0000__000.png,1
/Users/pickapu/Documents/PyCharmMiscProject/deepfake-ViT/test_data_v3/faceswap/fake/faceswap__faceswap_id54_id49_0003__000.png,1
/Users/pickapu/Documents/PyCharmMiscProject/deepfake-ViT/test_data_v3/real/real__260__155.png,0
/Users/pickapu/Documents/PyCharmMiscProject/deepfake-ViT/test_data_v3/faceswap/fake/faceswap__faceswap_id20_id6_0007__000.png,1
/Users/pickapu/Documents/PyCharmMiscProject/deepfake-ViT/test_data_v3/real/real__560__179.png,0
/Users/pickapu/Documents/PyCharmMiscProject/deepfake-ViT/test_data_v3/faceswap/fake/faceswap__381__000.png,1
/Users/pickapu/Documents/PyCharmMiscProject/deepfake-ViT/test_data_v3/real/real__204__265.png,0
/Users/pickapu/Documents/PyCharmMiscProject/deepfake-ViT/test_data_v3/faceswap/fake/faceswap__faceswap_id30_id35_0009__000.png,1
/Users/pickapu/Documents/PyCharmMiscProject/deepfake-ViT/test_data_v3/real/real__276__170.png,0
/Users/pickapu/Documents/PyCharmMiscProject/deepfake-ViT/test_data_v3/real/real__764__189.png,0
/Users/pickapu/Documents/PyCharmMiscProject/deepfake-ViT/test_data_v3/faceswap/fake/faceswap__id2_0001__193.png,1
/Users/pickapu/Documents/PyCharmMiscProject/deepfake-ViT/test_data_v3/real/real__843__163.png,0
/Users/pickapu/Documents/PyCharmMiscProject/deepfake-ViT/test_data_v3/faceswap/fake/faceswap__faceswap_id3_id28_0002__000.png,1
/Users/pickapu/Documents/PyCharmMiscProject/deepfake-ViT/test_data_v3/real/real__339__235.png,0
/Users/pickapu/Documents/PyCharmMiscProject/deepfake-ViT/test_data_v3/real/real__406__263.png,0
/Users/pickapu/Documents/PyCharmMiscProject/deepfake-ViT/test_data_v3/real/real__271__252.png,0
/Users/pickapu/Documents/PyCharmMiscProject/deepfake-ViT/test_data_v3/faceswap/fake/faceswap__faceswap_id9_id3_0009__000.png,1
/Users/pickapu/Documents/PyCharmMiscProject/deepfake-ViT/test_data_v3/real/real__938__189.png,0
/Users/pickapu/Documents/PyCharmMiscProject/deepfake-ViT/test_data_v3/faceswap/fake/faceswap__445__000.png,1
/Users/pickapu/Documents/PyCharmMiscProject/deepfake-ViT/test_data_v3/faceswap/fake/faceswap__faceswap_id51_id57_0000__000.png,1
/Users/pickapu/Documents/PyCharmMiscProject/deepfake-ViT/test_data_v3/real/real__242__170.png,0
/Users/pickapu/Documents/PyCharmMiscProject/deepfake-ViT/test_data_v3/faceswap/fake/faceswap__725__000.png,1
/Users/pickapu/Documents/PyCharmMiscProject/deepfake-ViT/test_data_v3/real/real__278__231.png,0
/Users/pickapu/Documents/PyCharmMiscProject/deepfake-ViT/test_data_v3/real/real__091__329.png,0
/Users/pickapu/Documents/PyCharmMiscProject/deepfake-ViT/test_data_v3/real/real__762__214.png,0
/Users/pickapu/Documents/PyCharmMiscProject/deepfake-ViT/test_data_v3/faceswap/fake/faceswap__924__000.png,1
/Users/pickapu/Documents/PyCharmMiscProject/deepfake-ViT/test_data_v3/real/real__732__219.png,0
/Users/pickapu/Documents/PyCharmMiscProject/deepfake-ViT/test_data_v3/faceswap/fake/faceswap__faceswap_id2_id26_0005__000.png,1
/Users/pickapu/Documents/PyCharmMiscProject/deepfake-ViT/test_data_v3/faceswap/fake/faceswap__faceswap_id9_id0_0000__000.png,1
/Users/pickapu/Documents/PyCharmMiscProject/deepfake-ViT/test_data_v3/faceswap/fake/faceswap__faceswap_id42_id40_0001__000.png,1
/Users/pickapu/Documents/PyCharmMiscProject/deepfake-ViT/test_data_v3/faceswap/fake/faceswap__faceswap_id21_id16_0002__000.png,1
/Users/pickapu/Documents/PyCharmMiscProject/deepfake-ViT/test_data_v3/real/real__669__251.png,0
/Users/pickapu/Documents/PyCharmMiscProject/deepfake-ViT/test_data_v3/faceswap/fake/faceswap__026__165.png,1
/Users/pickapu/Documents/PyCharmMiscProject/deepfake-ViT/test_data_v3/faceswap/fake/faceswap__faceswap_id3_id0_0007__000.png,1
/Users/pickapu/Documents/PyCharmMiscProject/deepfake-ViT/test_data_v3/real/real__177__211.png,0
/Users/pickapu/Documents/PyCharmMiscProject/deepfake-ViT/test_data_v3/faceswap/fake/faceswap__851__000.png,1
/Users/pickapu/Documents/PyCharmMiscProject/deepfake-ViT/test_data_v3/real/real__00270__162.png,0
/Users/pickapu/Documents/PyCharmMiscProject/deepfake-ViT/test_data_v3/faceswap/fake/faceswap__faceswap_id1_id3_0009__000.png,1
/Users/pickapu/Documents/PyCharmMiscProject/deepfake-ViT/test_data_v3/faceswap/fake/faceswap__faceswap_id26_id16_0001__000.png,1
/Users/pickapu/Documents/PyCharmMiscProject/deepfake-ViT/test_data_v3/real/real__162__353.png,0
/Users/pickapu/Documents/PyCharmMiscProject/deepfake-ViT/test_data_v3/real/real__304__314.png,0
/Users/pickapu/Documents/PyCharmMiscProject/deepfake-ViT/test_data_v3/faceswap/fake/faceswap__731__000.png,1
/Users/pickapu/Documents/PyCharmMiscProject/deepfake-ViT/test_data_v3/faceswap/fake/faceswap__669__251.png,1
/Users/pickapu/Documents/PyCharmMiscProject/deepfake-ViT/test_data_v3/faceswap/fake/faceswap__faceswap_id39_id45_0008__000.png,1
/Users/pickapu/Documents/PyCharmMiscProject/deepfake-ViT/test_data_v3/real/real__328__164.png,0
/Users/pickapu/Documents/PyCharmMiscProject/deepfake-ViT/test_data_v3/real/real__576__237.png,0
/Users/pickapu/Documents/PyCharmMiscProject/deepfake-ViT/test_data_v3/faceswap/fake/faceswap__faceswap_id21_id27_0002__000.png,1
/Users/pickapu/Documents/PyCharmMiscProject/deepfake-ViT/test_data_v3/real/real__id30_0007__234.png,0
/Users/pickapu/Documents/PyCharmMiscProject/deepfake-ViT/test_data_v3/faceswap/fake/faceswap__faceswap_id9_id1_0000__000.png,1
/Users/pickapu/Documents/PyCharmMiscProject/deepfake-ViT/test_data_v3/faceswap/fake/faceswap__faceswap_id4_id23_0006__000.png,1
/Users/pickapu/Documents/PyCharmMiscProject/deepfake-ViT/test_data_v3/faceswap/fake/faceswap__faceswap_id0_id8_0002__000.png,1
/Users/pickapu/Documents/PyCharmMiscProject/deepfake-ViT/test_data_v3/real/real__id45_0003__161.png,0
/Users/pickapu/Documents/PyCharmMiscProject/deepfake-ViT/test_data_v3/real/real__585__184.png,0
/Users/pickapu/Documents/PyCharmMiscProject/deepfake-ViT/test_data_v3/faceswap/fake/faceswap__732__219.png,1
/Users/pickapu/Documents/PyCharmMiscProject/deepfake-ViT/test_data_v3/faceswap/fake/faceswap__faceswap_id17_id21_0000__000.png,1
/Users/pickapu/Documents/PyCharmMiscProject/deepfake-ViT/test_data_v3/real/real__815__232.png,0
/Users/pickapu/Documents/PyCharmMiscProject/deepfake-ViT/test_data_v3/real/real__00281__236.png,0
/Users/pickapu/Documents/PyCharmMiscProject/deepfake-ViT/test_data_v3/faceswap/fake/faceswap__faceswap_id1_id0_0007__000.png,1
/Users/pickapu/Documents/PyCharmMiscProject/deepfake-ViT/test_data_v3/faceswap/fake/faceswap__faceswap_id51_id57_0004__000.png,1
/Users/pickapu/Documents/PyCharmMiscProject/deepfake-ViT/test_data_v3/real/real__440__215.png,0
/Users/pickapu/Documents/PyCharmMiscProject/deepfake-ViT/test_data_v3/real/real__190__170.png,0
/Users/pickapu/Documents/PyCharmMiscProject/deepfake-ViT/test_data_v3/faceswap/fake/faceswap__faceswap_id1_id3_0006__000.png,1
/Users/pickapu/Documents/PyCharmMiscProject/deepfake-ViT/test_data_v3/real/real__220__183.png,0
/Users/pickapu/Documents/PyCharmMiscProject/deepfake-ViT/test_data_v3/faceswap/fake/faceswap__faceswap_id33_id29_0004__000.png,1
/Users/pickapu/Documents/PyCharmMiscProject/deepfake-ViT/test_data_v3/faceswap/fake/faceswap__faceswap_id0_id26_0009__000.png,1
/Users/pickapu/Documents/PyCharmMiscProject/deepfake-ViT/test_data_v3/real/real__758__201.png,0
/Users/pickapu/Documents/PyCharmMiscProject/deepfake-ViT/test_data_v3/faceswap/fake/faceswap__id13_0004__000.png,1
/Users/pickapu/Documents/PyCharmMiscProject/deepfake-ViT/test_data_v3/real/real__445__475.png,0
/Users/pickapu/Documents/PyCharmMiscProject/deepfake-ViT/test_data_v3/faceswap/fake/faceswap__550__228.png,1
/Users/pickapu/Documents/PyCharmMiscProject/deepfake-ViT/test_data_v3/faceswap/fake/faceswap__faceswap_id6_id28_0006__000.png,1
/Users/pickapu/Documents/PyCharmMiscProject/deepfake-ViT/test_data_v3/faceswap/fake/faceswap__faceswap_id23_id35_0009__000.png,1
/Users/pickapu/Documents/PyCharmMiscProject/deepfake-ViT/test_data_v3/faceswap/fake/faceswap__faceswap_id32_id31_0008__000.png,1
/Users/pickapu/Documents/PyCharmMiscProject/deepfake-ViT/test_data_v3/real/real__943__242.png,0
/Users/pickapu/Documents/PyCharmMiscProject/deepfake-ViT/test_data_v3/faceswap/fake/faceswap__faceswap_id26_id23_0003__000.png,1
/Users/pickapu/Documents/PyCharmMiscProject/deepfake-ViT/test_data_v3/real/real__id36_0008__238.png,0
/Users/pickapu/Documents/PyCharmMiscProject/deepfake-ViT/test_data_v3/faceswap/fake/faceswap__faceswap_id1_id37_0002__000.png,1
/Users/pickapu/Documents/PyCharmMiscProject/deepfake-ViT/test_data_v3/faceswap/fake/faceswap__953__000.png,1
/Users/pickapu/Documents/PyCharmMiscProject/deepfake-ViT/test_data_v3/real/real__027__151.png,0
/Users/pickapu/Documents/PyCharmMiscProject/deepfake-ViT/test_data_v3/faceswap/fake/faceswap__faceswap_id4_id21_0002__000.png,1
/Users/pickapu/Documents/PyCharmMiscProject/deepfake-ViT/test_data_v3/real/real__434__162.png,0
/Users/pickapu/Documents/PyCharmMiscProject/deepfake-ViT/test_data_v3/real/real__357__178.png,0
/Users/pickapu/Documents/PyCharmMiscProject/deepfake-ViT/test_data_v3/faceswap/fake/faceswap__faceswap_id11_id7_0007__000.png,1
/Users/pickapu/Documents/PyCharmMiscProject/deepfake-ViT/test_data_v3/real/real__863__264.png,0
/Users/pickapu/Documents/PyCharmMiscProject/deepfake-ViT/test_data_v3/faceswap/fake/faceswap__faceswap_id25_id19_0008__000.png,1
/Users/pickapu/Documents/PyCharmMiscProject/deepfake-ViT/test_data_v3/real/real__id28_0009__170.png,0
/Users/pickapu/Documents/PyCharmMiscProject/deepfake-ViT/test_data_v3/real/real__056__192.png,0
/Users/pickapu/Documents/PyCharmMiscProject/deepfake-ViT/test_data_v3/real/real__351__352.png,0
/Users/pickapu/Documents/PyCharmMiscProject/deepfake-ViT/test_data_v3/faceswap/fake/faceswap__faceswap_id7_id12_0006__000.png,1
/Users/pickapu/Documents/PyCharmMiscProject/deepfake-ViT/test_data_v3/real/real__id3_0008__235.png,0
/Users/pickapu/Documents/PyCharmMiscProject/deepfake-ViT/test_data_v3/real/real__048__249.png,0
/Users/pickapu/Documents/PyCharmMiscProject/deepfake-ViT/test_data_v3/faceswap/fake/faceswap__faceswap_id1_id6_0007__000.png,1
/Users/pickapu/Documents/PyCharmMiscProject/deepfake-ViT/test_data_v3/real/real__889__169.png,0
/Users/pickapu/Documents/PyCharmMiscProject/deepfake-ViT/test_data_v3/real/real__335__197.png,0
/Users/pickapu/Documents/PyCharmMiscProject/deepfake-ViT/test_data_v3/faceswap/fake/faceswap__faceswap_id6_id1_0005__000.png,1
/Users/pickapu/Documents/PyCharmMiscProject/deepfake-ViT/test_data_v3/faceswap/fake/faceswap__faceswap_id20_id1_0003__000.png,1
/Users/pickapu/Documents/PyCharmMiscProject/deepfake-ViT/test_data_v3/faceswap/fake/faceswap__024__157.png,1
/Users/pickapu/Documents/PyCharmMiscProject/deepfake-ViT/test_data_v3/faceswap/fake/faceswap__id28_0009__000.png,1
/Users/pickapu/Documents/PyCharmMiscProject/deepfake-ViT/test_data_v3/real/real__id48_0000__173.png,0
/Users/pickapu/Documents/PyCharmMiscProject/deepfake-ViT/test_data_v3/real/real__613__213.png,0
/Users/pickapu/Documents/PyCharmMiscProject/deepfake-ViT/test_data_v3/real/real__302__451.png,0
/Users/pickapu/Documents/PyCharmMiscProject/deepfake-ViT/test_data_v3/faceswap/fake/faceswap__faceswap_id2_id9_0008__000.png,1
/Users/pickapu/Documents/PyCharmMiscProject/deepfake-ViT/test_data_v3/faceswap/fake/faceswap__661__000.png,1
/Users/pickapu/Documents/PyCharmMiscProject/deepfake-ViT/test_data_v3/faceswap/fake/faceswap__faceswap_id29_id37_0008__000.png,1
/Users/pickapu/Documents/PyCharmMiscProject/deepfake-ViT/test_data_v3/real/real__670__247.png,0
/Users/pickapu/Documents/PyCharmMiscProject/deepfake-ViT/test_data_v3/faceswap/fake/faceswap__id32_0008__000.png,1
/Users/pickapu/Documents/PyCharmMiscProject/deepfake-ViT/test_data_v3/real/real__109__153.png,0
/Users/pickapu/Documents/PyCharmMiscProject/deepfake-ViT/test_data_v3/faceswap/fake/faceswap__faceswap_id3_id1_0009__000.png,1
/Users/pickapu/Documents/PyCharmMiscProject/deepfake-ViT/test_data_v3/faceswap/fake/faceswap__233__000.png,1
/Users/pickapu/Documents/PyCharmMiscProject/deepfake-ViT/test_data_v3/faceswap/fake/faceswap__faceswap_id16_id20_0006__000.png,1
/Users/pickapu/Documents/PyCharmMiscProject/deepfake-ViT/test_data_v3/real/real__452__312.png,0
/Users/pickapu/Documents/PyCharmMiscProject/deepfake-ViT/test_data_v3/real/real__00133__257.png,0
/Users/pickapu/Documents/PyCharmMiscProject/deepfake-ViT/test_data_v3/real/real__024__157.png,0
/Users/pickapu/Documents/PyCharmMiscProject/deepfake-ViT/test_data_v3/faceswap/fake/faceswap__faceswap_id10_id7_0008__000.png,1
/Users/pickapu/Documents/PyCharmMiscProject/deepfake-ViT/test_data_v3/real/real__399__444.png,0
/Users/pickapu/Documents/PyCharmMiscProject/deepfake-ViT/test_data_v3/faceswap/fake/faceswap__id19_0005__000.png,1
/Users/pickapu/Documents/PyCharmMiscProject/deepfake-ViT/test_data_v3/faceswap/fake/faceswap__faceswap_id37_id3_0004__000.png,1
/Users/pickapu/Documents/PyCharmMiscProject/deepfake-ViT/test_data_v3/real/real__835__219.png,0
/Users/pickapu/Documents/PyCharmMiscProject/deepfake-ViT/test_data_v3/real/real__310__193.png,0
/Users/pickapu/Documents/PyCharmMiscProject/deepfake-ViT/test_data_v3/faceswap/fake/faceswap__faceswap_id35_id23_0006__000.png,1
/Users/pickapu/Documents/PyCharmMiscProject/deepfake-ViT/test_data_v3/real/real__175__259.png,0
/Users/pickapu/Documents/PyCharmMiscProject/deepfake-ViT/test_data_v3/real/real__941__254.png,0
/Users/pickapu/Documents/PyCharmMiscProject/deepfake-ViT/test_data_v3/faceswap/fake/faceswap__faceswap_id28_id30_0000__000.png,1
/Users/pickapu/Documents/PyCharmMiscProject/deepfake-ViT/test_data_v3/faceswap/fake/faceswap__faceswap_id58_id52_0005__000.png,1
/Users/pickapu/Documents/PyCharmMiscProject/deepfake-ViT/test_data_v3/faceswap/fake/faceswap__029__214.png,1
/Users/pickapu/Documents/PyCharmMiscProject/deepfake-ViT/test_data_v3/faceswap/fake/faceswap__faceswap_id37_id1_0002__000.png,1
/Users/pickapu/Documents/PyCharmMiscProject/deepfake-ViT/test_data_v3/real/real__042__173.png,0
/Users/pickapu/Documents/PyCharmMiscProject/deepfake-ViT/test_data_v3/faceswap/fake/faceswap__219__180.png,1
/Users/pickapu/Documents/PyCharmMiscProject/deepfake-ViT/test_data_v3/real/real__884__176.png,0
/Users/pickapu/Documents/PyCharmMiscProject/deepfake-ViT/test_data_v3/real/real__774__161.png,0
/Users/pickapu/Documents/PyCharmMiscProject/deepfake-ViT/test_data_v3/faceswap/fake/faceswap__399__000.png,1
/Users/pickapu/Documents/PyCharmMiscProject/deepfake-ViT/test_data_v3/faceswap/fake/faceswap__faceswap_id9_id23_0009__000.png,1
/Users/pickapu/Documents/PyCharmMiscProject/deepfake-ViT/test_data_v3/real/real__266__239.png,0
/Users/pickapu/Documents/PyCharmMiscProject/deepfake-ViT/test_data_v3/real/real__00282__213.png,0
/Users/pickapu/Documents/PyCharmMiscProject/deepfake-ViT/test_data_v3/faceswap/fake/faceswap__623__181.png,1
/Users/pickapu/Documents/PyCharmMiscProject/deepfake-ViT/test_data_v3/real/real__934__194.png,0
/Users/pickapu/Documents/PyCharmMiscProject/deepfake-ViT/test_data_v3/faceswap/fake/faceswap__faceswap_id2_id1_0002__000.png,1
/Users/pickapu/Documents/PyCharmMiscProject/deepfake-ViT/test_data_v3/faceswap/fake/faceswap__faceswap_id3_id16_0001__000.png,1
/Users/pickapu/Documents/PyCharmMiscProject/deepfake-ViT/test_data_v3/faceswap/fake/faceswap__faceswap_id39_id44_0000__000.png,1
/Users/pickapu/Documents/PyCharmMiscProject/deepfake-ViT/test_data_v3/real/real__id43_0001__175.png,0
/Users/pickapu/Documents/PyCharmMiscProject/deepfake-ViT/test_data_v3/faceswap/fake/faceswap__faceswap_id46_id39_0000__000.png,1
/Users/pickapu/Documents/PyCharmMiscProject/deepfake-ViT/test_data_v3/real/real__858__248.png,0
/Users/pickapu/Documents/PyCharmMiscProject/deepfake-ViT/test_data_v3/faceswap/fake/faceswap__faceswap_id19_id20_0004__000.png,1
/Users/pickapu/Documents/PyCharmMiscProject/deepfake-ViT/test_data_v3/real/real__442__182.png,0
/Users/pickapu/Documents/PyCharmMiscProject/deepfake-ViT/test_data_v3/faceswap/fake/faceswap__faceswap_id7_id10_0004__000.png,1
/Users/pickapu/Documents/PyCharmMiscProject/deepfake-ViT/test_data_v3/faceswap/fake/faceswap__faceswap_id9_id2_0006__000.png,1
/Users/pickapu/Documents/PyCharmMiscProject/deepfake-ViT/test_data_v3/real/real__748__163.png,0
/Users/pickapu/Documents/PyCharmMiscProject/deepfake-ViT/test_data_v3/real/real__231__295.png,0
/Users/pickapu/Documents/PyCharmMiscProject/deepfake-ViT/test_data_v3/real/real__155__427.png,0
/Users/pickapu/Documents/PyCharmMiscProject/deepfake-ViT/test_data_v3/faceswap/fake/faceswap__faceswap_id21_id4_0009__000.png,1
/Users/pickapu/Documents/PyCharmMiscProject/deepfake-ViT/test_data_v3/real/real__485__413.png,0
/Users/pickapu/Documents/PyCharmMiscProject/deepfake-ViT/test_data_v3/real/real__325__274.png,0
/Users/pickapu/Documents/PyCharmMiscProject/deepfake-ViT/test_data_v3/faceswap/fake/faceswap__faceswap_id30_id21_0005__000.png,1
/Users/pickapu/Documents/PyCharmMiscProject/deepfake-ViT/test_data_v3/faceswap/fake/faceswap__faceswap_id33_id38_0001__000.png,1
/Users/pickapu/Documents/PyCharmMiscProject/deepfake-ViT/test_data_v3/real/real__607__233.png,0
/Users/pickapu/Documents/PyCharmMiscProject/deepfake-ViT/test_data_v3/real/real__928__193.png,0
/Users/pickapu/Documents/PyCharmMiscProject/deepfake-ViT/test_data_v3/real/real__00284__238.png,0
/Users/pickapu/Documents/PyCharmMiscProject/deepfake-ViT/test_data_v3/faceswap/fake/faceswap__faceswap_id1_id4_0003__000.png,1
/Users/pickapu/Documents/PyCharmMiscProject/deepfake-ViT/test_data_v3/real/real__id26_0008__163.png,0
/Users/pickapu/Documents/PyCharmMiscProject/deepfake-ViT/test_data_v3/real/real__034__209.png,0
/Users/pickapu/Documents/PyCharmMiscProject/deepfake-ViT/test_data_v3/real/real__630__217.png,0
/Users/pickapu/Documents/PyCharmMiscProject/deepfake-ViT/test_data_v3/faceswap/fake/faceswap__faceswap_id37_id38_0009__000.png,1
/Users/pickapu/Documents/PyCharmMiscProject/deepfake-ViT/test_data_v3/real/real__471__278.png,0
/Users/pickapu/Documents/PyCharmMiscProject/deepfake-ViT/test_data_v3/faceswap/fake/faceswap__faceswap_id21_id30_0005__000.png,1
/Users/pickapu/Documents/PyCharmMiscProject/deepfake-ViT/test_data_v3/real/real__526__432.png,0
/Users/pickapu/Documents/PyCharmMiscProject/deepfake-ViT/test_data_v3/faceswap/fake/faceswap__faceswap_id37_id4_0006__000.png,1
/Users/pickapu/Documents/PyCharmMiscProject/deepfake-ViT/test_data_v3/real/real__id36_0002__220.png,0
/Users/pickapu/Documents/PyCharmMiscProject/deepfake-ViT/test_data_v3/real/real__id56_0002__186.png,0
/Users/pickapu/Documents/PyCharmMiscProject/deepfake-ViT/test_data_v3/real/real__446__217.png,0
/Users/pickapu/Documents/PyCharmMiscProject/deepfake-ViT/test_data_v3/faceswap/fake/faceswap__630__000.png,1
/Users/pickapu/Documents/PyCharmMiscProject/deepfake-ViT/test_data_v3/real/real__973__274.png,0
/Users/pickapu/Documents/PyCharmMiscProject/deepfake-ViT/test_data_v3/faceswap/fake/faceswap__896__273.png,1
/Users/pickapu/Documents/PyCharmMiscProject/deepfake-ViT/test_data_v3/faceswap/fake/faceswap__319__000.png,1
/Users/pickapu/Documents/PyCharmMiscProject/deepfake-ViT/test_data_v3/real/real__id22_0000__102.png,0
/Users/pickapu/Documents/PyCharmMiscProject/deepfake-ViT/test_data_v3/real/real__00269__163.png,0
/Users/pickapu/Documents/PyCharmMiscProject/deepfake-ViT/test_data_v3/faceswap/fake/faceswap__faceswap_id1_id3_0007__000.png,1
/Users/pickapu/Documents/PyCharmMiscProject/deepfake-ViT/test_data_v3/faceswap/fake/faceswap__faceswap_id16_id3_0009__000.png,1
/Users/pickapu/Documents/PyCharmMiscProject/deepfake-ViT/test_data_v3/real/real__id2_0003__197.png,0
/Users/pickapu/Documents/PyCharmMiscProject/deepfake-ViT/test_data_v3/faceswap/fake/faceswap__faceswap_id24_id27_0007__000.png,1
/Users/pickapu/Documents/PyCharmMiscProject/deepfake-ViT/test_data_v3/real/real__210__432.png,0
/Users/pickapu/Documents/PyCharmMiscProject/deepfake-ViT/test_data_v3/faceswap/fake/faceswap__faceswap_id26_id2_0005__000.png,1
/Users/pickapu/Documents/PyCharmMiscProject/deepfake-ViT/test_data_v3/faceswap/fake/faceswap__faceswap_id10_id12_0001__000.png,1
/Users/pickapu/Documents/PyCharmMiscProject/deepfake-ViT/test_data_v3/faceswap/fake/faceswap__faceswap_id19_id27_0001__000.png,1
/Users/pickapu/Documents/PyCharmMiscProject/deepfake-ViT/test_data_v3/faceswap/fake/faceswap__faceswap_id1_id3_0003__000.png,1
/Users/pickapu/Documents/PyCharmMiscProject/deepfake-ViT/test_data_v3/real/real__654__211.png,0
/Users/pickapu/Documents/PyCharmMiscProject/deepfake-ViT/test_data_v3/faceswap/fake/faceswap__faceswap_id40_id43_0005__000.png,1
/Users/pickapu/Documents/PyCharmMiscProject/deepfake-ViT/test_data_v3/real/real__491__219.png,0
/Users/pickapu/Documents/PyCharmMiscProject/deepfake-ViT/test_data_v3/faceswap/fake/faceswap__faceswap_id24_id25_0003__000.png,1
/Users/pickapu/Documents/PyCharmMiscProject/deepfake-ViT/test_data_v3/real/real__id1_0006__260.png,0
/Users/pickapu/Documents/PyCharmMiscProject/deepfake-ViT/test_data_v3/real/real__371__370.png,0
/Users/pickapu/Documents/PyCharmMiscProject/deepfake-ViT/test_data_v3/faceswap/fake/faceswap__faceswap_id38_id33_0001__000.png,1
/Users/pickapu/Documents/PyCharmMiscProject/deepfake-ViT/test_data_v3/real/real__533__287.png,0
/Users/pickapu/Documents/PyCharmMiscProject/deepfake-ViT/test_data_v3/faceswap/fake/faceswap__faceswap_id10_id13_0008__000.png,1
/Users/pickapu/Documents/PyCharmMiscProject/deepfake-ViT/test_data_v3/real/real__545__224.png,0
/Users/pickapu/Documents/PyCharmMiscProject/deepfake-ViT/test_data_v3/real/real__011__325.png,0
/Users/pickapu/Documents/PyCharmMiscProject/deepfake-ViT/test_data_v3/faceswap/fake/faceswap__faceswap_id33_id34_0005__000.png,1
/Users/pickapu/Documents/PyCharmMiscProject/deepfake-ViT/test_data_v3/real/real__id39_0005__128.png,0
/Users/pickapu/Documents/PyCharmMiscProject/deepfake-ViT/test_data_v3/faceswap/fake/faceswap__faceswap_id7_id10_0009__000.png,1
/Users/pickapu/Documents/PyCharmMiscProject/deepfake-ViT/test_data_v3/faceswap/fake/faceswap__650__000.png,1
/Users/pickapu/Documents/PyCharmMiscProject/deepfake-ViT/test_data_v3/faceswap/fake/faceswap__id28_0007__000.png,1
/Users/pickapu/Documents/PyCharmMiscProject/deepfake-ViT/test_data_v3/faceswap/fake/faceswap__faceswap_id13_id10_0008__000.png,1
/Users/pickapu/Documents/PyCharmMiscProject/deepfake-ViT/test_data_v3/real/real__00092__282.png,0
/Users/pickapu/Documents/PyCharmMiscProject/deepfake-ViT/test_data_v3/real/real__257__368.png,0
/Users/pickapu/Documents/PyCharmMiscProject/deepfake-ViT/test_data_v3/faceswap/fake/faceswap__faceswap_id20_id30_0004__000.png,1
/Users/pickapu/Documents/PyCharmMiscProject/deepfake-ViT/test_data_v3/faceswap/fake/faceswap__faceswap_id0_id3_0007__000.png,1
/Users/pickapu/Documents/PyCharmMiscProject/deepfake-ViT/test_data_v3/faceswap/fake/faceswap__420__000.png,1
/Users/pickapu/Documents/PyCharmMiscProject/deepfake-ViT/test_data_v3/real/real__00193__181.png,0
/Users/pickapu/Documents/PyCharmMiscProject/deepfake-ViT/test_data_v3/real/real__522__367.png,0
/Users/pickapu/Documents/PyCharmMiscProject/deepfake-ViT/test_data_v3/real/real__id2_0001__193.png,0
/Users/pickapu/Documents/PyCharmMiscProject/deepfake-ViT/test_data_v3/faceswap/fake/faceswap__faceswap_id2_id28_0003__000.png,1
/Users/pickapu/Documents/PyCharmMiscProject/deepfake-ViT/test_data_v3/faceswap/fake/faceswap__id7_0006__000.png,1
/Users/pickapu/Documents/PyCharmMiscProject/deepfake-ViT/test_data_v3/faceswap/fake/faceswap__faceswap_id23_id30_0002__000.png,1
/Users/pickapu/Documents/PyCharmMiscProject/deepfake-ViT/test_data_v3/faceswap/fake/faceswap__faceswap_id1_id20_0007__000.png,1
/Users/pickapu/Documents/PyCharmMiscProject/deepfake-ViT/test_data_v3/real/real__660__174.png,0
/Users/pickapu/Documents/PyCharmMiscProject/deepfake-ViT/test_data_v3/faceswap/fake/faceswap__faceswap_id48_id41_0001__000.png,1
/Users/pickapu/Documents/PyCharmMiscProject/deepfake-ViT/test_data_v3/faceswap/fake/faceswap__faceswap_id57_id56_0007__000.png,1
/Users/pickapu/Documents/PyCharmMiscProject/deepfake-ViT/test_data_v3/real/real__045__180.png,0
/Users/pickapu/Documents/PyCharmMiscProject/deepfake-ViT/test_data_v3/real/real__435__245.png,0
/Users/pickapu/Documents/PyCharmMiscProject/deepfake-ViT/test_data_v3/faceswap/fake/faceswap__faceswap_id50_id49_0001__000.png,1
/Users/pickapu/Documents/PyCharmMiscProject/deepfake-ViT/test_data_v3/real/real__457__272.png,0
/Users/pickapu/Documents/PyCharmMiscProject/deepfake-ViT/test_data_v3/faceswap/fake/faceswap__id17_0000__000.png,1
/Users/pickapu/Documents/PyCharmMiscProject/deepfake-ViT/test_data_v3/faceswap/fake/faceswap__faceswap_id33_id38_0005__000.png,1
/Users/pickapu/Documents/PyCharmMiscProject/deepfake-ViT/test_data_v3/real/real__00252__160.png,0
/Users/pickapu/Documents/PyCharmMiscProject/deepfake-ViT/test_data_v3/real/real__106__183.png,0
/Users/pickapu/Documents/PyCharmMiscProject/deepfake-ViT/test_data_v3/faceswap/fake/faceswap__faceswap_id48_id45_0002__000.png,1
/Users/pickapu/Documents/PyCharmMiscProject/deepfake-ViT/test_data_v3/faceswap/fake/faceswap__faceswap_id2_id4_0003__000.png,1
/Users/pickapu/Documents/PyCharmMiscProject/deepfake-ViT/test_data_v3/real/real__931__164.png,0
/Users/pickapu/Documents/PyCharmMiscProject/deepfake-ViT/test_data_v3/real/real__455__190.png,0
/Users/pickapu/Documents/PyCharmMiscProject/deepfake-ViT/test_data_v3/faceswap/fake/faceswap__faceswap_id37_id4_0000__000.png,1
/Users/pickapu/Documents/PyCharmMiscProject/deepfake-ViT/test_data_v3/faceswap/fake/faceswap__id21_0009__164.png,1
/Users/pickapu/Documents/PyCharmMiscProject/deepfake-ViT/test_data_v3/faceswap/fake/faceswap__880__000.png,1
/Users/pickapu/Documents/PyCharmMiscProject/deepfake-ViT/test_data_v3/real/real__00254__238.png,0
/Users/pickapu/Documents/PyCharmMiscProject/deepfake-ViT/test_data_v3/real/real__00272__163.png,0
/Users/pickapu/Documents/PyCharmMiscProject/deepfake-ViT/test_data_v3/faceswap/fake/faceswap__id37_0004__000.png,1
/Users/pickapu/Documents/PyCharmMiscProject/deepfake-ViT/test_data_v3/faceswap/fake/faceswap__995__282.png,1
/Users/pickapu/Documents/PyCharmMiscProject/deepfake-ViT/test_data_v3/faceswap/fake/faceswap__faceswap_id6_id3_0005__000.png,1
/Users/pickapu/Documents/PyCharmMiscProject/deepfake-ViT/test_data_v3/real/real__989__494.png,0
/Users/pickapu/Documents/PyCharmMiscProject/deepfake-ViT/test_data_v3/real/real__844__439.png,0
/Users/pickapu/Documents/PyCharmMiscProject/deepfake-ViT/test_data_v3/faceswap/fake/faceswap__868__221.png,1
/Users/pickapu/Documents/PyCharmMiscProject/deepfake-ViT/test_data_v3/real/real__405__273.png,0
/Users/pickapu/Documents/PyCharmMiscProject/deepfake-ViT/test_data_v3/real/real__804__184.png,0
/Users/pickapu/Documents/PyCharmMiscProject/deepfake-ViT/test_data_v3/faceswap/fake/faceswap__faceswap_id30_id34_0003__000.png,1
/Users/pickapu/Documents/PyCharmMiscProject/deepfake-ViT/test_data_v3/faceswap/fake/faceswap__faceswap_id26_id28_0002__000.png,1
/Users/pickapu/Documents/PyCharmMiscProject/deepfake-ViT/test_data_v3/real/real__930__230.png,0
/Users/pickapu/Documents/PyCharmMiscProject/deepfake-ViT/test_data_v3/faceswap/fake/faceswap__faceswap_id38_id34_0004__000.png,1
/Users/pickapu/Documents/PyCharmMiscProject/deepfake-ViT/test_data_v3/faceswap/fake/faceswap__521__156.png,1
/Users/pickapu/Documents/PyCharmMiscProject/deepfake-ViT/test_data_v3/real/real__id52_0002__278.png,0
/Users/pickapu/Documents/PyCharmMiscProject/deepfake-ViT/test_data_v3/faceswap/fake/faceswap__faceswap_id6_id2_0005__000.png,1
/Users/pickapu/Documents/PyCharmMiscProject/deepfake-ViT/test_data_v3/real/real__00244__148.png,0
/Users/pickapu/Documents/PyCharmMiscProject/deepfake-ViT/test_data_v3/real/real__873__455.png,0
/Users/pickapu/Documents/PyCharmMiscProject/deepfake-ViT/test_data_v3/real/real__701__202.png,0
/Users/pickapu/Documents/PyCharmMiscProject/deepfake-ViT/test_data_v3/faceswap/fake/faceswap__faceswap_id2_id17_0003__000.png,1
/Users/pickapu/Documents/PyCharmMiscProject/deepfake-ViT/test_data_v3/faceswap/fake/faceswap__faceswap_id3_id28_0001__000.png,1
/Users/pickapu/Documents/PyCharmMiscProject/deepfake-ViT/test_data_v3/faceswap/fake/faceswap__faceswap_id37_id35_0005__000.png,1
/Users/pickapu/Documents/PyCharmMiscProject/deepfake-ViT/test_data_v3/real/real__548__295.png,0
/Users/pickapu/Documents/PyCharmMiscProject/deepfake-ViT/test_data_v3/faceswap/fake/faceswap__faceswap_id23_id3_0004__000.png,1
/Users/pickapu/Documents/PyCharmMiscProject/deepfake-ViT/test_data_v3/faceswap/fake/faceswap__faceswap_id26_id4_0007__000.png,1
/Users/pickapu/Documents/PyCharmMiscProject/deepfake-ViT/test_data_v3/faceswap/fake/faceswap__306__375.png,1
/Users/pickapu/Documents/PyCharmMiscProject/deepfake-ViT/test_data_v3/faceswap/fake/faceswap__faceswap_id17_id6_0000__000.png,1
/Users/pickapu/Documents/PyCharmMiscProject/deepfake-ViT/test_data_v3/real/real__134__178.png,0
/Users/pickapu/Documents/PyCharmMiscProject/deepfake-ViT/test_data_v3/real/real__664__150.png,0
/Users/pickapu/Documents/PyCharmMiscProject/deepfake-ViT/test_data_v3/faceswap/fake/faceswap__faceswap_id27_id22_0007__000.png,1
/Users/pickapu/Documents/PyCharmMiscProject/deepfake-ViT/test_data_v3/real/real__677__161.png,0
/Users/pickapu/Documents/PyCharmMiscProject/deepfake-ViT/test_data_v3/real/real__996__160.png,0
/Users/pickapu/Documents/PyCharmMiscProject/deepfake-ViT/test_data_v3/real/real__404__411.png,0
/Users/pickapu/Documents/PyCharmMiscProject/deepfake-ViT/test_data_v3/faceswap/fake/faceswap__faceswap_id53_id57_0005__000.png,1
/Users/pickapu/Documents/PyCharmMiscProject/deepfake-ViT/test_data_v3/real/real__720__272.png,0
/Users/pickapu/Documents/PyCharmMiscProject/deepfake-ViT/test_data_v3/real/real__693__306.png,0
/Users/pickapu/Documents/PyCharmMiscProject/deepfake-ViT/test_data_v3/real/real__id34_0006__212.png,0
/Users/pickapu/Documents/PyCharmMiscProject/deepfake-ViT/test_data_v3/faceswap/fake/faceswap__faceswap_id47_id48_0008__000.png,1
/Users/pickapu/Documents/PyCharmMiscProject/deepfake-ViT/test_data_v3/real/real__515__394.png,0
/Users/pickapu/Documents/PyCharmMiscProject/deepfake-ViT/test_data_v3/real/real__649__479.png,0
/Users/pickapu/Documents/PyCharmMiscProject/deepfake-ViT/test_data_v3/faceswap/fake/faceswap__625__170.png,1
/Users/pickapu/Documents/PyCharmMiscProject/deepfake-ViT/test_data_v3/faceswap/fake/faceswap__faceswap_id50_id51_0008__000.png,1
/Users/pickapu/Documents/PyCharmMiscProject/deepfake-ViT/test_data_v3/real/real__308__258.png,0
/Users/pickapu/Documents/PyCharmMiscProject/deepfake-ViT/test_data_v3/faceswap/fake/faceswap__faceswap_id0_id1_0005__000.png,1
/Users/pickapu/Documents/PyCharmMiscProject/deepfake-ViT/test_data_v3/real/real__521__156.png,0
/Users/pickapu/Documents/PyCharmMiscProject/deepfake-ViT/test_data_v3/real/real__312__220.png,0
/Users/pickapu/Documents/PyCharmMiscProject/deepfake-ViT/test_data_v3/faceswap/fake/faceswap__faceswap_id34_id37_0008__000.png,1
/Users/pickapu/Documents/PyCharmMiscProject/deepfake-ViT/test_data_v3/faceswap/fake/faceswap__faceswap_id2_id0_0002__000.png,1
/Users/pickapu/Documents/PyCharmMiscProject/deepfake-ViT/test_data_v3/faceswap/fake/faceswap__faceswap_id0_id16_0003__000.png,1
/Users/pickapu/Documents/PyCharmMiscProject/deepfake-ViT/test_data_v3/real/real__849__165.png,0
/Users/pickapu/Documents/PyCharmMiscProject/deepfake-ViT/test_data_v3/faceswap/fake/faceswap__faceswap_id2_id16_0001__000.png,1
/Users/pickapu/Documents/PyCharmMiscProject/deepfake-ViT/test_data_v3/faceswap/fake/faceswap__faceswap_id37_id29_0002__000.png,1
/Users/pickapu/Documents/PyCharmMiscProject/deepfake-ViT/test_data_v3/real/real__222__209.png,0
/Users/pickapu/Documents/PyCharmMiscProject/deepfake-ViT/test_data_v3/real/real__194__292.png,0
/Users/pickapu/Documents/PyCharmMiscProject/deepfake-ViT/test_data_v3/real/real__668__204.png,0
/Users/pickapu/Documents/PyCharmMiscProject/deepfake-ViT/test_data_v3/faceswap/fake/faceswap__id9_0000__000.png,1
/Users/pickapu/Documents/PyCharmMiscProject/deepfake-ViT/test_data_v3/faceswap/fake/faceswap__faceswap_id26_id30_0004__000.png,1
/Users/pickapu/Documents/PyCharmMiscProject/deepfake-ViT/test_data_v3/faceswap/fake/faceswap__faceswap_id43_id47_0007__000.png,1
/Users/pickapu/Documents/PyCharmMiscProject/deepfake-ViT/test_data_v3/real/real__495__295.png,0
/Users/pickapu/Documents/PyCharmMiscProject/deepfake-ViT/test_data_v3/real/real__id11_0006__162.png,0
/Users/pickapu/Documents/PyCharmMiscProject/deepfake-ViT/test_data_v3/real/real__959__248.png,0
/Users/pickapu/Documents/PyCharmMiscProject/deepfake-ViT/test_data_v3/faceswap/fake/faceswap__faceswap_id45_id44_0000__000.png,1
/Users/pickapu/Documents/PyCharmMiscProject/deepfake-ViT/test_data_v3/real/real__837__228.png,0
/Users/pickapu/Documents/PyCharmMiscProject/deepfake-ViT/test_data_v3/real/real__031__248.png,0
/Users/pickapu/Documents/PyCharmMiscProject/deepfake-ViT/test_data_v3/faceswap/fake/faceswap__670__247.png,1
/Users/pickapu/Documents/PyCharmMiscProject/deepfake-ViT/test_data_v3/real/real__id48_0003__161.png,0
/Users/pickapu/Documents/PyCharmMiscProject/deepfake-ViT/test_data_v3/faceswap/fake/faceswap__faceswap_id20_id16_0006__000.png,1
/Users/pickapu/Documents/PyCharmMiscProject/deepfake-ViT/test_data_v3/faceswap/fake/faceswap__faceswap_id30_id23_0002__000.png,1
/Users/pickapu/Documents/PyCharmMiscProject/deepfake-ViT/test_data_v3/real/real__id29_0008__231.png,0
/Users/pickapu/Documents/PyCharmMiscProject/deepfake-ViT/test_data_v3/faceswap/fake/faceswap__036__173.png,1
/Users/pickapu/Documents/PyCharmMiscProject/deepfake-ViT/test_data_v3/faceswap/fake/faceswap__id44_0001__000.png,1
/Users/pickapu/Documents/PyCharmMiscProject/deepfake-ViT/test_data_v3/real/real__00063__230.png,0
/Users/pickapu/Documents/PyCharmMiscProject/deepfake-ViT/test_data_v3/faceswap/fake/faceswap__faceswap_id26_id27_0006__000.png,1
/Users/pickapu/Documents/PyCharmMiscProject/deepfake-ViT/test_data_v3/faceswap/fake/faceswap__376__265.png,1
/Users/pickapu/Documents/PyCharmMiscProject/deepfake-ViT/test_data_v3/faceswap/fake/faceswap__id2_0003__000.png,1
/Users/pickapu/Documents/PyCharmMiscProject/deepfake-ViT/test_data_v3/real/real__287__244.png,0
/Users/pickapu/Documents/PyCharmMiscProject/deepfake-ViT/test_data_v3/faceswap/fake/faceswap__faceswap_id23_id35_0006__000.png,1
/Users/pickapu/Documents/PyCharmMiscProject/deepfake-ViT/test_data_v3/faceswap/fake/faceswap__faceswap_id30_id35_0006__000.png,1
/Users/pickapu/Documents/PyCharmMiscProject/deepfake-ViT/test_data_v3/real/real__200__370.png,0
/Users/pickapu/Documents/PyCharmMiscProject/deepfake-ViT/test_data_v3/faceswap/fake/faceswap__faceswap_id19_id25_0008__000.png,1
/Users/pickapu/Documents/PyCharmMiscProject/deepfake-ViT/test_data_v3/real/real__921__152.png,0
/Users/pickapu/Documents/PyCharmMiscProject/deepfake-ViT/test_data_v3/real/real__412__294.png,0
/Users/pickapu/Documents/PyCharmMiscProject/deepfake-ViT/test_data_v3/real/real__022__167.png,0
/Users/pickapu/Documents/PyCharmMiscProject/deepfake-ViT/test_data_v3/real/real__568__293.png,0
/Users/pickapu/Documents/PyCharmMiscProject/deepfake-ViT/test_data_v3/real/real__398__299.png,0
/Users/pickapu/Documents/PyCharmMiscProject/deepfake-ViT/test_data_v3/real/real__823__346.png,0
/Users/pickapu/Documents/PyCharmMiscProject/deepfake-ViT/test_data_v3/real/real__993__210.png,0
/Users/pickapu/Documents/PyCharmMiscProject/deepfake-ViT/test_data_v3/faceswap/fake/faceswap__faceswap_id50_id56_0005__000.png,1
/Users/pickapu/Documents/PyCharmMiscProject/deepfake-ViT/test_data_v3/faceswap/fake/faceswap__faceswap_id1_id0_0005__000.png,1
/Users/pickapu/Documents/PyCharmMiscProject/deepfake-ViT/test_data_v3/faceswap/fake/faceswap__552__155.png,1
/Users/pickapu/Documents/PyCharmMiscProject/deepfake-ViT/test_data_v3/faceswap/fake/faceswap__801__228.png,1
/Users/pickapu/Documents/PyCharmMiscProject/deepfake-ViT/test_data_v3/faceswap/fake/faceswap__id29_0008__000.png,1
/Users/pickapu/Documents/PyCharmMiscProject/deepfake-ViT/test_data_v3/faceswap/fake/faceswap__id3_0008__000.png,1
/Users/pickapu/Documents/PyCharmMiscProject/deepfake-ViT/test_data_v3/faceswap/fake/faceswap__220__000.png,1
/Users/pickapu/Documents/PyCharmMiscProject/deepfake-ViT/test_data_v3/faceswap/fake/faceswap__id54_0007__000.png,1
/Users/pickapu/Documents/PyCharmMiscProject/deepfake-ViT/test_data_v3/faceswap/fake/faceswap__faceswap_id58_id54_0006__000.png,1
/Users/pickapu/Documents/PyCharmMiscProject/deepfake-ViT/test_data_v3/faceswap/fake/faceswap__579__000.png,1
/Users/pickapu/Documents/PyCharmMiscProject/deepfake-ViT/test_data_v3/faceswap/fake/faceswap__faceswap_id20_id16_0000__000.png,1
/Users/pickapu/Documents/PyCharmMiscProject/deepfake-ViT/test_data_v3/faceswap/fake/faceswap__919__000.png,1
/Users/pickapu/Documents/PyCharmMiscProject/deepfake-ViT/test_data_v3/real/real__id19_0005__165.png,0
/Users/pickapu/Documents/PyCharmMiscProject/deepfake-ViT/test_data_v3/real/real__183__200.png,0
/Users/pickapu/Documents/PyCharmMiscProject/deepfake-ViT/test_data_v3/faceswap/fake/faceswap__id4_0004__000.png,1
/Users/pickapu/Documents/PyCharmMiscProject/deepfake-ViT/test_data_v3/real/real__388__327.png,0
/Users/pickapu/Documents/PyCharmMiscProject/deepfake-ViT/test_data_v3/faceswap/fake/faceswap__faceswap_id51_id50_0008__000.png,1
/Users/pickapu/Documents/PyCharmMiscProject/deepfake-ViT/test_data_v3/real/real__579__245.png,0
/Users/pickapu/Documents/PyCharmMiscProject/deepfake-ViT/test_data_v3/real/real__414__302.png,0
/Users/pickapu/Documents/PyCharmMiscProject/deepfake-ViT/test_data_v3/real/real__854__151.png,0
/Users/pickapu/Documents/PyCharmMiscProject/deepfake-ViT/test_data_v3/faceswap/fake/faceswap__faceswap_id1_id20_0002__000.png,1
/Users/pickapu/Documents/PyCharmMiscProject/deepfake-ViT/test_data_v3/real/real__069__398.png,0
/Users/pickapu/Documents/PyCharmMiscProject/deepfake-ViT/test_data_v3/faceswap/fake/faceswap__faceswap_id21_id28_0001__000.png,1
/Users/pickapu/Documents/PyCharmMiscProject/deepfake-ViT/test_data_v3/faceswap/fake/faceswap__faceswap_id7_id11_0009__000.png,1
/Users/pickapu/Documents/PyCharmMiscProject/deepfake-ViT/test_data_v3/faceswap/fake/faceswap__faceswap_id31_id37_0008__000.png,1
/Users/pickapu/Documents/PyCharmMiscProject/deepfake-ViT/test_data_v3/faceswap/fake/faceswap__faceswap_id2_id17_0007__000.png,1
/Users/pickapu/Documents/PyCharmMiscProject/deepfake-ViT/test_data_v3/real/real__095__486.png,0
/Users/pickapu/Documents/PyCharmMiscProject/deepfake-ViT/test_data_v3/real/real__586__195.png,0
/Users/pickapu/Documents/PyCharmMiscProject/deepfake-ViT/test_data_v3/real/real__864__167.png,0
/Users/pickapu/Documents/PyCharmMiscProject/deepfake-ViT/test_data_v3/real/real__862__242.png,0
/Users/pickapu/Documents/PyCharmMiscProject/deepfake-ViT/test_data_v3/faceswap/fake/faceswap__faceswap_id19_id24_0000__000.png,1
/Users/pickapu/Documents/PyCharmMiscProject/deepfake-ViT/test_data_v3/real/real__id53_0003__243.png,0
/Users/pickapu/Documents/PyCharmMiscProject/deepfake-ViT/test_data_v3/real/real__713__271.png,0
/Users/pickapu/Documents/PyCharmMiscProject/deepfake-ViT/test_data_v3/real/real__829__412.png,0
/Users/pickapu/Documents/PyCharmMiscProject/deepfake-ViT/test_data_v3/faceswap/fake/faceswap__faceswap_id1_id0_0000__000.png,1
/Users/pickapu/Documents/PyCharmMiscProject/deepfake-ViT/test_data_v3/faceswap/fake/faceswap__faceswap_id10_id13_0001__000.png,1
/Users/pickapu/Documents/PyCharmMiscProject/deepfake-ViT/test_data_v3/real/real__554__426.png,0
/Users/pickapu/Documents/PyCharmMiscProject/deepfake-ViT/test_data_v3/real/real__023__284.png,0
/Users/pickapu/Documents/PyCharmMiscProject/deepfake-ViT/test_data_v3/faceswap/fake/faceswap__423__000.png,1
/Users/pickapu/Documents/PyCharmMiscProject/deepfake-ViT/test_data_v3/real/real__833__309.png,0
/Users/pickapu/Documents/PyCharmMiscProject/deepfake-ViT/test_data_v3/faceswap/fake/faceswap__142__000.png,1
/Users/pickapu/Documents/PyCharmMiscProject/deepfake-ViT/test_data_v3/faceswap/fake/faceswap__faceswap_id30_id38_0006__000.png,1
/Users/pickapu/Documents/PyCharmMiscProject/deepfake-ViT/test_data_v3/real/real__166__389.png,0
/Users/pickapu/Documents/PyCharmMiscProject/deepfake-ViT/test_data_v3/faceswap/fake/faceswap__faceswap_id33_id31_0008__000.png,1
/Users/pickapu/Documents/PyCharmMiscProject/deepfake-ViT/test_data_v3/real/real__448__272.png,0
/Users/pickapu/Documents/PyCharmMiscProject/deepfake-ViT/test_data_v3/faceswap/fake/faceswap__176__000.png,1
/Users/pickapu/Documents/PyCharmMiscProject/deepfake-ViT/test_data_v3/faceswap/fake/faceswap__faceswap_id6_id16_0005__000.png,1
/Users/pickapu/Documents/PyCharmMiscProject/deepfake-ViT/test_data_v3/real/real__514__185.png,0
/Users/pickapu/Documents/PyCharmMiscProject/deepfake-ViT/test_data_v3/real/real__708__282.png,0
/Users/pickapu/Documents/PyCharmMiscProject/deepfake-ViT/test_data_v3/real/real__725__360.png,0
/Users/pickapu/Documents/PyCharmMiscProject/deepfake-ViT/test_data_v3/real/real__710__194.png,0
/Users/pickapu/Documents/PyCharmMiscProject/deepfake-ViT/test_data_v3/faceswap/fake/faceswap__141__261.png,1
/Users/pickapu/Documents/PyCharmMiscProject/deepfake-ViT/test_data_v3/real/real__824__297.png,0
/Users/pickapu/Documents/PyCharmMiscProject/deepfake-ViT/test_data_v3/real/real__546__368.png,0
/Users/pickapu/Documents/PyCharmMiscProject/deepfake-ViT/test_data_v3/real/real__id32_0008__243.png,0
/Users/pickapu/Documents/PyCharmMiscProject/deepfake-ViT/test_data_v3/real/real__049__185.png,0
/Users/pickapu/Documents/PyCharmMiscProject/deepfake-ViT/test_data_v3/real/real__676__265.png,0
/Users/pickapu/Documents/PyCharmMiscProject/deepfake-ViT/test_data_v3/real/real__00188__245.png,0
/Users/pickapu/Documents/PyCharmMiscProject/deepfake-ViT/test_data_v3/real/real__581__196.png,0
/Users/pickapu/Documents/PyCharmMiscProject/deepfake-ViT/test_data_v3/real/real__741__190.png,0
/Users/pickapu/Documents/PyCharmMiscProject/deepfake-ViT/test_data_v3/real/real__id32_0003__230.png,0
/Users/pickapu/Documents/PyCharmMiscProject/deepfake-ViT/test_data_v3/faceswap/fake/faceswap__faceswap_id22_id25_0001__000.png,1
/Users/pickapu/Documents/PyCharmMiscProject/deepfake-ViT/test_data_v3/faceswap/fake/faceswap__faceswap_id35_id31_0009__000.png,1
/Users/pickapu/Documents/PyCharmMiscProject/deepfake-ViT/test_data_v3/faceswap/fake/faceswap__161__189.png,1
/Users/pickapu/Documents/PyCharmMiscProject/deepfake-ViT/test_data_v3/real/real__825__281.png,0
/Users/pickapu/Documents/PyCharmMiscProject/deepfake-ViT/test_data_v3/faceswap/fake/faceswap__973__000.png,1
/Users/pickapu/Documents/PyCharmMiscProject/deepfake-ViT/test_data_v3/real/real__444__225.png,0
/Users/pickapu/Documents/PyCharmMiscProject/deepfake-ViT/test_data_v3/faceswap/fake/faceswap__faceswap_id27_id24_0007__000.png,1
/Users/pickapu/Documents/PyCharmMiscProject/deepfake-ViT/test_data_v3/real/real__232__295.png,0
/Users/pickapu/Documents/PyCharmMiscProject/deepfake-ViT/test_data_v3/real/real__890__175.png,0
/Users/pickapu/Documents/PyCharmMiscProject/deepfake-ViT/test_data_v3/real/real__850__315.png,0
/Users/pickapu/Documents/PyCharmMiscProject/deepfake-ViT/test_data_v3/faceswap/fake/faceswap__id24_0009__000.png,1
/Users/pickapu/Documents/PyCharmMiscProject/deepfake-ViT/test_data_v3/faceswap/fake/faceswap__faceswap_id6_id9_0005__000.png,1
/Users/pickapu/Documents/PyCharmMiscProject/deepfake-ViT/test_data_v3/real/real__id27_0008__170.png,0
/Users/pickapu/Documents/PyCharmMiscProject/deepfake-ViT/test_data_v3/faceswap/fake/faceswap__faceswap_id35_id37_0001__000.png,1
/Users/pickapu/Documents/PyCharmMiscProject/deepfake-ViT/test_data_v3/real/real__077__314.png,0
/Users/pickapu/Documents/PyCharmMiscProject/deepfake-ViT/test_data_v3/real/real__264__234.png,0
/Users/pickapu/Documents/PyCharmMiscProject/deepfake-ViT/test_data_v3/faceswap/fake/faceswap__id16_0007__000.png,1
/Users/pickapu/Documents/PyCharmMiscProject/deepfake-ViT/test_data_v3/faceswap/fake/faceswap__380__234.png,1
/Users/pickapu/Documents/PyCharmMiscProject/deepfake-ViT/test_data_v3/faceswap/fake/faceswap__faceswap_id31_id35_0009__000.png,1
/Users/pickapu/Documents/PyCharmMiscProject/deepfake-ViT/test_data_v3/faceswap/fake/faceswap__faceswap_id10_id13_0005__000.png,1
/Users/pickapu/Documents/PyCharmMiscProject/deepfake-ViT/test_data_v3/real/real__317__351.png,0
/Users/pickapu/Documents/PyCharmMiscProject/deepfake-ViT/test_data_v3/faceswap/fake/faceswap__faceswap_id20_id28_0008__000.png,1
/Users/pickapu/Documents/PyCharmMiscProject/deepfake-ViT/test_data_v3/faceswap/fake/faceswap__faceswap_id21_id4_0002__000.png,1
/Users/pickapu/Documents/PyCharmMiscProject/deepfake-ViT/test_data_v3/faceswap/fake/faceswap__452__000.png,1
/Users/pickapu/Documents/PyCharmMiscProject/deepfake-ViT/test_data_v3/faceswap/fake/faceswap__faceswap_id20_id31_0008__000.png,1
/Users/pickapu/Documents/PyCharmMiscProject/deepfake-ViT/test_data_v3/real/real__028__223.png,0
/Users/pickapu/Documents/PyCharmMiscProject/deepfake-ViT/test_data_v3/faceswap/fake/faceswap__917__230.png,1
/Users/pickapu/Documents/PyCharmMiscProject/deepfake-ViT/test_data_v3/faceswap/fake/faceswap__faceswap_id23_id17_0009__000.png,1
/Users/pickapu/Documents/PyCharmMiscProject/deepfake-ViT/test_data_v3/real/real__559__171.png,0
/Users/pickapu/Documents/PyCharmMiscProject/deepfake-ViT/test_data_v3/real/real__395__230.png,0
/Users/pickapu/Documents/PyCharmMiscProject/deepfake-ViT/test_data_v3/faceswap/fake/faceswap__faceswap_id53_id57_0006__000.png,1
/Users/pickapu/Documents/PyCharmMiscProject/deepfake-ViT/test_data_v3/real/real__id11_0008__190.png,0
/Users/pickapu/Documents/PyCharmMiscProject/deepfake-ViT/test_data_v3/real/real__036__173.png,0
/Users/pickapu/Documents/PyCharmMiscProject/deepfake-ViT/test_data_v3/faceswap/fake/faceswap__faceswap_id21_id22_0005__000.png,1
/Users/pickapu/Documents/PyCharmMiscProject/deepfake-ViT/test_data_v3/faceswap/fake/faceswap__faceswap_id17_id31_0009__000.png,1
/Users/pickapu/Documents/PyCharmMiscProject/deepfake-ViT/test_data_v3/real/real__838__235.png,0
/Users/pickapu/Documents/PyCharmMiscProject/deepfake-ViT/test_data_v3/faceswap/fake/faceswap__id33_0002__000.png,1
/Users/pickapu/Documents/PyCharmMiscProject/deepfake-ViT/test_data_v3/faceswap/fake/faceswap__367__334.png,1
/Users/pickapu/Documents/PyCharmMiscProject/deepfake-ViT/test_data_v3/real/real__646__226.png,0
/Users/pickapu/Documents/PyCharmMiscProject/deepfake-ViT/test_data_v3/real/real__423__1754.png,0
/Users/pickapu/Documents/PyCharmMiscProject/deepfake-ViT/test_data_v3/real/real__338__458.png,0
/Users/pickapu/Documents/PyCharmMiscProject/deepfake-ViT/test_data_v3/real/real__id13_0004__181.png,0
/Users/pickapu/Documents/PyCharmMiscProject/deepfake-ViT/test_data_v3/faceswap/fake/faceswap__faceswap_id3_id6_0001__000.png,1
/Users/pickapu/Documents/PyCharmMiscProject/deepfake-ViT/test_data_v3/real/real__984__174.png,0
/Users/pickapu/Documents/PyCharmMiscProject/deepfake-ViT/test_data_v3/faceswap/fake/faceswap__faceswap_id30_id23_0007__000.png,1
/Users/pickapu/Documents/PyCharmMiscProject/deepfake-ViT/test_data_v3/real/real__599__204.png,0
/Users/pickapu/Documents/PyCharmMiscProject/deepfake-ViT/test_data_v3/real/real__id54_0007__294.png,0
/Users/pickapu/Documents/PyCharmMiscProject/deepfake-ViT/test_data_v3/real/real__349__242.png,0
/Users/pickapu/Documents/PyCharmMiscProject/deepfake-ViT/test_data_v3/real/real__721__299.png,0
/Users/pickapu/Documents/PyCharmMiscProject/deepfake-ViT/test_data_v3/real/real__002__357.png,0
/Users/pickapu/Documents/PyCharmMiscProject/deepfake-ViT/test_data_v3/real/real__id8_0009__182.png,0
/Users/pickapu/Documents/PyCharmMiscProject/deepfake-ViT/test_data_v3/faceswap/fake/faceswap__faceswap_id6_id28_0002__000.png,1
/Users/pickapu/Documents/PyCharmMiscProject/deepfake-ViT/test_data_v3/faceswap/fake/faceswap__314__212.png,1
/Users/pickapu/Documents/PyCharmMiscProject/deepfake-ViT/test_data_v3/real/real__899__288.png,0
/Users/pickapu/Documents/PyCharmMiscProject/deepfake-ViT/test_data_v3/faceswap/fake/faceswap__faceswap_id56_id54_0006__000.png,1
/Users/pickapu/Documents/PyCharmMiscProject/deepfake-ViT/test_data_v3/faceswap/fake/faceswap__faceswap_id19_id23_0000__000.png,1
/Users/pickapu/Documents/PyCharmMiscProject/deepfake-ViT/test_data_v3/faceswap/fake/faceswap__675__216.png,1
/Users/pickapu/Documents/PyCharmMiscProject/deepfake-ViT/test_data_v3/faceswap/fake/faceswap__id1_0006__000.png,1
/Users/pickapu/Documents/PyCharmMiscProject/deepfake-ViT/test_data_v3/faceswap/fake/faceswap__faceswap_id17_id26_0006__000.png,1
/Users/pickapu/Documents/PyCharmMiscProject/deepfake-ViT/test_data_v3/faceswap/fake/faceswap__id35_0000__000.png,1
/Users/pickapu/Documents/PyCharmMiscProject/deepfake-ViT/test_data_v3/faceswap/fake/faceswap__faceswap_id3_id26_0002__000.png,1
/Users/pickapu/Documents/PyCharmMiscProject/deepfake-ViT/test_data_v3/real/real__611__332.png,0
/Users/pickapu/Documents/PyCharmMiscProject/deepfake-ViT/test_data_v3/real/real__925__183.png,0
/Users/pickapu/Documents/PyCharmMiscProject/deepfake-ViT/test_data_v3/real/real__284__248.png,0
/Users/pickapu/Documents/PyCharmMiscProject/deepfake-ViT/test_data_v3/real/real__739__156.png,0
/Users/pickapu/Documents/PyCharmMiscProject/deepfake-ViT/test_data_v3/real/real__527__176.png,0
/Users/pickapu/Documents/PyCharmMiscProject/deepfake-ViT/test_data_v3/real/real__657__281.png,0
/Users/pickapu/Documents/PyCharmMiscProject/deepfake-ViT/test_data_v3/faceswap/fake/faceswap__048__000.png,1
/Users/pickapu/Documents/PyCharmMiscProject/deepfake-ViT/test_data_v3/faceswap/fake/faceswap__faceswap_id17_id1_0000__000.png,1
/Users/pickapu/Documents/PyCharmMiscProject/deepfake-ViT/test_data_v3/faceswap/fake/faceswap__faceswap_id12_id10_0002__000.png,1
/Users/pickapu/Documents/PyCharmMiscProject/deepfake-ViT/test_data_v3/faceswap/fake/faceswap__id11_0008__000.png,1
/Users/pickapu/Documents/PyCharmMiscProject/deepfake-ViT/test_data_v3/faceswap/fake/faceswap__faceswap_id6_id0_0007__000.png,1
/Users/pickapu/Documents/PyCharmMiscProject/deepfake-ViT/test_data_v3/real/real__208__239.png,0
/Users/pickapu/Documents/PyCharmMiscProject/deepfake-ViT/test_data_v3/faceswap/fake/faceswap__015__225.png,1
/Users/pickapu/Documents/PyCharmMiscProject/deepfake-ViT/test_data_v3/faceswap/fake/faceswap__faceswap_id57_id51_0004__000.png,1
/Users/pickapu/Documents/PyCharmMiscProject/deepfake-ViT/test_data_v3/real/real__573__315.png,0
/Users/pickapu/Documents/PyCharmMiscProject/deepfake-ViT/test_data_v3/faceswap/fake/faceswap__138__211.png,1
/Users/pickapu/Documents/PyCharmMiscProject/deepfake-ViT/test_data_v3/real/real__178__268.png,0
/Users/pickapu/Documents/PyCharmMiscProject/deepfake-ViT/test_data_v3/real/real__481__213.png,0
/Users/pickapu/Documents/PyCharmMiscProject/deepfake-ViT/test_data_v3/real/real__286__344.png,0
/Users/pickapu/Documents/PyCharmMiscProject/deepfake-ViT/test_data_v3/real/real__539__161.png,0
/Users/pickapu/Documents/PyCharmMiscProject/deepfake-ViT/test_data_v3/faceswap/fake/faceswap__faceswap_id7_id13_0000__000.png,1
/Users/pickapu/Documents/PyCharmMiscProject/deepfake-ViT/test_data_v3/faceswap/fake/faceswap__id20_0008__000.png,1
/Users/pickapu/Documents/PyCharmMiscProject/deepfake-ViT/test_data_v3/real/real__582__221.png,0
/Users/pickapu/Documents/PyCharmMiscProject/deepfake-ViT/test_data_v3/real/real__542__164.png,0
/Users/pickapu/Documents/PyCharmMiscProject/deepfake-ViT/test_data_v3/faceswap/fake/faceswap__id28_0004__000.png,1
/Users/pickapu/Documents/PyCharmMiscProject/deepfake-ViT/test_data_v3/faceswap/fake/faceswap__faceswap_id35_id23_0009__000.png,1
/Users/pickapu/Documents/PyCharmMiscProject/deepfake-ViT/test_data_v3/real/real__904__184.png,0
/Users/pickapu/Documents/PyCharmMiscProject/deepfake-ViT/test_data_v3/faceswap/fake/faceswap__faceswap_id19_id25_0002__000.png,1
/Users/pickapu/Documents/PyCharmMiscProject/deepfake-ViT/test_data_v3/faceswap/fake/faceswap__faceswap_id49_id54_0003__000.png,1
/Users/pickapu/Documents/PyCharmMiscProject/deepfake-ViT/test_data_v3/real/real__305__434.png,0
/Users/pickapu/Documents/PyCharmMiscProject/deepfake-ViT/test_data_v3/real/real__963__356.png,0
/Users/pickapu/Documents/PyCharmMiscProject/deepfake-ViT/test_data_v3/faceswap/fake/faceswap__id2_0008__000.png,1
/Users/pickapu/Documents/PyCharmMiscProject/deepfake-ViT/test_data_v3/real/real__537__198.png,0
/Users/pickapu/Documents/PyCharmMiscProject/deepfake-ViT/test_data_v3/faceswap/fake/faceswap__faceswap_id6_id4_0008__000.png,1
/Users/pickapu/Documents/PyCharmMiscProject/deepfake-ViT/test_data_v3/faceswap/fake/faceswap__faceswap_id9_id2_0000__000.png,1
/Users/pickapu/Documents/PyCharmMiscProject/deepfake-ViT/test_data_v3/real/real__389__161.png,0
/Users/pickapu/Documents/PyCharmMiscProject/deepfake-ViT/test_data_v3/real/real__402__217.png,0
/Users/pickapu/Documents/PyCharmMiscProject/deepfake-ViT/test_data_v3/faceswap/fake/faceswap__169__000.png,1
/Users/pickapu/Documents/PyCharmMiscProject/deepfake-ViT/test_data_v3/faceswap/fake/faceswap__faceswap_id28_id6_0006__000.png,1
/Users/pickapu/Documents/PyCharmMiscProject/deepfake-ViT/test_data_v3/real/real__878__379.png,0
/Users/pickapu/Documents/PyCharmMiscProject/deepfake-ViT/test_data_v3/faceswap/fake/faceswap__faceswap_id20_id9_0002__000.png,1
/Users/pickapu/Documents/PyCharmMiscProject/deepfake-ViT/test_data_v3/real/real__252__294.png,0
/Users/pickapu/Documents/PyCharmMiscProject/deepfake-ViT/test_data_v3/real/real__239__302.png,0
/Users/pickapu/Documents/PyCharmMiscProject/deepfake-ViT/test_data_v3/faceswap/fake/faceswap__faceswap_id28_id16_0005__000.png,1
/Users/pickapu/Documents/PyCharmMiscProject/deepfake-ViT/test_data_v3/real/real__830__263.png,0
/Users/pickapu/Documents/PyCharmMiscProject/deepfake-ViT/test_data_v3/real/real__id53_0000__243.png,0
/Users/pickapu/Documents/PyCharmMiscProject/deepfake-ViT/test_data_v3/faceswap/fake/faceswap__682__000.png,1
/Users/pickapu/Documents/PyCharmMiscProject/deepfake-ViT/test_data_v3/real/real__600__199.png,0
/Users/pickapu/Documents/PyCharmMiscProject/deepfake-ViT/test_data_v3/real/real__524__271.png,0
/Users/pickapu/Documents/PyCharmMiscProject/deepfake-ViT/test_data_v3/real/real__962__236.png,0
/Users/pickapu/Documents/PyCharmMiscProject/deepfake-ViT/test_data_v3/faceswap/fake/faceswap__517__000.png,1
/Users/pickapu/Documents/PyCharmMiscProject/deepfake-ViT/test_data_v3/faceswap/fake/faceswap__faceswap_id28_id0_0009__000.png,1
/Users/pickapu/Documents/PyCharmMiscProject/deepfake-ViT/test_data_v3/faceswap/fake/faceswap__faceswap_id2_id9_0006__000.png,1
/Users/pickapu/Documents/PyCharmMiscProject/deepfake-ViT/test_data_v3/real/real__id43_0002__172.png,0
/Users/pickapu/Documents/PyCharmMiscProject/deepfake-ViT/test_data_v3/real/real__898__179.png,0
/Users/pickapu/Documents/PyCharmMiscProject/deepfake-ViT/test_data_v3/real/real__000__203.png,0
/Users/pickapu/Documents/PyCharmMiscProject/deepfake-ViT/test_data_v3/faceswap/fake/faceswap__faceswap_id22_id28_0006__000.png,1
/Users/pickapu/Documents/PyCharmMiscProject/deepfake-ViT/test_data_v3/real/real__749__357.png,0
/Users/pickapu/Documents/PyCharmMiscProject/deepfake-ViT/test_data_v3/faceswap/fake/faceswap__id33_0008__000.png,1
/Users/pickapu/Documents/PyCharmMiscProject/deepfake-ViT/test_data_v3/real/real__441__156.png,0
/Users/pickapu/Documents/PyCharmMiscProject/deepfake-ViT/test_data_v3/faceswap/fake/faceswap__faceswap_id24_id20_0009__000.png,1
/Users/pickapu/Documents/PyCharmMiscProject/deepfake-ViT/test_data_v3/real/real__063__479.png,0
/Users/pickapu/Documents/PyCharmMiscProject/deepfake-ViT/test_data_v3/faceswap/fake/faceswap__faceswap_id17_id0_0000__000.png,1
/Users/pickapu/Documents/PyCharmMiscProject/deepfake-ViT/test_data_v3/faceswap/fake/faceswap__257__368.png,1
/Users/pickapu/Documents/PyCharmMiscProject/deepfake-ViT/test_data_v3/faceswap/fake/faceswap__faceswap_id20_id9_0008__000.png,1
/Users/pickapu/Documents/PyCharmMiscProject/deepfake-ViT/test_data_v3/faceswap/fake/faceswap__faceswap_id44_id41_0005__000.png,1
/Users/pickapu/Documents/PyCharmMiscProject/deepfake-ViT/test_data_v3/real/real__691__278.png,0
/Users/pickapu/Documents/PyCharmMiscProject/deepfake-ViT/test_data_v3/faceswap/fake/faceswap__faceswap_id38_id34_0003__000.png,1
/Users/pickapu/Documents/PyCharmMiscProject/deepfake-ViT/test_data_v3/real/real__667__241.png,0
/Users/pickapu/Documents/PyCharmMiscProject/deepfake-ViT/test_data_v3/real/real__717__192.png,0
/Users/pickapu/Documents/PyCharmMiscProject/deepfake-ViT/test_data_v3/faceswap/fake/faceswap__faceswap_id13_id7_0000__000.png,1
/Users/pickapu/Documents/PyCharmMiscProject/deepfake-ViT/test_data_v3/real/real__387__272.png,0
/Users/pickapu/Documents/PyCharmMiscProject/deepfake-ViT/test_data_v3/faceswap/fake/faceswap__467__217.png,1
/Users/pickapu/Documents/PyCharmMiscProject/deepfake-ViT/test_data_v3/real/real__id3_0001__195.png,0
/Users/pickapu/Documents/PyCharmMiscProject/deepfake-ViT/test_data_v3/real/real__046__259.png,0
/Users/pickapu/Documents/PyCharmMiscProject/deepfake-ViT/test_data_v3/real/real__id10_0007__242.png,0
/Users/pickapu/Documents/PyCharmMiscProject/deepfake-ViT/test_data_v3/faceswap/fake/faceswap__faceswap_id0_id21_0000__000.png,1
/Users/pickapu/Documents/PyCharmMiscProject/deepfake-ViT/test_data_v3/real/real__917__230.png,0
/Users/pickapu/Documents/PyCharmMiscProject/deepfake-ViT/test_data_v3/faceswap/fake/faceswap__faceswap_id28_id3_0004__000.png,1
/Users/pickapu/Documents/PyCharmMiscProject/deepfake-ViT/test_data_v3/real/real__807__334.png,0
/Users/pickapu/Documents/PyCharmMiscProject/deepfake-ViT/test_data_v3/real/real__750__227.png,0
/Users/pickapu/Documents/PyCharmMiscProject/deepfake-ViT/test_data_v3/real/real__896__273.png,0
/Users/pickapu/Documents/PyCharmMiscProject/deepfake-ViT/test_data_v3/real/real__415__290.png,0
/Users/pickapu/Documents/PyCharmMiscProject/deepfake-ViT/test_data_v3/faceswap/fake/faceswap__faceswap_id10_id11_0001__000.png,1
/Users/pickapu/Documents/PyCharmMiscProject/deepfake-ViT/test_data_v3/real/real__729__327.png,0
/Users/pickapu/Documents/PyCharmMiscProject/deepfake-ViT/test_data_v3/faceswap/fake/faceswap__faceswap_id0_id1_0000__000.png,1
/Users/pickapu/Documents/PyCharmMiscProject/deepfake-ViT/test_data_v3/real/real__772__175.png,0
/Users/pickapu/Documents/PyCharmMiscProject/deepfake-ViT/test_data_v3/real/real__501__268.png,0
/Users/pickapu/Documents/PyCharmMiscProject/deepfake-ViT/test_data_v3/real/real__942__254.png,0
/Users/pickapu/Documents/PyCharmMiscProject/deepfake-ViT/test_data_v3/faceswap/fake/faceswap__388__000.png,1
/Users/pickapu/Documents/PyCharmMiscProject/deepfake-ViT/test_data_v3/real/real__911__169.png,0
/Users/pickapu/Documents/PyCharmMiscProject/deepfake-ViT/test_data_v3/faceswap/fake/faceswap__faceswap_id16_id26_0001__000.png,1
/Users/pickapu/Documents/PyCharmMiscProject/deepfake-ViT/test_data_v3/real/real__473__295.png,0
/Users/pickapu/Documents/PyCharmMiscProject/deepfake-ViT/test_data_v3/real/real__00268__160.png,0
/Users/pickapu/Documents/PyCharmMiscProject/deepfake-ViT/test_data_v3/real/real__465__169.png,0
/Users/pickapu/Documents/PyCharmMiscProject/deepfake-ViT/test_data_v3/real/real__253__258.png,0
/Users/pickapu/Documents/PyCharmMiscProject/deepfake-ViT/test_data_v3/faceswap/fake/faceswap__faceswap_id3_id9_0009__000.png,1
/Users/pickapu/Documents/PyCharmMiscProject/deepfake-ViT/test_data_v3/real/real__615__232.png,0
/Users/pickapu/Documents/PyCharmMiscProject/deepfake-ViT/test_data_v3/faceswap/fake/faceswap__faceswap_id53_id52_0003__000.png,1
/Users/pickapu/Documents/PyCharmMiscProject/deepfake-ViT/test_data_v3/faceswap/fake/faceswap__739__156.png,1
/Users/pickapu/Documents/PyCharmMiscProject/deepfake-ViT/test_data_v3/faceswap/fake/faceswap__faceswap_id35_id29_0000__000.png,1
/Users/pickapu/Documents/PyCharmMiscProject/deepfake-ViT/test_data_v3/faceswap/fake/faceswap__id37_0005__000.png,1
/Users/pickapu/Documents/PyCharmMiscProject/deepfake-ViT/test_data_v3/real/real__225__156.png,0
/Users/pickapu/Documents/PyCharmMiscProject/deepfake-ViT/test_data_v3/real/real__612__216.png,0
/Users/pickapu/Documents/PyCharmMiscProject/deepfake-ViT/test_data_v3/faceswap/fake/faceswap__970__245.png,1
/Users/pickapu/Documents/PyCharmMiscProject/deepfake-ViT/test_data_v3/faceswap/fake/faceswap__faceswap_id4_id30_0000__000.png,1
/Users/pickapu/Documents/PyCharmMiscProject/deepfake-ViT/test_data_v3/faceswap/fake/faceswap__faceswap_id3_id8_0003__000.png,1
/Users/pickapu/Documents/PyCharmMiscProject/deepfake-ViT/test_data_v3/real/real__553__187.png,0
/Users/pickapu/Documents/PyCharmMiscProject/deepfake-ViT/test_data_v3/real/real__798__190.png,0
/Users/pickapu/Documents/PyCharmMiscProject/deepfake-ViT/test_data_v3/real/real__159__167.png,0
/Users/pickapu/Documents/PyCharmMiscProject/deepfake-ViT/test_data_v3/faceswap/fake/faceswap__608__000.png,1
/Users/pickapu/Documents/PyCharmMiscProject/deepfake-ViT/test_data_v3/faceswap/fake/faceswap__faceswap_id6_id20_0007__000.png,1
/Users/pickapu/Documents/PyCharmMiscProject/deepfake-ViT/test_data_v3/real/real__00207__060.png,0
/Users/pickapu/Documents/PyCharmMiscProject/deepfake-ViT/test_data_v3/faceswap/fake/faceswap__faceswap_id3_id17_0007__000.png,1
/Users/pickapu/Documents/PyCharmMiscProject/deepfake-ViT/test_data_v3/real/real__608__388.png,0
/Users/pickapu/Documents/PyCharmMiscProject/deepfake-ViT/test_data_v3/faceswap/fake/faceswap__faceswap_id9_id28_0000__000.png,1
/Users/pickapu/Documents/PyCharmMiscProject/deepfake-ViT/test_data_v3/faceswap/fake/faceswap__faceswap_id4_id0_0004__000.png,1
/Users/pickapu/Documents/PyCharmMiscProject/deepfake-ViT/test_data_v3/real/real__277__498.png,0
/Users/pickapu/Documents/PyCharmMiscProject/deepfake-ViT/test_data_v3/faceswap/fake/faceswap__047__164.png,1
/Users/pickapu/Documents/PyCharmMiscProject/deepfake-ViT/test_data_v3/faceswap/fake/faceswap__faceswap_id57_id55_0002__000.png,1
/Users/pickapu/Documents/PyCharmMiscProject/deepfake-ViT/test_data_v3/real/real__295__211.png,0
/Users/pickapu/Documents/PyCharmMiscProject/deepfake-ViT/test_data_v3/faceswap/fake/faceswap__faceswap_id28_id35_0006__000.png,1
/Users/pickapu/Documents/PyCharmMiscProject/deepfake-ViT/test_data_v3/faceswap/fake/faceswap__707__000.png,1
/Users/pickapu/Documents/PyCharmMiscProject/deepfake-ViT/test_data_v3/faceswap/fake/faceswap__945__000.png,1
/Users/pickapu/Documents/PyCharmMiscProject/deepfake-ViT/test_data_v3/real/real__00265__240.png,0
/Users/pickapu/Documents/PyCharmMiscProject/deepfake-ViT/test_data_v3/real/real__866__262.png,0
/Users/pickapu/Documents/PyCharmMiscProject/deepfake-ViT/test_data_v3/real/real__337__170.png,0
/Users/pickapu/Documents/PyCharmMiscProject/deepfake-ViT/test_data_v3/real/real__682__497.png,0
/Users/pickapu/Documents/PyCharmMiscProject/deepfake-ViT/test_data_v3/real/real__971__182.png,0
/Users/pickapu/Documents/PyCharmMiscProject/deepfake-ViT/test_data_v3/faceswap/fake/faceswap__488__266.png,1
/Users/pickapu/Documents/PyCharmMiscProject/deepfake-ViT/test_data_v3/real/real__299__161.png,0
/Users/pickapu/Documents/PyCharmMiscProject/deepfake-ViT/test_data_v3/faceswap/fake/faceswap__faceswap_id16_id21_0002__000.png,1
/Users/pickapu/Documents/PyCharmMiscProject/deepfake-ViT/test_data_v3/real/real__531__153.png,0
/Users/pickapu/Documents/PyCharmMiscProject/deepfake-ViT/test_data_v3/faceswap/fake/faceswap__755__172.png,1
/Users/pickapu/Documents/PyCharmMiscProject/deepfake-ViT/test_data_v3/faceswap/fake/faceswap__faceswap_id6_id0_0005__000.png,1
/Users/pickapu/Documents/PyCharmMiscProject/deepfake-ViT/test_data_v3/real/real__392__241.png,0
/Users/pickapu/Documents/PyCharmMiscProject/deepfake-ViT/test_data_v3/faceswap/fake/faceswap__faceswap_id37_id31_0008__000.png,1
/Users/pickapu/Documents/PyCharmMiscProject/deepfake-ViT/test_data_v3/real/real__965__179.png,0
/Users/pickapu/Documents/PyCharmMiscProject/deepfake-ViT/test_data_v3/real/real__id32_0006__238.png,0
/Users/pickapu/Documents/PyCharmMiscProject/deepfake-ViT/test_data_v3/real/real__727__285.png,0
/Users/pickapu/Documents/PyCharmMiscProject/deepfake-ViT/test_data_v3/real/real__id36_0001__219.png,0
/Users/pickapu/Documents/PyCharmMiscProject/deepfake-ViT/test_data_v3/faceswap/fake/faceswap__faceswap_id28_id26_0000__000.png,1
/Users/pickapu/Documents/PyCharmMiscProject/deepfake-ViT/test_data_v3/faceswap/fake/faceswap__003__155.png,1
/Users/pickapu/Documents/PyCharmMiscProject/deepfake-ViT/test_data_v3/real/real__id51_0006__237.png,0
/Users/pickapu/Documents/PyCharmMiscProject/deepfake-ViT/test_data_v3/faceswap/fake/faceswap__id23_0001__000.png,1
/Users/pickapu/Documents/PyCharmMiscProject/deepfake-ViT/test_data_v3/real/real__789__292.png,0
/Users/pickapu/Documents/PyCharmMiscProject/deepfake-ViT/test_data_v3/real/real__817__215.png,0
/Users/pickapu/Documents/PyCharmMiscProject/deepfake-ViT/test_data_v3/faceswap/fake/faceswap__faceswap_id13_id7_0009__000.png,1
/Users/pickapu/Documents/PyCharmMiscProject/deepfake-ViT/test_data_v3/real/real__234__272.png,0
/Users/pickapu/Documents/PyCharmMiscProject/deepfake-ViT/test_data_v3/faceswap/fake/faceswap__faceswap_id17_id3_0007__000.png,1
/Users/pickapu/Documents/PyCharmMiscProject/deepfake-ViT/test_data_v3/real/real__381__297.png,0
/Users/pickapu/Documents/PyCharmMiscProject/deepfake-ViT/test_data_v3/real/real__098__153.png,0
/Users/pickapu/Documents/PyCharmMiscProject/deepfake-ViT/test_data_v3/real/real__532__201.png,0
/Users/pickapu/Documents/PyCharmMiscProject/deepfake-ViT/test_data_v3/real/real__403__364.png,0
/Users/pickapu/Documents/PyCharmMiscProject/deepfake-ViT/test_data_v3/real/real__443__443.png,0
/Users/pickapu/Documents/PyCharmMiscProject/deepfake-ViT/test_data_v3/faceswap/fake/faceswap__faceswap_id32_id29_0003__000.png,1
/Users/pickapu/Documents/PyCharmMiscProject/deepfake-ViT/test_data_v3/real/real__285__197.png,0
/Users/pickapu/Documents/PyCharmMiscProject/deepfake-ViT/test_data_v3/faceswap/fake/faceswap__faceswap_id3_id1_0002__000.png,1
/Users/pickapu/Documents/PyCharmMiscProject/deepfake-ViT/test_data_v3/real/real__644__212.png,0
/Users/pickapu/Documents/PyCharmMiscProject/deepfake-ViT/test_data_v3/faceswap/fake/faceswap__faceswap_id29_id30_0000__000.png,1
/Users/pickapu/Documents/PyCharmMiscProject/deepfake-ViT/test_data_v3/real/real__894__168.png,0
/Users/pickapu/Documents/PyCharmMiscProject/deepfake-ViT/test_data_v3/faceswap/fake/faceswap__faceswap_id26_id17_0006__000.png,1
/Users/pickapu/Documents/PyCharmMiscProject/deepfake-ViT/test_data_v3/real/real__230__191.png,0
/Users/pickapu/Documents/PyCharmMiscProject/deepfake-ViT/test_data_v3/real/real__id21_0009__164.png,0
/Users/pickapu/Documents/PyCharmMiscProject/deepfake-ViT/test_data_v3/real/real__636__172.png,0
/Users/pickapu/Documents/PyCharmMiscProject/deepfake-ViT/test_data_v3/real/real__632__219.png,0
/Users/pickapu/Documents/PyCharmMiscProject/deepfake-ViT/test_data_v3/faceswap/fake/faceswap__faceswap_id1_id20_0003__000.png,1
/Users/pickapu/Documents/PyCharmMiscProject/deepfake-ViT/test_data_v3/faceswap/fake/faceswap__faceswap_id31_id35_0007__000.png,1
/Users/pickapu/Documents/PyCharmMiscProject/deepfake-ViT/test_data_v3/faceswap/fake/faceswap__faceswap_id16_id31_0002__000.png,1
/Users/pickapu/Documents/PyCharmMiscProject/deepfake-ViT/test_data_v3/real/real__id37_0005__235.png,0
/Users/pickapu/Documents/PyCharmMiscProject/deepfake-ViT/test_data_v3/faceswap/fake/faceswap__faceswap_id21_id37_0000__000.png,1
/Users/pickapu/Documents/PyCharmMiscProject/deepfake-ViT/test_data_v3/real/real__041__179.png,0
/Users/pickapu/Documents/PyCharmMiscProject/deepfake-ViT/test_data_v3/faceswap/fake/faceswap__214__237.png,1
/Users/pickapu/Documents/PyCharmMiscProject/deepfake-ViT/test_data_v3/real/real__346__316.png,0
/Users/pickapu/Documents/PyCharmMiscProject/deepfake-ViT/test_data_v3/real/real__289__307.png,0
/Users/pickapu/Documents/PyCharmMiscProject/deepfake-ViT/test_data_v3/faceswap/fake/faceswap__701__202.png,1
/Users/pickapu/Documents/PyCharmMiscProject/deepfake-ViT/test_data_v3/faceswap/fake/faceswap__faceswap_id1_id2_0007__000.png,1
/Users/pickapu/Documents/PyCharmMiscProject/deepfake-ViT/test_data_v3/real/real__156__266.png,0
/Users/pickapu/Documents/PyCharmMiscProject/deepfake-ViT/test_data_v3/real/real__723__376.png,0
/Users/pickapu/Documents/PyCharmMiscProject/deepfake-ViT/test_data_v3/faceswap/fake/faceswap__faceswap_id43_id39_0000__000.png,1
/Users/pickapu/Documents/PyCharmMiscProject/deepfake-ViT/test_data_v3/real/real__927__359.png,0
/Users/pickapu/Documents/PyCharmMiscProject/deepfake-ViT/test_data_v3/faceswap/fake/faceswap__faceswap_id4_id28_0000__000.png,1
/Users/pickapu/Documents/PyCharmMiscProject/deepfake-ViT/test_data_v3/faceswap/fake/faceswap__faceswap_id6_id23_0006__000.png,1
/Users/pickapu/Documents/PyCharmMiscProject/deepfake-ViT/test_data_v3/faceswap/fake/faceswap__386__231.png,1
/Users/pickapu/Documents/PyCharmMiscProject/deepfake-ViT/test_data_v3/real/real__148__244.png,0
/Users/pickapu/Documents/PyCharmMiscProject/deepfake-ViT/test_data_v3/faceswap/fake/faceswap__faceswap_id21_id24_0006__000.png,1
/Users/pickapu/Documents/PyCharmMiscProject/deepfake-ViT/test_data_v3/real/real__id37_0004__190.png,0
/Users/pickapu/Documents/PyCharmMiscProject/deepfake-ViT/test_data_v3/faceswap/fake/faceswap__389__000.png,1
/Users/pickapu/Documents/PyCharmMiscProject/deepfake-ViT/test_data_v3/faceswap/fake/faceswap__faceswap_id35_id28_0006__000.png,1
/Users/pickapu/Documents/PyCharmMiscProject/deepfake-ViT/test_data_v3/faceswap/fake/faceswap__352__216.png,1
/Users/pickapu/Documents/PyCharmMiscProject/deepfake-ViT/test_data_v3/faceswap/fake/faceswap__faceswap_id28_id30_0006__000.png,1
/Users/pickapu/Documents/PyCharmMiscProject/deepfake-ViT/test_data_v3/faceswap/fake/faceswap__faceswap_id30_id26_0004__000.png,1
/Users/pickapu/Documents/PyCharmMiscProject/deepfake-ViT/test_data_v3/real/real__327__254.png,0
/Users/pickapu/Documents/PyCharmMiscProject/deepfake-ViT/test_data_v3/real/real__631__218.png,0
/Users/pickapu/Documents/PyCharmMiscProject/deepfake-ViT/test_data_v3/real/real__778__168.png,0
/Users/pickapu/Documents/PyCharmMiscProject/deepfake-ViT/test_data_v3/real/real__421__468.png,0
/Users/pickapu/Documents/PyCharmMiscProject/deepfake-ViT/test_data_v3/faceswap/fake/faceswap__faceswap_id22_id26_0005__000.png,1
/Users/pickapu/Documents/PyCharmMiscProject/deepfake-ViT/test_data_v3/real/real__170__259.png,0
/Users/pickapu/Documents/PyCharmMiscProject/deepfake-ViT/test_data_v3/real/real__213__194.png,0
/Users/pickapu/Documents/PyCharmMiscProject/deepfake-ViT/test_data_v3/faceswap/fake/faceswap__faceswap_id33_id34_0002__000.png,1
/Users/pickapu/Documents/PyCharmMiscProject/deepfake-ViT/test_data_v3/faceswap/fake/faceswap__faceswap_id0_id9_0006__000.png,1
/Users/pickapu/Documents/PyCharmMiscProject/deepfake-ViT/test_data_v3/real/real__244__286.png,0
/Users/pickapu/Documents/PyCharmMiscProject/deepfake-ViT/test_data_v3/real/real__id35_0000__250.png,0
/Users/pickapu/Documents/PyCharmMiscProject/deepfake-ViT/test_data_v3/real/real__00061__212.png,0
/Users/pickapu/Documents/PyCharmMiscProject/deepfake-ViT/test_data_v3/faceswap/fake/faceswap__faceswap_id17_id2_0007__000.png,1
/Users/pickapu/Documents/PyCharmMiscProject/deepfake-ViT/test_data_v3/real/real__00260__162.png,0
/Users/pickapu/Documents/PyCharmMiscProject/deepfake-ViT/test_data_v3/faceswap/fake/faceswap__faceswap_id25_id28_0003__000.png,1
/Users/pickapu/Documents/PyCharmMiscProject/deepfake-ViT/test_data_v3/faceswap/fake/faceswap__faceswap_id29_id30_0009__000.png,1
/Users/pickapu/Documents/PyCharmMiscProject/deepfake-ViT/test_data_v3/real/real__072__160.png,0
/Users/pickapu/Documents/PyCharmMiscProject/deepfake-ViT/test_data_v3/faceswap/fake/faceswap__974__163.png,1
/Users/pickapu/Documents/PyCharmMiscProject/deepfake-ViT/test_data_v3/faceswap/fake/faceswap__faceswap_id20_id19_0004__000.png,1
/Users/pickapu/Documents/PyCharmMiscProject/deepfake-ViT/test_data_v3/real/real__076__169.png,0
/Users/pickapu/Documents/PyCharmMiscProject/deepfake-ViT/test_data_v3/real/real__662__255.png,0
/Users/pickapu/Documents/PyCharmMiscProject/deepfake-ViT/test_data_v3/faceswap/fake/faceswap__faceswap_id28_id22_0006__000.png,1
/Users/pickapu/Documents/PyCharmMiscProject/deepfake-ViT/test_data_v3/faceswap/fake/faceswap__faceswap_id21_id30_0002__000.png,1
/Users/pickapu/Documents/PyCharmMiscProject/deepfake-ViT/test_data_v3/real/real__138__211.png,0
/Users/pickapu/Documents/PyCharmMiscProject/deepfake-ViT/test_data_v3/faceswap/fake/faceswap__691__000.png,1
/Users/pickapu/Documents/PyCharmMiscProject/deepfake-ViT/test_data_v3/faceswap/fake/faceswap__faceswap_id34_id35_0002__000.png,1
/Users/pickapu/Documents/PyCharmMiscProject/deepfake-ViT/test_data_v3/real/real__808__328.png,0
/Users/pickapu/Documents/PyCharmMiscProject/deepfake-ViT/test_data_v3/faceswap/fake/faceswap__faceswap_id38_id30_0006__000.png,1
/Users/pickapu/Documents/PyCharmMiscProject/deepfake-ViT/test_data_v3/faceswap/fake/faceswap__faceswap_id28_id25_0003__000.png,1
/Users/pickapu/Documents/PyCharmMiscProject/deepfake-ViT/test_data_v3/real/real__181__246.png,0
/Users/pickapu/Documents/PyCharmMiscProject/deepfake-ViT/test_data_v3/real/real__115__164.png,0
/Users/pickapu/Documents/PyCharmMiscProject/deepfake-ViT/test_data_v3/real/real__015__225.png,0
/Users/pickapu/Documents/PyCharmMiscProject/deepfake-ViT/test_data_v3/faceswap/fake/faceswap__faceswap_id3_id9_0001__000.png,1
/Users/pickapu/Documents/PyCharmMiscProject/deepfake-ViT/test_data_v3/faceswap/fake/faceswap__faceswap_id10_id13_0007__000.png,1
/Users/pickapu/Documents/PyCharmMiscProject/deepfake-ViT/test_data_v3/faceswap/fake/faceswap__faceswap_id5_id8_0008__000.png,1
/Users/pickapu/Documents/PyCharmMiscProject/deepfake-ViT/test_data_v3/real/real__518__151.png,0
/Users/pickapu/Documents/PyCharmMiscProject/deepfake-ViT/test_data_v3/real/real__659__483.png,0
/Users/pickapu/Documents/PyCharmMiscProject/deepfake-ViT/test_data_v3/real/real__00276__237.png,0
/Users/pickapu/Documents/PyCharmMiscProject/deepfake-ViT/test_data_v3/real/real__172__387.png,0
/Users/pickapu/Documents/PyCharmMiscProject/deepfake-ViT/test_data_v3/real/real__id2_0008__265.png,0
/Users/pickapu/Documents/PyCharmMiscProject/deepfake-ViT/test_data_v3/faceswap/fake/faceswap__faceswap_id20_id31_0006__000.png,1
/Users/pickapu/Documents/PyCharmMiscProject/deepfake-ViT/test_data_v3/real/real__460__329.png,0
/Users/pickapu/Documents/PyCharmMiscProject/deepfake-ViT/test_data_v3/real/real__995__282.png,0
/Users/pickapu/Documents/PyCharmMiscProject/deepfake-ViT/test_data_v3/faceswap/fake/faceswap__faceswap_id26_id28_0000__000.png,1
/Users/pickapu/Documents/PyCharmMiscProject/deepfake-ViT/test_data_v3/real/real__639__341.png,0
/Users/pickapu/Documents/PyCharmMiscProject/deepfake-ViT/test_data_v3/faceswap/fake/faceswap__faceswap_id19_id20_0000__000.png,1
/Users/pickapu/Documents/PyCharmMiscProject/deepfake-ViT/test_data_v3/faceswap/fake/faceswap__faceswap_id22_id21_0005__000.png,1
/Users/pickapu/Documents/PyCharmMiscProject/deepfake-ViT/test_data_v3/real/real__279__467.png,0
/Users/pickapu/Documents/PyCharmMiscProject/deepfake-ViT/test_data_v3/real/real__811__279.png,0
/Users/pickapu/Documents/PyCharmMiscProject/deepfake-ViT/test_data_v3/faceswap/fake/faceswap__faceswap_id1_id9_0007__000.png,1
/Users/pickapu/Documents/PyCharmMiscProject/deepfake-ViT/test_data_v3/faceswap/fake/faceswap__faceswap_id26_id24_0004__000.png,1
/Users/pickapu/Documents/PyCharmMiscProject/deepfake-ViT/test_data_v3/faceswap/fake/faceswap__607__233.png,1
/Users/pickapu/Documents/PyCharmMiscProject/deepfake-ViT/test_data_v3/faceswap/fake/faceswap__faceswap_id21_id25_0005__000.png,1
/Users/pickapu/Documents/PyCharmMiscProject/deepfake-ViT/test_data_v3/real/real__450__398.png,0
/Users/pickapu/Documents/PyCharmMiscProject/deepfake-ViT/test_data_v3/real/real__id2_0004__218.png,0
/Users/pickapu/Documents/PyCharmMiscProject/deepfake-ViT/test_data_v3/faceswap/fake/faceswap__170__000.png,1
/Users/pickapu/Documents/PyCharmMiscProject/deepfake-ViT/test_data_v3/real/real__378__392.png,0
/Users/pickapu/Documents/PyCharmMiscProject/deepfake-ViT/test_data_v3/faceswap/fake/faceswap__faceswap_id25_id22_0001__187.png,1
/Users/pickapu/Documents/PyCharmMiscProject/deepfake-ViT/test_data_v3/faceswap/fake/faceswap__faceswap_id16_id0_0004__000.png,1
/Users/pickapu/Documents/PyCharmMiscProject/deepfake-ViT/test_data_v3/faceswap/fake/faceswap__faceswap_id4_id21_0004__000.png,1
/Users/pickapu/Documents/PyCharmMiscProject/deepfake-ViT/test_data_v3/faceswap/fake/faceswap__faceswap_id7_id13_0009__000.png,1
/Users/pickapu/Documents/PyCharmMiscProject/deepfake-ViT/test_data_v3/faceswap/fake/faceswap__faceswap_id27_id21_0002__000.png,1
/Users/pickapu/Documents/PyCharmMiscProject/deepfake-ViT/test_data_v3/real/real__311__189.png,0
/Users/pickapu/Documents/PyCharmMiscProject/deepfake-ViT/test_data_v3/faceswap/fake/faceswap__faceswap_id1_id20_0001__000.png,1
/Users/pickapu/Documents/PyCharmMiscProject/deepfake-ViT/test_data_v3/faceswap/fake/faceswap__faceswap_id29_id38_0008__000.png,1
/Users/pickapu/Documents/PyCharmMiscProject/deepfake-ViT/test_data_v3/real/real__730__370.png,0
/Users/pickapu/Documents/PyCharmMiscProject/deepfake-ViT/test_data_v3/real/real__070__188.png,0
/Users/pickapu/Documents/PyCharmMiscProject/deepfake-ViT/test_data_v3/real/real__551__374.png,0
/Users/pickapu/Documents/PyCharmMiscProject/deepfake-ViT/test_data_v3/faceswap/fake/faceswap__faceswap_id49_id52_0005__000.png,1
/Users/pickapu/Documents/PyCharmMiscProject/deepfake-ViT/test_data_v3/faceswap/fake/faceswap__faceswap_id31_id17_0009__000.png,1
/Users/pickapu/Documents/PyCharmMiscProject/deepfake-ViT/test_data_v3/faceswap/fake/faceswap__faceswap_id4_id20_0000__000.png,1
/Users/pickapu/Documents/PyCharmMiscProject/deepfake-ViT/test_data_v3/faceswap/fake/faceswap__faceswap_id17_id16_0000__000.png,1
/Users/pickapu/Documents/PyCharmMiscProject/deepfake-ViT/test_data_v3/real/real__834__155.png,0
/Users/pickapu/Documents/PyCharmMiscProject/deepfake-ViT/test_data_v3/real/real__323__234.png,0
/Users/pickapu/Documents/PyCharmMiscProject/deepfake-ViT/test_data_v3/real/real__980__197.png,0
/Users/pickapu/Documents/PyCharmMiscProject/deepfake-ViT/test_data_v3/real/real__087__158.png,0
/Users/pickapu/Documents/PyCharmMiscProject/deepfake-ViT/test_data_v3/real/real__738__214.png,0
/Users/pickapu/Documents/PyCharmMiscProject/deepfake-ViT/test_data_v3/faceswap/fake/faceswap__faceswap_id44_id45_0000__000.png,1
/Users/pickapu/Documents/PyCharmMiscProject/deepfake-ViT/test_data_v3/faceswap/fake/faceswap__faceswap_id2_id0_0008__000.png,1
/Users/pickapu/Documents/PyCharmMiscProject/deepfake-ViT/test_data_v3/real/real__887__174.png,0
/Users/pickapu/Documents/PyCharmMiscProject/deepfake-ViT/test_data_v3/real/real__881__328.png,0
/Users/pickapu/Documents/PyCharmMiscProject/deepfake-ViT/test_data_v3/faceswap/fake/faceswap__faceswap_id10_id12_0002__000.png,1
/Users/pickapu/Documents/PyCharmMiscProject/deepfake-ViT/test_data_v3/faceswap/fake/faceswap__485__000.png,1
/Users/pickapu/Documents/PyCharmMiscProject/deepfake-ViT/test_data_v3/real/real__861__306.png,0
/Users/pickapu/Documents/PyCharmMiscProject/deepfake-ViT/test_data_v3/faceswap/fake/faceswap__faceswap_id57_id58_0008__000.png,1
/Users/pickapu/Documents/PyCharmMiscProject/deepfake-ViT/test_data_v3/faceswap/fake/faceswap__faceswap_id32_id35_0007__000.png,1
/Users/pickapu/Documents/PyCharmMiscProject/deepfake-ViT/test_data_v3/real/real__052__166.png,0
/Users/pickapu/Documents/PyCharmMiscProject/deepfake-ViT/test_data_v3/faceswap/fake/faceswap__faceswap_id32_id34_0007__000.png,1
/Users/pickapu/Documents/PyCharmMiscProject/deepfake-ViT/test_data_v3/real/real__885__169.png,0
/Users/pickapu/Documents/PyCharmMiscProject/deepfake-ViT/test_data_v3/real/real__969__183.png,0
/Users/pickapu/Documents/PyCharmMiscProject/deepfake-ViT/test_data_v3/real/real__953__180.png,0
/Users/pickapu/Documents/PyCharmMiscProject/deepfake-ViT/test_data_v3/faceswap/fake/faceswap__faceswap_id16_id35_0007__000.png,1
/Users/pickapu/Documents/PyCharmMiscProject/deepfake-ViT/test_data_v3/real/real__id35_0008__107.png,0
/Users/pickapu/Documents/PyCharmMiscProject/deepfake-ViT/test_data_v3/faceswap/fake/faceswap__faceswap_id3_id30_0002__000.png,1
/Users/pickapu/Documents/PyCharmMiscProject/deepfake-ViT/test_data_v3/real/real__00288__241.png,0
/Users/pickapu/Documents/PyCharmMiscProject/deepfake-ViT/test_data_v3/real/real__919__275.png,0
/Users/pickapu/Documents/PyCharmMiscProject/deepfake-ViT/test_data_v3/real/real__683__155.png,0
/Users/pickapu/Documents/PyCharmMiscProject/deepfake-ViT/test_data_v3/faceswap/fake/faceswap__faceswap_id9_id0_0006__000.png,1
/Users/pickapu/Documents/PyCharmMiscProject/deepfake-ViT/test_data_v3/real/real__100__217.png,0
/Users/pickapu/Documents/PyCharmMiscProject/deepfake-ViT/test_data_v3/faceswap/fake/faceswap__id35_0008__000.png,1
/Users/pickapu/Documents/PyCharmMiscProject/deepfake-ViT/test_data_v3/real/real__872__244.png,0
/Users/pickapu/Documents/PyCharmMiscProject/deepfake-ViT/test_data_v3/faceswap/fake/faceswap__faceswap_id27_id21_0008__000.png,1
/Users/pickapu/Documents/PyCharmMiscProject/deepfake-ViT/test_data_v3/real/real__439__237.png,0
/Users/pickapu/Documents/PyCharmMiscProject/deepfake-ViT/test_data_v3/faceswap/fake/faceswap__faceswap_id43_id40_0005__000.png,1
/Users/pickapu/Documents/PyCharmMiscProject/deepfake-ViT/test_data_v3/faceswap/fake/faceswap__404__411.png,1
/Users/pickapu/Documents/PyCharmMiscProject/deepfake-ViT/test_data_v3/faceswap/fake/faceswap__faceswap_id1_id16_0004__000.png,1
/Users/pickapu/Documents/PyCharmMiscProject/deepfake-ViT/test_data_v3/faceswap/fake/faceswap__683__155.png,1
/Users/pickapu/Documents/PyCharmMiscProject/deepfake-ViT/test_data_v3/real/real__957__215.png,0
/Users/pickapu/Documents/PyCharmMiscProject/deepfake-ViT/test_data_v3/faceswap/fake/faceswap__faceswap_id16_id35_0004__000.png,1
/Users/pickapu/Documents/PyCharmMiscProject/deepfake-ViT/test_data_v3/real/real__428__278.png,0
/Users/pickapu/Documents/PyCharmMiscProject/deepfake-ViT/test_data_v3/real/real__00264__163.png,0
/Users/pickapu/Documents/PyCharmMiscProject/deepfake-ViT/test_data_v3/real/real__123__264.png,0
/Users/pickapu/Documents/PyCharmMiscProject/deepfake-ViT/test_data_v3/real/real__id52_0001__240.png,0
/Users/pickapu/Documents/PyCharmMiscProject/deepfake-ViT/test_data_v3/faceswap/fake/faceswap__faceswap_id27_id25_0008__000.png,1
/Users/pickapu/Documents/PyCharmMiscProject/deepfake-ViT/test_data_v3/faceswap/fake/faceswap__faceswap_id58_id53_0005__000.png,1
/Users/pickapu/Documents/PyCharmMiscProject/deepfake-ViT/test_data_v3/faceswap/fake/faceswap__faceswap_id54_id56_0006__000.png,1
/Users/pickapu/Documents/PyCharmMiscProject/deepfake-ViT/test_data_v3/faceswap/fake/faceswap__faceswap_id3_id30_0006__000.png,1
/Users/pickapu/Documents/PyCharmMiscProject/deepfake-ViT/test_data_v3/faceswap/fake/faceswap__faceswap_id8_id3_0003__000.png,1
/Users/pickapu/Documents/PyCharmMiscProject/deepfake-ViT/test_data_v3/faceswap/fake/faceswap__faceswap_id3_id4_0001__000.png,1
/Users/pickapu/Documents/PyCharmMiscProject/deepfake-ViT/test_data_v3/faceswap/fake/faceswap__422__000.png,1
/Users/pickapu/Documents/PyCharmMiscProject/deepfake-ViT/test_data_v3/faceswap/fake/faceswap__faceswap_id10_id7_0001__000.png,1
/Users/pickapu/Documents/PyCharmMiscProject/deepfake-ViT/test_data_v3/real/real__112__215.png,0
/Users/pickapu/Documents/PyCharmMiscProject/deepfake-ViT/test_data_v3/faceswap/fake/faceswap__faceswap_id19_id21_0005__000.png,1
/Users/pickapu/Documents/PyCharmMiscProject/deepfake-ViT/test_data_v3/faceswap/fake/faceswap__faceswap_id30_id26_0006__000.png,1
/Users/pickapu/Documents/PyCharmMiscProject/deepfake-ViT/test_data_v3/real/real__901__269.png,0
/Users/pickapu/Documents/PyCharmMiscProject/deepfake-ViT/test_data_v3/real/real__757__227.png,0
/Users/pickapu/Documents/PyCharmMiscProject/deepfake-ViT/test_data_v3/real/real__544__182.png,0
/Users/pickapu/Documents/PyCharmMiscProject/deepfake-ViT/test_data_v3/faceswap/fake/faceswap__faceswap_id37_id28_0008__000.png,1
/Users/pickapu/Documents/PyCharmMiscProject/deepfake-ViT/test_data_v3/faceswap/fake/faceswap__faceswap_id23_id4_0006__000.png,1
/Users/pickapu/Documents/PyCharmMiscProject/deepfake-ViT/test_data_v3/real/real__377__204.png,0
/Users/pickapu/Documents/PyCharmMiscProject/deepfake-ViT/test_data_v3/faceswap/fake/faceswap__faceswap_id35_id26_0003__000.png,1
/Users/pickapu/Documents/PyCharmMiscProject/deepfake-ViT/test_data_v3/faceswap/fake/faceswap__id3_0001__000.png,1
/Users/pickapu/Documents/PyCharmMiscProject/deepfake-ViT/test_data_v3/faceswap/fake/faceswap__faceswap_id56_id54_0000__000.png,1
/Users/pickapu/Documents/PyCharmMiscProject/deepfake-ViT/test_data_v3/real/real__228__286.png,0
/Users/pickapu/Documents/PyCharmMiscProject/deepfake-ViT/test_data_v3/real/real__580__150.png,0
/Users/pickapu/Documents/PyCharmMiscProject/deepfake-ViT/test_data_v3/faceswap/fake/faceswap__660__000.png,1
/Users/pickapu/Documents/PyCharmMiscProject/deepfake-ViT/test_data_v3/faceswap/fake/faceswap__faceswap_id30_id4_0000__000.png,1
/Users/pickapu/Documents/PyCharmMiscProject/deepfake-ViT/test_data_v3/real/real__826__182.png,0
/Users/pickapu/Documents/PyCharmMiscProject/deepfake-ViT/test_data_v3/real/real__820__342.png,0
/Users/pickapu/Documents/PyCharmMiscProject/deepfake-ViT/test_data_v3/faceswap/fake/faceswap__faceswap_id30_id31_0009__000.png,1
/Users/pickapu/Documents/PyCharmMiscProject/deepfake-ViT/test_data_v3/real/real__00279__233.png,0
/Users/pickapu/Documents/PyCharmMiscProject/deepfake-ViT/test_data_v3/real/real__400__183.png,0
/Users/pickapu/Documents/PyCharmMiscProject/deepfake-ViT/test_data_v3/real/real__id40_0003__164.png,0
/Users/pickapu/Documents/PyCharmMiscProject/deepfake-ViT/test_data_v3/faceswap/fake/faceswap__494__413.png,1
/Users/pickapu/Documents/PyCharmMiscProject/deepfake-ViT/test_data_v3/real/real__645__285.png,0
/Users/pickapu/Documents/PyCharmMiscProject/deepfake-ViT/test_data_v3/real/real__334__345.png,0
/Users/pickapu/Documents/PyCharmMiscProject/deepfake-ViT/test_data_v3/faceswap/fake/faceswap__741__190.png,1
/Users/pickapu/Documents/PyCharmMiscProject/deepfake-ViT/test_data_v3/real/real__437__305.png,0
/Users/pickapu/Documents/PyCharmMiscProject/deepfake-ViT/test_data_v3/real/real__879__432.png,0
/Users/pickapu/Documents/PyCharmMiscProject/deepfake-ViT/test_data_v3/real/real__053__214.png,0
/Users/pickapu/Documents/PyCharmMiscProject/deepfake-ViT/test_data_v3/faceswap/fake/faceswap__190__170.png,1
/Users/pickapu/Documents/PyCharmMiscProject/deepfake-ViT/test_data_v3/faceswap/fake/faceswap__id12_0005__000.png,1
/Users/pickapu/Documents/PyCharmMiscProject/deepfake-ViT/test_data_v3/faceswap/fake/faceswap__faceswap_id48_id47_0008__000.png,1
/Users/pickapu/Documents/PyCharmMiscProject/deepfake-ViT/test_data_v3/real/real__781__244.png,0
/Users/pickapu/Documents/PyCharmMiscProject/deepfake-ViT/test_data_v3/faceswap/fake/faceswap__faceswap_id28_id4_0006__000.png,1
/Users/pickapu/Documents/PyCharmMiscProject/deepfake-ViT/test_data_v3/faceswap/fake/faceswap__id31_0004__000.png,1
/Users/pickapu/Documents/PyCharmMiscProject/deepfake-ViT/test_data_v3/real/real__424__160.png,0
