path,label
/Users/pickapu/Documents/PyCharmMiscProject/deepfake-ViT/test_data_v3/sadtalker/fake/sadtalker__sadtalker_id0_1Yz7Snu6pnI_50004_0004__000.png,1
/Users/pickapu/Documents/PyCharmMiscProject/deepfake-ViT/test_data_v3/real/real__864__167.png,0
/Users/pickapu/Documents/PyCharmMiscProject/deepfake-ViT/test_data_v3/real/real__560__179.png,0
/Users/pickapu/Documents/PyCharmMiscProject/deepfake-ViT/test_data_v3/sadtalker/fake/sadtalker__sadtalker_id20_4SkoG9FWP4w_50003_0002__000.png,1
/Users/pickapu/Documents/PyCharmMiscProject/deepfake-ViT/test_data_v3/real/real__503__347.png,0
/Users/pickapu/Documents/PyCharmMiscProject/deepfake-ViT/test_data_v3/real/real__019__312.png,0
/Users/pickapu/Documents/PyCharmMiscProject/deepfake-ViT/test_data_v3/real/real__195__171.png,0
/Users/pickapu/Documents/PyCharmMiscProject/deepfake-ViT/test_data_v3/real/real__312__220.png,0
/Users/pickapu/Documents/PyCharmMiscProject/deepfake-ViT/test_data_v3/sadtalker/fake/sadtalker__sadtalker_id30_6gSwRHScq6M_50002_0007__000.png,1
/Users/pickapu/Documents/PyCharmMiscProject/deepfake-ViT/test_data_v3/real/real__709__154.png,0
/Users/pickapu/Documents/PyCharmMiscProject/deepfake-ViT/test_data_v3/real/real__344__325.png,0
/Users/pickapu/Documents/PyCharmMiscProject/deepfake-ViT/test_data_v3/real/real__161__189.png,0
/Users/pickapu/Documents/PyCharmMiscProject/deepfake-ViT/test_data_v3/real/real__699__269.png,0
/Users/pickapu/Documents/PyCharmMiscProject/deepfake-ViT/test_data_v3/real/real__354__236.png,0
/Users/pickapu/Documents/PyCharmMiscProject/deepfake-ViT/test_data_v3/sadtalker/fake/sadtalker__sadtalker_id34_CMeRySbMXDU_50001_0007__000.png,1
/Users/pickapu/Documents/PyCharmMiscProject/deepfake-ViT/test_data_v3/real/real__948__223.png,0
/Users/pickapu/Documents/PyCharmMiscProject/deepfake-ViT/test_data_v3/real/real__243__199.png,0
/Users/pickapu/Documents/PyCharmMiscProject/deepfake-ViT/test_data_v3/real/real__452__312.png,0
/Users/pickapu/Documents/PyCharmMiscProject/deepfake-ViT/test_data_v3/sadtalker/fake/sadtalker__sadtalker_id57_8jkri0AeZWQ_50012_0000__000.png,1
/Users/pickapu/Documents/PyCharmMiscProject/deepfake-ViT/test_data_v3/sadtalker/fake/sadtalker__sadtalker_id23_bSiGZPtWXzE_50070_0006__000.png,1
/Users/pickapu/Documents/PyCharmMiscProject/deepfake-ViT/test_data_v3/sadtalker/fake/sadtalker__sadtalker_id0_8meWY0W40OA_50016_0009__000.png,1
/Users/pickapu/Documents/PyCharmMiscProject/deepfake-ViT/test_data_v3/real/real__852__219.png,0
/Users/pickapu/Documents/PyCharmMiscProject/deepfake-ViT/test_data_v3/real/real__950__393.png,0
/Users/pickapu/Documents/PyCharmMiscProject/deepfake-ViT/test_data_v3/sadtalker/fake/sadtalker__sadtalker_id2_CGksAjzI0go_50009_0008__000.png,1
/Users/pickapu/Documents/PyCharmMiscProject/deepfake-ViT/test_data_v3/real/real__271__252.png,0
/Users/pickapu/Documents/PyCharmMiscProject/deepfake-ViT/test_data_v3/real/real__843__163.png,0
/Users/pickapu/Documents/PyCharmMiscProject/deepfake-ViT/test_data_v3/sadtalker/fake/sadtalker__sadtalker_id23_9EVEmZ2cSes_50018_0003__000.png,1
/Users/pickapu/Documents/PyCharmMiscProject/deepfake-ViT/test_data_v3/real/real__00281__236.png,0
/Users/pickapu/Documents/PyCharmMiscProject/deepfake-ViT/test_data_v3/sadtalker/fake/sadtalker__sadtalker_id3_aEa11FZwTRY_50009_0003__000.png,1
/Users/pickapu/Documents/PyCharmMiscProject/deepfake-ViT/test_data_v3/sadtalker/fake/sadtalker__sadtalker_id0_AAkEYcmCCCk_50024_0002__000.png,1
/Users/pickapu/Documents/PyCharmMiscProject/deepfake-ViT/test_data_v3/sadtalker/fake/sadtalker__sadtalker_id17_4BwSMSCFdu0_50004_0000__000.png,1
/Users/pickapu/Documents/PyCharmMiscProject/deepfake-ViT/test_data_v3/real/real__670__247.png,0
/Users/pickapu/Documents/PyCharmMiscProject/deepfake-ViT/test_data_v3/sadtalker/fake/sadtalker__sadtalker_id28_D9S6G8J6VJg_50005_0001__000.png,1
/Users/pickapu/Documents/PyCharmMiscProject/deepfake-ViT/test_data_v3/real/real__020__200.png,0
/Users/pickapu/Documents/PyCharmMiscProject/deepfake-ViT/test_data_v3/sadtalker/fake/sadtalker__sadtalker_id8_bVV2Zk88beY_50006_0003__000.png,1
/Users/pickapu/Documents/PyCharmMiscProject/deepfake-ViT/test_data_v3/real/real__851__429.png,0
/Users/pickapu/Documents/PyCharmMiscProject/deepfake-ViT/test_data_v3/real/real__576__237.png,0
/Users/pickapu/Documents/PyCharmMiscProject/deepfake-ViT/test_data_v3/sadtalker/fake/sadtalker__sadtalker_id50_3sUWSDHOVn0_50015_0001__000.png,1
/Users/pickapu/Documents/PyCharmMiscProject/deepfake-ViT/test_data_v3/real/real__867__240.png,0
/Users/pickapu/Documents/PyCharmMiscProject/deepfake-ViT/test_data_v3/real/real__846__181.png,0
/Users/pickapu/Documents/PyCharmMiscProject/deepfake-ViT/test_data_v3/real/real__261__348.png,0
/Users/pickapu/Documents/PyCharmMiscProject/deepfake-ViT/test_data_v3/real/real__004__158.png,0
/Users/pickapu/Documents/PyCharmMiscProject/deepfake-ViT/test_data_v3/sadtalker/fake/sadtalker__sadtalker_id16_d0yGdNEWdn0_50005_0007__000.png,1
/Users/pickapu/Documents/PyCharmMiscProject/deepfake-ViT/test_data_v3/sadtalker/fake/sadtalker__sadtalker_id58_5Walt8nPINM_50006_0008__000.png,1
/Users/pickapu/Documents/PyCharmMiscProject/deepfake-ViT/test_data_v3/sadtalker/fake/sadtalker__sadtalker_id9_9VXOknUbzBM_50030_0000__000.png,1
/Users/pickapu/Documents/PyCharmMiscProject/deepfake-ViT/test_data_v3/sadtalker/fake/sadtalker__sadtalker_id1_ATISgVUKetI_50020_0002__000.png,1
/Users/pickapu/Documents/PyCharmMiscProject/deepfake-ViT/test_data_v3/real/real__545__224.png,0
/Users/pickapu/Documents/PyCharmMiscProject/deepfake-ViT/test_data_v3/sadtalker/fake/sadtalker__sadtalker_id30_9o2CRjTRKIA_50016_0000__000.png,1
/Users/pickapu/Documents/PyCharmMiscProject/deepfake-ViT/test_data_v3/real/real__737__189.png,0
/Users/pickapu/Documents/PyCharmMiscProject/deepfake-ViT/test_data_v3/sadtalker/fake/sadtalker__sadtalker_id3_CWU13rx44j8_50015_0004__000.png,1
/Users/pickapu/Documents/PyCharmMiscProject/deepfake-ViT/test_data_v3/real/real__422__162.png,0
/Users/pickapu/Documents/PyCharmMiscProject/deepfake-ViT/test_data_v3/sadtalker/fake/sadtalker__sadtalker_id26_2ZviHInGBJQ_50005_0005__000.png,1
/Users/pickapu/Documents/PyCharmMiscProject/deepfake-ViT/test_data_v3/real/real__068__206.png,0
/Users/pickapu/Documents/PyCharmMiscProject/deepfake-ViT/test_data_v3/sadtalker/fake/sadtalker__sadtalker_id35_bnvnBwP9sTo_50006_0007__000.png,1
/Users/pickapu/Documents/PyCharmMiscProject/deepfake-ViT/test_data_v3/sadtalker/fake/sadtalker__sadtalker_id4_150cqgYh8sQ_50014_0003__000.png,1
/Users/pickapu/Documents/PyCharmMiscProject/deepfake-ViT/test_data_v3/sadtalker/fake/sadtalker__sadtalker_id1_5aH2Ppjpcho_50004_0003__000.png,1
/Users/pickapu/Documents/PyCharmMiscProject/deepfake-ViT/test_data_v3/real/real__708__282.png,0
/Users/pickapu/Documents/PyCharmMiscProject/deepfake-ViT/test_data_v3/sadtalker/fake/sadtalker__sadtalker_id2_8jkri0AeZWQ_50010_0001__000.png,1
/Users/pickapu/Documents/PyCharmMiscProject/deepfake-ViT/test_data_v3/real/real__343__153.png,0
/Users/pickapu/Documents/PyCharmMiscProject/deepfake-ViT/test_data_v3/real/real__585__184.png,0
/Users/pickapu/Documents/PyCharmMiscProject/deepfake-ViT/test_data_v3/sadtalker/fake/sadtalker__sadtalker_id20_6tpsSu5O0Ws_50001_0001__000.png,1
/Users/pickapu/Documents/PyCharmMiscProject/deepfake-ViT/test_data_v3/real/real__713__271.png,0
/Users/pickapu/Documents/PyCharmMiscProject/deepfake-ViT/test_data_v3/real/real__804__184.png,0
/Users/pickapu/Documents/PyCharmMiscProject/deepfake-ViT/test_data_v3/real/real__393__298.png,0
/Users/pickapu/Documents/PyCharmMiscProject/deepfake-ViT/test_data_v3/real/real__756__293.png,0
/Users/pickapu/Documents/PyCharmMiscProject/deepfake-ViT/test_data_v3/real/real__790__355.png,0
/Users/pickapu/Documents/PyCharmMiscProject/deepfake-ViT/test_data_v3/real/real__00036__283.png,0
/Users/pickapu/Documents/PyCharmMiscProject/deepfake-ViT/test_data_v3/sadtalker/fake/sadtalker__sadtalker_id37_CLSSiaFuLo4_50020_0001__000.png,1
/Users/pickapu/Documents/PyCharmMiscProject/deepfake-ViT/test_data_v3/real/real__907__270.png,0
/Users/pickapu/Documents/PyCharmMiscProject/deepfake-ViT/test_data_v3/real/real__215__302.png,0
/Users/pickapu/Documents/PyCharmMiscProject/deepfake-ViT/test_data_v3/sadtalker/fake/sadtalker__sadtalker_id30_79tRTivyMSM_50009_0006__000.png,1
/Users/pickapu/Documents/PyCharmMiscProject/deepfake-ViT/test_data_v3/real/real__id36_0002__220.png,0
/Users/pickapu/Documents/PyCharmMiscProject/deepfake-ViT/test_data_v3/sadtalker/fake/sadtalker__sadtalker_id4_1mUDw0sRZV0_50017_0002__000.png,1
/Users/pickapu/Documents/PyCharmMiscProject/deepfake-ViT/test_data_v3/sadtalker/fake/sadtalker__sadtalker_id29_CTEhgUmSrro_50002_0004__000.png,1
/Users/pickapu/Documents/PyCharmMiscProject/deepfake-ViT/test_data_v3/real/real__216__245.png,0
/Users/pickapu/Documents/PyCharmMiscProject/deepfake-ViT/test_data_v3/real/real__276__170.png,0
/Users/pickapu/Documents/PyCharmMiscProject/deepfake-ViT/test_data_v3/real/real__109__153.png,0
/Users/pickapu/Documents/PyCharmMiscProject/deepfake-ViT/test_data_v3/real/real__889__169.png,0
/Users/pickapu/Documents/PyCharmMiscProject/deepfake-ViT/test_data_v3/sadtalker/fake/sadtalker__sadtalker_id0_aR6jLD1USW0_50009_0007__000.png,1
/Users/pickapu/Documents/PyCharmMiscProject/deepfake-ViT/test_data_v3/real/real__929__237.png,0
/Users/pickapu/Documents/PyCharmMiscProject/deepfake-ViT/test_data_v3/real/real__569__172.png,0
/Users/pickapu/Documents/PyCharmMiscProject/deepfake-ViT/test_data_v3/sadtalker/fake/sadtalker__sadtalker_id26_4jUdCy6Vghw_50011_0007__000.png,1
/Users/pickapu/Documents/PyCharmMiscProject/deepfake-ViT/test_data_v3/sadtalker/fake/sadtalker__sadtalker_id2_BnC6IABJXOI_50001_0000__000.png,1
/Users/pickapu/Documents/PyCharmMiscProject/deepfake-ViT/test_data_v3/sadtalker/fake/sadtalker__sadtalker_id16_4ZgwzSm7sRs_50018_0005__000.png,1
/Users/pickapu/Documents/PyCharmMiscProject/deepfake-ViT/test_data_v3/real/real__924__362.png,0
/Users/pickapu/Documents/PyCharmMiscProject/deepfake-ViT/test_data_v3/real/real__081__414.png,0
/Users/pickapu/Documents/PyCharmMiscProject/deepfake-ViT/test_data_v3/sadtalker/fake/sadtalker__sadtalker_id10_4mFzIumKKsc_50005_0005__000.png,1
/Users/pickapu/Documents/PyCharmMiscProject/deepfake-ViT/test_data_v3/sadtalker/fake/sadtalker__sadtalker_id9_415VX3QX4cU_50007_0000__000.png,1
/Users/pickapu/Documents/PyCharmMiscProject/deepfake-ViT/test_data_v3/sadtalker/fake/sadtalker__sadtalker_id53_04SEzifEsGg_50002_0006__000.png,1
/Users/pickapu/Documents/PyCharmMiscProject/deepfake-ViT/test_data_v3/sadtalker/fake/sadtalker__sadtalker_id26_5nrn5fC001Q_50015_0004__000.png,1
/Users/pickapu/Documents/PyCharmMiscProject/deepfake-ViT/test_data_v3/sadtalker/fake/sadtalker__sadtalker_id0_9y7YEmyzSDo_50010_0009__000.png,1
/Users/pickapu/Documents/PyCharmMiscProject/deepfake-ViT/test_data_v3/sadtalker/fake/sadtalker__sadtalker_id28_6Co3dn0nSTk_50002_0002__000.png,1
/Users/pickapu/Documents/PyCharmMiscProject/deepfake-ViT/test_data_v3/sadtalker/fake/sadtalker__sadtalker_id2_Bp2FvktSTRM_50005_0001__000.png,1
/Users/pickapu/Documents/PyCharmMiscProject/deepfake-ViT/test_data_v3/sadtalker/fake/sadtalker__sadtalker_id29_Bk9wQD6eYts_50002_0000__000.png,1
/Users/pickapu/Documents/PyCharmMiscProject/deepfake-ViT/test_data_v3/sadtalker/fake/sadtalker__sadtalker_id0_8meWY0W40OA_50006_0007__000.png,1
/Users/pickapu/Documents/PyCharmMiscProject/deepfake-ViT/test_data_v3/sadtalker/fake/sadtalker__sadtalker_id30_b64qvG2Jgro_50005_0000__000.png,1
/Users/pickapu/Documents/PyCharmMiscProject/deepfake-ViT/test_data_v3/real/real__220__183.png,0
/Users/pickapu/Documents/PyCharmMiscProject/deepfake-ViT/test_data_v3/sadtalker/fake/sadtalker__sadtalker_id56_1X7fZoDs9KU_50001_0000__000.png,1
/Users/pickapu/Documents/PyCharmMiscProject/deepfake-ViT/test_data_v3/sadtalker/fake/sadtalker__sadtalker_id10_5nrn5fC001Q_50016_0008__000.png,1
/Users/pickapu/Documents/PyCharmMiscProject/deepfake-ViT/test_data_v3/sadtalker/fake/sadtalker__sadtalker_id3_bVV2Zk88beY_50006_0003__000.png,1
/Users/pickapu/Documents/PyCharmMiscProject/deepfake-ViT/test_data_v3/sadtalker/fake/sadtalker__sadtalker_id31_BnC6IABJXOI_50004_0006__000.png,1
/Users/pickapu/Documents/PyCharmMiscProject/deepfake-ViT/test_data_v3/sadtalker/fake/sadtalker__sadtalker_id21_cF2dhWWUyQ4_50002_0009__000.png,1
/Users/pickapu/Documents/PyCharmMiscProject/deepfake-ViT/test_data_v3/sadtalker/fake/sadtalker__sadtalker_id30_5cQoGNEcc5Q_50005_0003__000.png,1
/Users/pickapu/Documents/PyCharmMiscProject/deepfake-ViT/test_data_v3/sadtalker/fake/sadtalker__sadtalker_id26_1mUDw0sRZV0_50012_0000__000.png,1
/Users/pickapu/Documents/PyCharmMiscProject/deepfake-ViT/test_data_v3/sadtalker/fake/sadtalker__sadtalker_id3_bbT8jSPS2LA_50016_0009__000.png,1
/Users/pickapu/Documents/PyCharmMiscProject/deepfake-ViT/test_data_v3/sadtalker/fake/sadtalker__sadtalker_id31_BgbD67U0BAQ_50004_0002__000.png,1
/Users/pickapu/Documents/PyCharmMiscProject/deepfake-ViT/test_data_v3/sadtalker/fake/sadtalker__sadtalker_id16_0ygtX2nyexo_50010_0002__000.png,1
/Users/pickapu/Documents/PyCharmMiscProject/deepfake-ViT/test_data_v3/sadtalker/fake/sadtalker__sadtalker_id53_6H6wKMYSiEU_50002_0003__000.png,1
/Users/pickapu/Documents/PyCharmMiscProject/deepfake-ViT/test_data_v3/real/real__067__277.png,0
/Users/pickapu/Documents/PyCharmMiscProject/deepfake-ViT/test_data_v3/real/real__628__461.png,0
/Users/pickapu/Documents/PyCharmMiscProject/deepfake-ViT/test_data_v3/real/real__106__183.png,0
/Users/pickapu/Documents/PyCharmMiscProject/deepfake-ViT/test_data_v3/real/real__692__182.png,0
/Users/pickapu/Documents/PyCharmMiscProject/deepfake-ViT/test_data_v3/sadtalker/fake/sadtalker__sadtalker_id28_7POkIJfbMyU_50014_0000__000.png,1
/Users/pickapu/Documents/PyCharmMiscProject/deepfake-ViT/test_data_v3/sadtalker/fake/sadtalker__sadtalker_id48_bscKRPkR328_50005_0002__000.png,1
/Users/pickapu/Documents/PyCharmMiscProject/deepfake-ViT/test_data_v3/sadtalker/fake/sadtalker__sadtalker_id11_56WGgJNBRxQ_50006_0009__000.png,1
/Users/pickapu/Documents/PyCharmMiscProject/deepfake-ViT/test_data_v3/real/real__008__328.png,0
/Users/pickapu/Documents/PyCharmMiscProject/deepfake-ViT/test_data_v3/sadtalker/fake/sadtalker__sadtalker_id30_1PV7HyS8fhA_50001_0005__000.png,1
/Users/pickapu/Documents/PyCharmMiscProject/deepfake-ViT/test_data_v3/sadtalker/fake/sadtalker__sadtalker_id19_cPsP4F1qYCI_50013_0002__000.png,1
/Users/pickapu/Documents/PyCharmMiscProject/deepfake-ViT/test_data_v3/sadtalker/fake/sadtalker__sadtalker_id28_9RTkZaX1cH0_50004_0003__000.png,1
/Users/pickapu/Documents/PyCharmMiscProject/deepfake-ViT/test_data_v3/real/real__833__309.png,0
/Users/pickapu/Documents/PyCharmMiscProject/deepfake-ViT/test_data_v3/sadtalker/fake/sadtalker__sadtalker_id31_56WGgJNBRxQ_50025_0008__000.png,1
/Users/pickapu/Documents/PyCharmMiscProject/deepfake-ViT/test_data_v3/sadtalker/fake/sadtalker__sadtalker_id2_da1vvigy5tQ_50011_0008__000.png,1
/Users/pickapu/Documents/PyCharmMiscProject/deepfake-ViT/test_data_v3/sadtalker/fake/sadtalker__sadtalker_id31_501FEzbB1JI_50015_0007__000.png,1
/Users/pickapu/Documents/PyCharmMiscProject/deepfake-ViT/test_data_v3/sadtalker/fake/sadtalker__sadtalker_id31_AK9OBSx77S8_50003_0008__000.png,1
/Users/pickapu/Documents/PyCharmMiscProject/deepfake-ViT/test_data_v3/sadtalker/fake/sadtalker__sadtalker_id23_7CmqNpCofc8_50005_0007__000.png,1
/Users/pickapu/Documents/PyCharmMiscProject/deepfake-ViT/test_data_v3/sadtalker/fake/sadtalker__sadtalker_id20_CfmNXPMjChs_50010_0000__000.png,1
/Users/pickapu/Documents/PyCharmMiscProject/deepfake-ViT/test_data_v3/real/real__335__197.png,0
/Users/pickapu/Documents/PyCharmMiscProject/deepfake-ViT/test_data_v3/sadtalker/fake/sadtalker__sadtalker_id20_6vLrreR6YOE_50004_0006__000.png,1
/Users/pickapu/Documents/PyCharmMiscProject/deepfake-ViT/test_data_v3/real/real__144__177.png,0
/Users/pickapu/Documents/PyCharmMiscProject/deepfake-ViT/test_data_v3/sadtalker/fake/sadtalker__sadtalker_id13_1Gtc0ounD5I_50005_0009__000.png,1
/Users/pickapu/Documents/PyCharmMiscProject/deepfake-ViT/test_data_v3/real/real__023__284.png,0
/Users/pickapu/Documents/PyCharmMiscProject/deepfake-ViT/test_data_v3/real/real__720__272.png,0
/Users/pickapu/Documents/PyCharmMiscProject/deepfake-ViT/test_data_v3/sadtalker/fake/sadtalker__sadtalker_id38_0ygtX2nyexo_50014_0008__000.png,1
/Users/pickapu/Documents/PyCharmMiscProject/deepfake-ViT/test_data_v3/real/real__587__322.png,0
/Users/pickapu/Documents/PyCharmMiscProject/deepfake-ViT/test_data_v3/real/real__973__274.png,0
/Users/pickapu/Documents/PyCharmMiscProject/deepfake-ViT/test_data_v3/sadtalker/fake/sadtalker__sadtalker_id9_bfAzi6D5FpM_50004_0009__000.png,1
/Users/pickapu/Documents/PyCharmMiscProject/deepfake-ViT/test_data_v3/sadtalker/fake/sadtalker__sadtalker_id12_7DCofMA9eQA_50005_0004__000.png,1
/Users/pickapu/Documents/PyCharmMiscProject/deepfake-ViT/test_data_v3/sadtalker/fake/sadtalker__sadtalker_id4_4jUdCy6Vghw_50011_0007__000.png,1
/Users/pickapu/Documents/PyCharmMiscProject/deepfake-ViT/test_data_v3/real/real__203__229.png,0
/Users/pickapu/Documents/PyCharmMiscProject/deepfake-ViT/test_data_v3/real/real__175__259.png,0
/Users/pickapu/Documents/PyCharmMiscProject/deepfake-ViT/test_data_v3/real/real__502__163.png,0
/Users/pickapu/Documents/PyCharmMiscProject/deepfake-ViT/test_data_v3/sadtalker/fake/sadtalker__sadtalker_id30_bSiGZPtWXzE_50019_0004__000.png,1
/Users/pickapu/Documents/PyCharmMiscProject/deepfake-ViT/test_data_v3/sadtalker/fake/sadtalker__sadtalker_id0_bxkslfQc0EA_50015_0003__000.png,1
/Users/pickapu/Documents/PyCharmMiscProject/deepfake-ViT/test_data_v3/real/real__260__155.png,0
/Users/pickapu/Documents/PyCharmMiscProject/deepfake-ViT/test_data_v3/sadtalker/fake/sadtalker__sadtalker_id37_59SRn1SkWAA_50002_0006__000.png,1
/Users/pickapu/Documents/PyCharmMiscProject/deepfake-ViT/test_data_v3/sadtalker/fake/sadtalker__sadtalker_id26_7Z9xCX4ifJo_50003_0003__000.png,1
/Users/pickapu/Documents/PyCharmMiscProject/deepfake-ViT/test_data_v3/real/real__371__370.png,0
/Users/pickapu/Documents/PyCharmMiscProject/deepfake-ViT/test_data_v3/real/real__204__265.png,0
/Users/pickapu/Documents/PyCharmMiscProject/deepfake-ViT/test_data_v3/sadtalker/fake/sadtalker__sadtalker_id47_AAkEYcmCCCk_50030_0002__000.png,1
/Users/pickapu/Documents/PyCharmMiscProject/deepfake-ViT/test_data_v3/sadtalker/fake/sadtalker__sadtalker_id1_1VRgmKiE0Js_50004_0007__000.png,1
/Users/pickapu/Documents/PyCharmMiscProject/deepfake-ViT/test_data_v3/sadtalker/fake/sadtalker__sadtalker_id1_46wWjKTn4Ac_50002_0007__000.png,1
/Users/pickapu/Documents/PyCharmMiscProject/deepfake-ViT/test_data_v3/sadtalker/fake/sadtalker__sadtalker_id30_7hFy02TSH4U_50010_0002__000.png,1
/Users/pickapu/Documents/PyCharmMiscProject/deepfake-ViT/test_data_v3/sadtalker/fake/sadtalker__sadtalker_id9_AJYRJ92g4GI_50007_0006__000.png,1
/Users/pickapu/Documents/PyCharmMiscProject/deepfake-ViT/test_data_v3/sadtalker/fake/sadtalker__sadtalker_id6_0MMSpsvqiG8_50015_0006__000.png,1
/Users/pickapu/Documents/PyCharmMiscProject/deepfake-ViT/test_data_v3/sadtalker/fake/sadtalker__sadtalker_id26_9KaMufF0rAY_50009_0001__000.png,1
/Users/pickapu/Documents/PyCharmMiscProject/deepfake-ViT/test_data_v3/sadtalker/fake/sadtalker__sadtalker_id37_BwIGcvBGSRk_50007_0007__000.png,1
/Users/pickapu/Documents/PyCharmMiscProject/deepfake-ViT/test_data_v3/real/real__024__157.png,0
/Users/pickapu/Documents/PyCharmMiscProject/deepfake-ViT/test_data_v3/real/real__637__262.png,0
/Users/pickapu/Documents/PyCharmMiscProject/deepfake-ViT/test_data_v3/sadtalker/fake/sadtalker__sadtalker_id53_aEjUlH7bNDo_50011_0000__000.png,1
/Users/pickapu/Documents/PyCharmMiscProject/deepfake-ViT/test_data_v3/real/real__248__255.png,0
/Users/pickapu/Documents/PyCharmMiscProject/deepfake-ViT/test_data_v3/real/real__091__329.png,0
/Users/pickapu/Documents/PyCharmMiscProject/deepfake-ViT/test_data_v3/sadtalker/fake/sadtalker__sadtalker_id1_AzW2iKdSITM_50003_0000__000.png,1
/Users/pickapu/Documents/PyCharmMiscProject/deepfake-ViT/test_data_v3/sadtalker/fake/sadtalker__sadtalker_id7_CSLy17buxlI_50001_0008__000.png,1
/Users/pickapu/Documents/PyCharmMiscProject/deepfake-ViT/test_data_v3/sadtalker/fake/sadtalker__sadtalker_id1_1YO1FmVAPrA_50009_0000__000.png,1
/Users/pickapu/Documents/PyCharmMiscProject/deepfake-ViT/test_data_v3/sadtalker/fake/sadtalker__sadtalker_id28_8rZzHkpyPkc_50004_0006__000.png,1
/Users/pickapu/Documents/PyCharmMiscProject/deepfake-ViT/test_data_v3/sadtalker/fake/sadtalker__sadtalker_id4_7POkIJfbMyU_50014_0000__000.png,1
/Users/pickapu/Documents/PyCharmMiscProject/deepfake-ViT/test_data_v3/sadtalker/fake/sadtalker__sadtalker_id13_asgdGSGQBgY_50012_0007__000.png,1
/Users/pickapu/Documents/PyCharmMiscProject/deepfake-ViT/test_data_v3/sadtalker/fake/sadtalker__sadtalker_id16_70VZ1SOzSnc_50003_0006__000.png,1
/Users/pickapu/Documents/PyCharmMiscProject/deepfake-ViT/test_data_v3/sadtalker/fake/sadtalker__sadtalker_id10_5QGApheKRc0_50004_0001__094.png,1
/Users/pickapu/Documents/PyCharmMiscProject/deepfake-ViT/test_data_v3/sadtalker/fake/sadtalker__sadtalker_id1_3qyVvDGDGQs_50004_0005__000.png,1
/Users/pickapu/Documents/PyCharmMiscProject/deepfake-ViT/test_data_v3/real/real__177__211.png,0
/Users/pickapu/Documents/PyCharmMiscProject/deepfake-ViT/test_data_v3/real/real__862__242.png,0
/Users/pickapu/Documents/PyCharmMiscProject/deepfake-ViT/test_data_v3/real/real__849__165.png,0
/Users/pickapu/Documents/PyCharmMiscProject/deepfake-ViT/test_data_v3/sadtalker/fake/sadtalker__sadtalker_id3_3E46oWB4V0s_50015_0000__000.png,1
/Users/pickapu/Documents/PyCharmMiscProject/deepfake-ViT/test_data_v3/sadtalker/fake/sadtalker__sadtalker_id23_Br1AIvMrvAE_50002_0009__000.png,1
/Users/pickapu/Documents/PyCharmMiscProject/deepfake-ViT/test_data_v3/real/real__304__314.png,0
/Users/pickapu/Documents/PyCharmMiscProject/deepfake-ViT/test_data_v3/sadtalker/fake/sadtalker__sadtalker_id3_8jkri0AeZWQ_50010_0001__000.png,1
/Users/pickapu/Documents/PyCharmMiscProject/deepfake-ViT/test_data_v3/sadtalker/fake/sadtalker__sadtalker_id48_bUaU9kdt9I8_50014_0008__000.png,1
/Users/pickapu/Documents/PyCharmMiscProject/deepfake-ViT/test_data_v3/real/real__328__164.png,0
/Users/pickapu/Documents/PyCharmMiscProject/deepfake-ViT/test_data_v3/real/real__572__178.png,0
/Users/pickapu/Documents/PyCharmMiscProject/deepfake-ViT/test_data_v3/sadtalker/fake/sadtalker__sadtalker_id33_1oNlTrLIjU4_50002_0008__000.png,1
/Users/pickapu/Documents/PyCharmMiscProject/deepfake-ViT/test_data_v3/real/real__988__234.png,0
/Users/pickapu/Documents/PyCharmMiscProject/deepfake-ViT/test_data_v3/sadtalker/fake/sadtalker__sadtalker_id13_bLGTrz1Zolk_50025_0008__000.png,1
/Users/pickapu/Documents/PyCharmMiscProject/deepfake-ViT/test_data_v3/sadtalker/fake/sadtalker__sadtalker_id29_BnC6IABJXOI_50020_0009__000.png,1
/Users/pickapu/Documents/PyCharmMiscProject/deepfake-ViT/test_data_v3/real/real__id22_0000__102.png,0
/Users/pickapu/Documents/PyCharmMiscProject/deepfake-ViT/test_data_v3/real/real__048__249.png,0
/Users/pickapu/Documents/PyCharmMiscProject/deepfake-ViT/test_data_v3/real/real__815__232.png,0
/Users/pickapu/Documents/PyCharmMiscProject/deepfake-ViT/test_data_v3/sadtalker/fake/sadtalker__sadtalker_id2_aUBawr1hUwo_50008_0005__000.png,1
/Users/pickapu/Documents/PyCharmMiscProject/deepfake-ViT/test_data_v3/sadtalker/fake/sadtalker__sadtalker_id47_7n9IOH0NvyY_50001_0004__000.png,1
/Users/pickapu/Documents/PyCharmMiscProject/deepfake-ViT/test_data_v3/sadtalker/fake/sadtalker__sadtalker_id3_askcLEVCTko_50001_0000__000.png,1
/Users/pickapu/Documents/PyCharmMiscProject/deepfake-ViT/test_data_v3/real/real__440__215.png,0
/Users/pickapu/Documents/PyCharmMiscProject/deepfake-ViT/test_data_v3/real/real__863__264.png,0
/Users/pickapu/Documents/PyCharmMiscProject/deepfake-ViT/test_data_v3/sadtalker/fake/sadtalker__sadtalker_id16_AAkEYcmCCCk_50001_0012__000.png,1
/Users/pickapu/Documents/PyCharmMiscProject/deepfake-ViT/test_data_v3/real/real__710__194.png,0
/Users/pickapu/Documents/PyCharmMiscProject/deepfake-ViT/test_data_v3/sadtalker/fake/sadtalker__sadtalker_id3_7W8OJgeYy1w_50001_0002__000.png,1
/Users/pickapu/Documents/PyCharmMiscProject/deepfake-ViT/test_data_v3/sadtalker/fake/sadtalker__sadtalker_id2_8pHzROP1DSw_50011_0008__000.png,1
/Users/pickapu/Documents/PyCharmMiscProject/deepfake-ViT/test_data_v3/real/real__445__475.png,0
/Users/pickapu/Documents/PyCharmMiscProject/deepfake-ViT/test_data_v3/sadtalker/fake/sadtalker__sadtalker_id37_bJ8Kq1wucsk_50004_0009__000.png,1
/Users/pickapu/Documents/PyCharmMiscProject/deepfake-ViT/test_data_v3/real/real__242__170.png,0
/Users/pickapu/Documents/PyCharmMiscProject/deepfake-ViT/test_data_v3/real/real__090__354.png,0
/Users/pickapu/Documents/PyCharmMiscProject/deepfake-ViT/test_data_v3/real/real__943__242.png,0
/Users/pickapu/Documents/PyCharmMiscProject/deepfake-ViT/test_data_v3/sadtalker/fake/sadtalker__sadtalker_id28_AlsFSLXjVdw_50003_0006__000.png,1
/Users/pickapu/Documents/PyCharmMiscProject/deepfake-ViT/test_data_v3/sadtalker/fake/sadtalker__sadtalker_id1_0ygtX2nyexo_50029_0004__000.png,1
/Users/pickapu/Documents/PyCharmMiscProject/deepfake-ViT/test_data_v3/real/real__120__208.png,0
/Users/pickapu/Documents/PyCharmMiscProject/deepfake-ViT/test_data_v3/real/real__549__321.png,0
/Users/pickapu/Documents/PyCharmMiscProject/deepfake-ViT/test_data_v3/real/real__434__162.png,0
/Users/pickapu/Documents/PyCharmMiscProject/deepfake-ViT/test_data_v3/real/real__id44_0001__161.png,0
/Users/pickapu/Documents/PyCharmMiscProject/deepfake-ViT/test_data_v3/sadtalker/fake/sadtalker__sadtalker_id9_aEjUlH7bNDo_50005_0009__000.png,1
/Users/pickapu/Documents/PyCharmMiscProject/deepfake-ViT/test_data_v3/real/real__385__179.png,0
/Users/pickapu/Documents/PyCharmMiscProject/deepfake-ViT/test_data_v3/real/real__id28_0009__170.png,0
/Users/pickapu/Documents/PyCharmMiscProject/deepfake-ViT/test_data_v3/real/real__056__192.png,0
/Users/pickapu/Documents/PyCharmMiscProject/deepfake-ViT/test_data_v3/sadtalker/fake/sadtalker__sadtalker_id52_1QQ3gWmd20s_50001_0007__000.png,1
/Users/pickapu/Documents/PyCharmMiscProject/deepfake-ViT/test_data_v3/sadtalker/fake/sadtalker__sadtalker_id19_bxkslfQc0EA_50014_0009__000.png,1
/Users/pickapu/Documents/PyCharmMiscProject/deepfake-ViT/test_data_v3/sadtalker/fake/sadtalker__sadtalker_id1_0ZhL7P7w3as_50001_0001__000.png,1
/Users/pickapu/Documents/PyCharmMiscProject/deepfake-ViT/test_data_v3/real/real__302__451.png,0
/Users/pickapu/Documents/PyCharmMiscProject/deepfake-ViT/test_data_v3/sadtalker/fake/sadtalker__sadtalker_id0_0ZhL7P7w3as_50001_0001__000.png,1
/Users/pickapu/Documents/PyCharmMiscProject/deepfake-ViT/test_data_v3/real/real__517__192.png,0
/Users/pickapu/Documents/PyCharmMiscProject/deepfake-ViT/test_data_v3/real/real__00287__241.png,0
/Users/pickapu/Documents/PyCharmMiscProject/deepfake-ViT/test_data_v3/real/real__829__412.png,0
/Users/pickapu/Documents/PyCharmMiscProject/deepfake-ViT/test_data_v3/real/real__964__232.png,0
/Users/pickapu/Documents/PyCharmMiscProject/deepfake-ViT/test_data_v3/sadtalker/fake/sadtalker__sadtalker_id8_a17Z5Sk2XJY_50010_0008__000.png,1
/Users/pickapu/Documents/PyCharmMiscProject/deepfake-ViT/test_data_v3/real/real__386__231.png,0
/Users/pickapu/Documents/PyCharmMiscProject/deepfake-ViT/test_data_v3/sadtalker/fake/sadtalker__sadtalker_id56_6fJRmouSDL4_50008_0009__000.png,1
/Users/pickapu/Documents/PyCharmMiscProject/deepfake-ViT/test_data_v3/real/real__832__284.png,0
/Users/pickapu/Documents/PyCharmMiscProject/deepfake-ViT/test_data_v3/sadtalker/fake/sadtalker__sadtalker_id1_BMOjVYgYaG8_50007_0001__000.png,1
/Users/pickapu/Documents/PyCharmMiscProject/deepfake-ViT/test_data_v3/real/real__142__496.png,0
/Users/pickapu/Documents/PyCharmMiscProject/deepfake-ViT/test_data_v3/sadtalker/fake/sadtalker__sadtalker_id9_8etnSTnX92g_50009_0007__000.png,1
/Users/pickapu/Documents/PyCharmMiscProject/deepfake-ViT/test_data_v3/sadtalker/fake/sadtalker__sadtalker_id1_ALTvG9MIR64_50007_0001__000.png,1
/Users/pickapu/Documents/PyCharmMiscProject/deepfake-ViT/test_data_v3/real/real__id56_0002__186.png,0
/Users/pickapu/Documents/PyCharmMiscProject/deepfake-ViT/test_data_v3/real/real__007__260.png,0
/Users/pickapu/Documents/PyCharmMiscProject/deepfake-ViT/test_data_v3/real/real__190__170.png,0
/Users/pickapu/Documents/PyCharmMiscProject/deepfake-ViT/test_data_v3/real/real__561__214.png,0
/Users/pickapu/Documents/PyCharmMiscProject/deepfake-ViT/test_data_v3/sadtalker/fake/sadtalker__sadtalker_id30_88SlA2EZxtY_50006_0009__000.png,1
/Users/pickapu/Documents/PyCharmMiscProject/deepfake-ViT/test_data_v3/real/real__027__151.png,0
/Users/pickapu/Documents/PyCharmMiscProject/deepfake-ViT/test_data_v3/sadtalker/fake/sadtalker__sadtalker_id1_BoRUrWcdkQ4_50018_0007__000.png,1
/Users/pickapu/Documents/PyCharmMiscProject/deepfake-ViT/test_data_v3/real/real__105__154.png,0
/Users/pickapu/Documents/PyCharmMiscProject/deepfake-ViT/test_data_v3/sadtalker/fake/sadtalker__sadtalker_id38_3NzgEwye6Uk_50014_0006__000.png,1
/Users/pickapu/Documents/PyCharmMiscProject/deepfake-ViT/test_data_v3/sadtalker/fake/sadtalker__sadtalker_id37_aSJn0xD0TXs_50002_0008__000.png,1
/Users/pickapu/Documents/PyCharmMiscProject/deepfake-ViT/test_data_v3/real/real__835__219.png,0
/Users/pickapu/Documents/PyCharmMiscProject/deepfake-ViT/test_data_v3/real/real__246__255.png,0
/Users/pickapu/Documents/PyCharmMiscProject/deepfake-ViT/test_data_v3/sadtalker/fake/sadtalker__sadtalker_id32_AR6RiSHN7S0_50009_0002__000.png,1
/Users/pickapu/Documents/PyCharmMiscProject/deepfake-ViT/test_data_v3/sadtalker/fake/sadtalker__sadtalker_id38_7Iv2nZnZOrM_50020_0003__000.png,1
/Users/pickapu/Documents/PyCharmMiscProject/deepfake-ViT/test_data_v3/real/real__610__202.png,0
/Users/pickapu/Documents/PyCharmMiscProject/deepfake-ViT/test_data_v3/real/real__376__265.png,0
/Users/pickapu/Documents/PyCharmMiscProject/deepfake-ViT/test_data_v3/real/real__00133__257.png,0
/Users/pickapu/Documents/PyCharmMiscProject/deepfake-ViT/test_data_v3/real/real__162__353.png,0
/Users/pickapu/Documents/PyCharmMiscProject/deepfake-ViT/test_data_v3/real/real__448__272.png,0
/Users/pickapu/Documents/PyCharmMiscProject/deepfake-ViT/test_data_v3/sadtalker/fake/sadtalker__sadtalker_id9_aEa11FZwTRY_50009_0003__000.png,1
/Users/pickapu/Documents/PyCharmMiscProject/deepfake-ViT/test_data_v3/sadtalker/fake/sadtalker__sadtalker_id21_8n5O9tz30So_50001_0000__000.png,1
/Users/pickapu/Documents/PyCharmMiscProject/deepfake-ViT/test_data_v3/sadtalker/fake/sadtalker__sadtalker_id2_3UFGqjWcVU8_50002_0008__000.png,1
/Users/pickapu/Documents/PyCharmMiscProject/deepfake-ViT/test_data_v3/real/real__111__222.png,0
/Users/pickapu/Documents/PyCharmMiscProject/deepfake-ViT/test_data_v3/real/real__130__341.png,0
/Users/pickapu/Documents/PyCharmMiscProject/deepfake-ViT/test_data_v3/real/real__938__189.png,0
/Users/pickapu/Documents/PyCharmMiscProject/deepfake-ViT/test_data_v3/real/real__787__258.png,0
/Users/pickapu/Documents/PyCharmMiscProject/deepfake-ViT/test_data_v3/sadtalker/fake/sadtalker__sadtalker_id9_4mJ1aHFPS1M_50009_0000__000.png,1
/Users/pickapu/Documents/PyCharmMiscProject/deepfake-ViT/test_data_v3/real/real__003__155.png,0
/Users/pickapu/Documents/PyCharmMiscProject/deepfake-ViT/test_data_v3/real/real__764__189.png,0
/Users/pickapu/Documents/PyCharmMiscProject/deepfake-ViT/test_data_v3/sadtalker/fake/sadtalker__sadtalker_id33_2tcEgqTWbxQ_50038_0004__000.png,1
/Users/pickapu/Documents/PyCharmMiscProject/deepfake-ViT/test_data_v3/real/real__399__444.png,0
/Users/pickapu/Documents/PyCharmMiscProject/deepfake-ViT/test_data_v3/sadtalker/fake/sadtalker__sadtalker_id2_2tcEgqTWbxQ_50029_0006__000.png,1
/Users/pickapu/Documents/PyCharmMiscProject/deepfake-ViT/test_data_v3/real/real__310__193.png,0
/Users/pickapu/Documents/PyCharmMiscProject/deepfake-ViT/test_data_v3/real/real__339__235.png,0
/Users/pickapu/Documents/PyCharmMiscProject/deepfake-ViT/test_data_v3/sadtalker/fake/sadtalker__sadtalker_id6_5J6jAC6XxAI_50011_0002__000.png,1
/Users/pickapu/Documents/PyCharmMiscProject/deepfake-ViT/test_data_v3/real/real__350__208.png,0
/Users/pickapu/Documents/PyCharmMiscProject/deepfake-ViT/test_data_v3/sadtalker/fake/sadtalker__sadtalker_id54_Cv8ttNerBEg_50001_0006__000.png,1
/Users/pickapu/Documents/PyCharmMiscProject/deepfake-ViT/test_data_v3/real/real__511__417.png,0
/Users/pickapu/Documents/PyCharmMiscProject/deepfake-ViT/test_data_v3/sadtalker/fake/sadtalker__sadtalker_id34_CiSk3gmyjQ8_50009_0004__000.png,1
/Users/pickapu/Documents/PyCharmMiscProject/deepfake-ViT/test_data_v3/real/real__id34_0006__212.png,0
/Users/pickapu/Documents/PyCharmMiscProject/deepfake-ViT/test_data_v3/sadtalker/fake/sadtalker__sadtalker_id12_AvtStbwMQqs_50009_0006__000.png,1
/Users/pickapu/Documents/PyCharmMiscProject/deepfake-ViT/test_data_v3/real/real__884__176.png,0
/Users/pickapu/Documents/PyCharmMiscProject/deepfake-ViT/test_data_v3/sadtalker/fake/sadtalker__sadtalker_id25_bxkslfQc0EA_50002_0005__000.png,1
/Users/pickapu/Documents/PyCharmMiscProject/deepfake-ViT/test_data_v3/sadtalker/fake/sadtalker__sadtalker_id29_abMQhaMdQu0_50008_0000__000.png,1
/Users/pickapu/Documents/PyCharmMiscProject/deepfake-ViT/test_data_v3/sadtalker/fake/sadtalker__sadtalker_id2_A3Vpjwye9Mw_50005_0007__000.png,1
/Users/pickapu/Documents/PyCharmMiscProject/deepfake-ViT/test_data_v3/real/real__266__239.png,0
/Users/pickapu/Documents/PyCharmMiscProject/deepfake-ViT/test_data_v3/real/real__00282__213.png,0
/Users/pickapu/Documents/PyCharmMiscProject/deepfake-ViT/test_data_v3/sadtalker/fake/sadtalker__sadtalker_id2_bJ8Kq1wucsk_50004_0009__000.png,1
/Users/pickapu/Documents/PyCharmMiscProject/deepfake-ViT/test_data_v3/real/real__934__194.png,0
/Users/pickapu/Documents/PyCharmMiscProject/deepfake-ViT/test_data_v3/sadtalker/fake/sadtalker__sadtalker_id20_6bVhrpkp0WU_50019_0006__000.png,1
/Users/pickapu/Documents/PyCharmMiscProject/deepfake-ViT/test_data_v3/sadtalker/fake/sadtalker__sadtalker_id2_4fyvDMFriRI_50016_0004__000.png,1
/Users/pickapu/Documents/PyCharmMiscProject/deepfake-ViT/test_data_v3/sadtalker/fake/sadtalker__sadtalker_id3_0Q1owhv3qAA_50001_0002__000.png,1
/Users/pickapu/Documents/PyCharmMiscProject/deepfake-ViT/test_data_v3/sadtalker/fake/sadtalker__sadtalker_id9_0snNB1yS3IE_50025_0000__000.png,1
/Users/pickapu/Documents/PyCharmMiscProject/deepfake-ViT/test_data_v3/real/real__858__248.png,0
/Users/pickapu/Documents/PyCharmMiscProject/deepfake-ViT/test_data_v3/sadtalker/fake/sadtalker__sadtalker_id3_2j00U6lUCSc_50011_0001__000.png,1
/Users/pickapu/Documents/PyCharmMiscProject/deepfake-ViT/test_data_v3/real/real__442__182.png,0
/Users/pickapu/Documents/PyCharmMiscProject/deepfake-ViT/test_data_v3/sadtalker/fake/sadtalker__sadtalker_id3_CK5w3wh4GSM_50003_0009__000.png,1
/Users/pickapu/Documents/PyCharmMiscProject/deepfake-ViT/test_data_v3/sadtalker/fake/sadtalker__sadtalker_id3_aEjUlH7bNDo_50005_0009__000.png,1
/Users/pickapu/Documents/PyCharmMiscProject/deepfake-ViT/test_data_v3/sadtalker/fake/sadtalker__sadtalker_id6_5ErKrSyUpEo_50003_0001__000.png,1
/Users/pickapu/Documents/PyCharmMiscProject/deepfake-ViT/test_data_v3/real/real__00270__162.png,0
/Users/pickapu/Documents/PyCharmMiscProject/deepfake-ViT/test_data_v3/real/real__155__427.png,0
/Users/pickapu/Documents/PyCharmMiscProject/deepfake-ViT/test_data_v3/sadtalker/fake/sadtalker__sadtalker_id3_0bop3D7SdDM_50013_0003__000.png,1
/Users/pickapu/Documents/PyCharmMiscProject/deepfake-ViT/test_data_v3/sadtalker/fake/sadtalker__sadtalker_id35_Bk9wQD6eYts_50002_0000__000.png,1
/Users/pickapu/Documents/PyCharmMiscProject/deepfake-ViT/test_data_v3/sadtalker/fake/sadtalker__sadtalker_id40_1SPazvfN9EU_50016_0005__000.png,1
/Users/pickapu/Documents/PyCharmMiscProject/deepfake-ViT/test_data_v3/sadtalker/fake/sadtalker__sadtalker_id20_ALTvG9MIR64_50012_0008__000.png,1
/Users/pickapu/Documents/PyCharmMiscProject/deepfake-ViT/test_data_v3/sadtalker/fake/sadtalker__sadtalker_id2_4jUdCy6Vghw_50007_0002__000.png,1
/Users/pickapu/Documents/PyCharmMiscProject/deepfake-ViT/test_data_v3/real/real__607__233.png,0
/Users/pickapu/Documents/PyCharmMiscProject/deepfake-ViT/test_data_v3/real/real__732__219.png,0
/Users/pickapu/Documents/PyCharmMiscProject/deepfake-ViT/test_data_v3/sadtalker/fake/sadtalker__sadtalker_id24_9EglK8Mk18o_50037_0009__000.png,1
/Users/pickapu/Documents/PyCharmMiscProject/deepfake-ViT/test_data_v3/real/real__00213__252.png,0
/Users/pickapu/Documents/PyCharmMiscProject/deepfake-ViT/test_data_v3/real/real__id26_0008__163.png,0
/Users/pickapu/Documents/PyCharmMiscProject/deepfake-ViT/test_data_v3/real/real__034__209.png,0
/Users/pickapu/Documents/PyCharmMiscProject/deepfake-ViT/test_data_v3/real/real__976__168.png,0
/Users/pickapu/Documents/PyCharmMiscProject/deepfake-ViT/test_data_v3/real/real__824__297.png,0
/Users/pickapu/Documents/PyCharmMiscProject/deepfake-ViT/test_data_v3/real/real__526__432.png,0
/Users/pickapu/Documents/PyCharmMiscProject/deepfake-ViT/test_data_v3/sadtalker/fake/sadtalker__sadtalker_id10_BPMrcY9z0nM_50014_0001__000.png,1
/Users/pickapu/Documents/PyCharmMiscProject/deepfake-ViT/test_data_v3/real/real__231__295.png,0
/Users/pickapu/Documents/PyCharmMiscProject/deepfake-ViT/test_data_v3/sadtalker/fake/sadtalker__sadtalker_id20_cSrWtqConY8_50003_0007__000.png,1
/Users/pickapu/Documents/PyCharmMiscProject/deepfake-ViT/test_data_v3/real/real__446__217.png,0
/Users/pickapu/Documents/PyCharmMiscProject/deepfake-ViT/test_data_v3/sadtalker/fake/sadtalker__sadtalker_id0_55n9pHSA0O8_50010_0004__000.png,1
/Users/pickapu/Documents/PyCharmMiscProject/deepfake-ViT/test_data_v3/sadtalker/fake/sadtalker__sadtalker_id34_5TKRSIKtaCg_50002_0008__000.png,1
/Users/pickapu/Documents/PyCharmMiscProject/deepfake-ViT/test_data_v3/sadtalker/fake/sadtalker__sadtalker_id32_cWYcXhMhJF4_50016_0003__000.png,1
/Users/pickapu/Documents/PyCharmMiscProject/deepfake-ViT/test_data_v3/sadtalker/fake/sadtalker__sadtalker_id56_Cv8ttNerBEg_50001_0006__000.png,1
/Users/pickapu/Documents/PyCharmMiscProject/deepfake-ViT/test_data_v3/real/real__485__413.png,0
/Users/pickapu/Documents/PyCharmMiscProject/deepfake-ViT/test_data_v3/sadtalker/fake/sadtalker__sadtalker_id20_ALTvG9MIR64_50007_0001__000.png,1
/Users/pickapu/Documents/PyCharmMiscProject/deepfake-ViT/test_data_v3/real/real__id2_0003__197.png,0
/Users/pickapu/Documents/PyCharmMiscProject/deepfake-ViT/test_data_v3/real/real__928__193.png,0
/Users/pickapu/Documents/PyCharmMiscProject/deepfake-ViT/test_data_v3/real/real__210__432.png,0
/Users/pickapu/Documents/PyCharmMiscProject/deepfake-ViT/test_data_v3/sadtalker/fake/sadtalker__sadtalker_id20_5aH2Ppjpcho_50001_0006__000.png,1
/Users/pickapu/Documents/PyCharmMiscProject/deepfake-ViT/test_data_v3/sadtalker/fake/sadtalker__sadtalker_id21_5vXRgT6egSU_50002_0001__000.png,1
/Users/pickapu/Documents/PyCharmMiscProject/deepfake-ViT/test_data_v3/sadtalker/fake/sadtalker__sadtalker_id7_855Now8h5Rs_50024_0009__000.png,1
/Users/pickapu/Documents/PyCharmMiscProject/deepfake-ViT/test_data_v3/sadtalker/fake/sadtalker__sadtalker_id3_aR6jLD1USW0_50009_0007__000.png,1
/Users/pickapu/Documents/PyCharmMiscProject/deepfake-ViT/test_data_v3/sadtalker/fake/sadtalker__sadtalker_id17_46wWjKTn4Ac_50002_0007__000.png,1
/Users/pickapu/Documents/PyCharmMiscProject/deepfake-ViT/test_data_v3/real/real__491__219.png,0
/Users/pickapu/Documents/PyCharmMiscProject/deepfake-ViT/test_data_v3/sadtalker/fake/sadtalker__sadtalker_id26_CVdPhUPO5YU_50016_0006__000.png,1
/Users/pickapu/Documents/PyCharmMiscProject/deepfake-ViT/test_data_v3/real/real__id1_0006__260.png,0
/Users/pickapu/Documents/PyCharmMiscProject/deepfake-ViT/test_data_v3/real/real__083__280.png,0
/Users/pickapu/Documents/PyCharmMiscProject/deepfake-ViT/test_data_v3/sadtalker/fake/sadtalker__sadtalker_id32_AK9OBSx77S8_50003_0008__000.png,1
/Users/pickapu/Documents/PyCharmMiscProject/deepfake-ViT/test_data_v3/real/real__533__287.png,0
/Users/pickapu/Documents/PyCharmMiscProject/deepfake-ViT/test_data_v3/sadtalker/fake/sadtalker__sadtalker_id43_a7whovUoYu4_50005_0000__000.png,1
/Users/pickapu/Documents/PyCharmMiscProject/deepfake-ViT/test_data_v3/real/real__id53_0003__243.png,0
/Users/pickapu/Documents/PyCharmMiscProject/deepfake-ViT/test_data_v3/real/real__011__325.png,0
/Users/pickapu/Documents/PyCharmMiscProject/deepfake-ViT/test_data_v3/sadtalker/fake/sadtalker__sadtalker_id27_bGBamfWasNQ_50009_0002__000.png,1
/Users/pickapu/Documents/PyCharmMiscProject/deepfake-ViT/test_data_v3/sadtalker/fake/sadtalker__sadtalker_id22_8rZzHkpyPkc_50004_0006__000.png,1
/Users/pickapu/Documents/PyCharmMiscProject/deepfake-ViT/test_data_v3/sadtalker/fake/sadtalker__sadtalker_id21_0ZOqbO2jIKg_50012_0005__000.png,1
/Users/pickapu/Documents/PyCharmMiscProject/deepfake-ViT/test_data_v3/sadtalker/fake/sadtalker__sadtalker_id29_6xsvGYIxJok_50006_0000__000.png,1
/Users/pickapu/Documents/PyCharmMiscProject/deepfake-ViT/test_data_v3/real/real__00092__282.png,0
/Users/pickapu/Documents/PyCharmMiscProject/deepfake-ViT/test_data_v3/real/real__257__368.png,0
/Users/pickapu/Documents/PyCharmMiscProject/deepfake-ViT/test_data_v3/sadtalker/fake/sadtalker__sadtalker_id30_2R1lZSN4SSo_50011_0007__000.png,1
/Users/pickapu/Documents/PyCharmMiscProject/deepfake-ViT/test_data_v3/sadtalker/fake/sadtalker__sadtalker_id46_AyWtIwwEgS0_50006_0001__000.png,1
/Users/pickapu/Documents/PyCharmMiscProject/deepfake-ViT/test_data_v3/real/real__00193__181.png,0
/Users/pickapu/Documents/PyCharmMiscProject/deepfake-ViT/test_data_v3/real/real__522__367.png,0
/Users/pickapu/Documents/PyCharmMiscProject/deepfake-ViT/test_data_v3/real/real__134__178.png,0
/Users/pickapu/Documents/PyCharmMiscProject/deepfake-ViT/test_data_v3/sadtalker/fake/sadtalker__sadtalker_id32_6xsvGYIxJok_50006_0000__000.png,1
/Users/pickapu/Documents/PyCharmMiscProject/deepfake-ViT/test_data_v3/sadtalker/fake/sadtalker__sadtalker_id22_0ZOqbO2jIKg_50012_0005__000.png,1
/Users/pickapu/Documents/PyCharmMiscProject/deepfake-ViT/test_data_v3/real/real__684__256.png,0
/Users/pickapu/Documents/PyCharmMiscProject/deepfake-ViT/test_data_v3/sadtalker/fake/sadtalker__sadtalker_id27_5Walt8nPINM_50002_0007__000.png,1
/Users/pickapu/Documents/PyCharmMiscProject/deepfake-ViT/test_data_v3/real/real__660__174.png,0
/Users/pickapu/Documents/PyCharmMiscProject/deepfake-ViT/test_data_v3/sadtalker/fake/sadtalker__sadtalker_id50_0MYq1WJMmts_50002_0005__000.png,1
/Users/pickapu/Documents/PyCharmMiscProject/deepfake-ViT/test_data_v3/real/real__514__185.png,0
/Users/pickapu/Documents/PyCharmMiscProject/deepfake-ViT/test_data_v3/real/real__045__180.png,0
/Users/pickapu/Documents/PyCharmMiscProject/deepfake-ViT/test_data_v3/real/real__435__245.png,0
/Users/pickapu/Documents/PyCharmMiscProject/deepfake-ViT/test_data_v3/real/real__00269__163.png,0
/Users/pickapu/Documents/PyCharmMiscProject/deepfake-ViT/test_data_v3/real/real__457__272.png,0
/Users/pickapu/Documents/PyCharmMiscProject/deepfake-ViT/test_data_v3/sadtalker/fake/sadtalker__sadtalker_id6_8olL43PKJKw_50009_0005__000.png,1
/Users/pickapu/Documents/PyCharmMiscProject/deepfake-ViT/test_data_v3/sadtalker/fake/sadtalker__sadtalker_id21_bGBamfWasNQ_50009_0002__000.png,1
/Users/pickapu/Documents/PyCharmMiscProject/deepfake-ViT/test_data_v3/real/real__00252__160.png,0
/Users/pickapu/Documents/PyCharmMiscProject/deepfake-ViT/test_data_v3/sadtalker/fake/sadtalker__sadtalker_id30_AAsSqx2aLsA_50004_0006__000.png,1
/Users/pickapu/Documents/PyCharmMiscProject/deepfake-ViT/test_data_v3/sadtalker/fake/sadtalker__sadtalker_id19_3phTundagzQ_50011_0000__000.png,1
/Users/pickapu/Documents/PyCharmMiscProject/deepfake-ViT/test_data_v3/real/real__455__190.png,0
/Users/pickapu/Documents/PyCharmMiscProject/deepfake-ViT/test_data_v3/sadtalker/fake/sadtalker__sadtalker_id41_7Xnty9zSCrA_50004_0000__000.png,1
/Users/pickapu/Documents/PyCharmMiscProject/deepfake-ViT/test_data_v3/sadtalker/fake/sadtalker__sadtalker_id16_5qdZybHSLnI_50012_0007__000.png,1
/Users/pickapu/Documents/PyCharmMiscProject/deepfake-ViT/test_data_v3/real/real__00254__238.png,0
/Users/pickapu/Documents/PyCharmMiscProject/deepfake-ViT/test_data_v3/real/real__00272__163.png,0
/Users/pickapu/Documents/PyCharmMiscProject/deepfake-ViT/test_data_v3/sadtalker/fake/sadtalker__sadtalker_id17_2Yt6rajSS1M_50002_0000__000.png,1
/Users/pickapu/Documents/PyCharmMiscProject/deepfake-ViT/test_data_v3/sadtalker/fake/sadtalker__sadtalker_id28_4yyPSZSGLOI_50011_0009__000.png,1
/Users/pickapu/Documents/PyCharmMiscProject/deepfake-ViT/test_data_v3/real/real__725__360.png,0
/Users/pickapu/Documents/PyCharmMiscProject/deepfake-ViT/test_data_v3/real/real__989__494.png,0
/Users/pickapu/Documents/PyCharmMiscProject/deepfake-ViT/test_data_v3/real/real__844__439.png,0
/Users/pickapu/Documents/PyCharmMiscProject/deepfake-ViT/test_data_v3/real/real__546__368.png,0
/Users/pickapu/Documents/PyCharmMiscProject/deepfake-ViT/test_data_v3/real/real__405__273.png,0
/Users/pickapu/Documents/PyCharmMiscProject/deepfake-ViT/test_data_v3/sadtalker/fake/sadtalker__sadtalker_id10_cWcVPpxezE0_50033_0004__000.png,1
/Users/pickapu/Documents/PyCharmMiscProject/deepfake-ViT/test_data_v3/sadtalker/fake/sadtalker__sadtalker_id2_53P0aypkpXY_50017_0004__000.png,1
/Users/pickapu/Documents/PyCharmMiscProject/deepfake-ViT/test_data_v3/real/real__930__230.png,0
/Users/pickapu/Documents/PyCharmMiscProject/deepfake-ViT/test_data_v3/sadtalker/fake/sadtalker__sadtalker_id30_BoRUrWcdkQ4_50002_0001__000.png,1
/Users/pickapu/Documents/PyCharmMiscProject/deepfake-ViT/test_data_v3/sadtalker/fake/sadtalker__sadtalker_id10_3E46oWB4V0s_50005_0001__000.png,1
/Users/pickapu/Documents/PyCharmMiscProject/deepfake-ViT/test_data_v3/real/real__id52_0002__278.png,0
/Users/pickapu/Documents/PyCharmMiscProject/deepfake-ViT/test_data_v3/sadtalker/fake/sadtalker__sadtalker_id4_59SRn1SkWAA_50004_0002__000.png,1
/Users/pickapu/Documents/PyCharmMiscProject/deepfake-ViT/test_data_v3/real/real__00244__148.png,0
/Users/pickapu/Documents/PyCharmMiscProject/deepfake-ViT/test_data_v3/real/real__873__455.png,0
/Users/pickapu/Documents/PyCharmMiscProject/deepfake-ViT/test_data_v3/real/real__701__202.png,0
/Users/pickapu/Documents/PyCharmMiscProject/deepfake-ViT/test_data_v3/sadtalker/fake/sadtalker__sadtalker_id10_855Now8h5Rs_50024_0009__000.png,1
/Users/pickapu/Documents/PyCharmMiscProject/deepfake-ViT/test_data_v3/sadtalker/fake/sadtalker__sadtalker_id9_3E46oWB4V0s_50015_0000__000.png,1
/Users/pickapu/Documents/PyCharmMiscProject/deepfake-ViT/test_data_v3/sadtalker/fake/sadtalker__sadtalker_id20_3phTundagzQ_50011_0000__000.png,1
/Users/pickapu/Documents/PyCharmMiscProject/deepfake-ViT/test_data_v3/real/real__548__295.png,0
/Users/pickapu/Documents/PyCharmMiscProject/deepfake-ViT/test_data_v3/sadtalker/fake/sadtalker__sadtalker_id26_8meWY0W40OA_50016_0009__000.png,1
/Users/pickapu/Documents/PyCharmMiscProject/deepfake-ViT/test_data_v3/sadtalker/fake/sadtalker__sadtalker_id6_6gSwRHScq6M_50002_0007__000.png,1
/Users/pickapu/Documents/PyCharmMiscProject/deepfake-ViT/test_data_v3/sadtalker/fake/sadtalker__sadtalker_id30_3NzgEwye6Uk_50014_0006__000.png,1
/Users/pickapu/Documents/PyCharmMiscProject/deepfake-ViT/test_data_v3/real/real__325__274.png,0
/Users/pickapu/Documents/PyCharmMiscProject/deepfake-ViT/test_data_v3/real/real__664__150.png,0
/Users/pickapu/Documents/PyCharmMiscProject/deepfake-ViT/test_data_v3/real/real__944__176.png,0
/Users/pickapu/Documents/PyCharmMiscProject/deepfake-ViT/test_data_v3/real/real__677__161.png,0
/Users/pickapu/Documents/PyCharmMiscProject/deepfake-ViT/test_data_v3/real/real__404__411.png,0
/Users/pickapu/Documents/PyCharmMiscProject/deepfake-ViT/test_data_v3/sadtalker/fake/sadtalker__sadtalker_id12_CWCWq155hyc_50003_0001__000.png,1
/Users/pickapu/Documents/PyCharmMiscProject/deepfake-ViT/test_data_v3/sadtalker/fake/sadtalker__sadtalker_id20_70VZ1SOzSnc_50003_0006__000.png,1
/Users/pickapu/Documents/PyCharmMiscProject/deepfake-ViT/test_data_v3/real/real__693__306.png,0
/Users/pickapu/Documents/PyCharmMiscProject/deepfake-ViT/test_data_v3/sadtalker/fake/sadtalker__sadtalker_id1_0af00UcTOSc_50014_0004__000.png,1
/Users/pickapu/Documents/PyCharmMiscProject/deepfake-ViT/test_data_v3/sadtalker/fake/sadtalker__sadtalker_id2_AAkEYcmCCCk_50024_0002__000.png,1
/Users/pickapu/Documents/PyCharmMiscProject/deepfake-ViT/test_data_v3/real/real__649__479.png,0
/Users/pickapu/Documents/PyCharmMiscProject/deepfake-ViT/test_data_v3/sadtalker/fake/sadtalker__sadtalker_id16_9KaMufF0rAY_50009_0001__000.png,1
/Users/pickapu/Documents/PyCharmMiscProject/deepfake-ViT/test_data_v3/sadtalker/fake/sadtalker__sadtalker_id2_2ZviHInGBJQ_50005_0005__000.png,1
/Users/pickapu/Documents/PyCharmMiscProject/deepfake-ViT/test_data_v3/sadtalker/fake/sadtalker__sadtalker_id49_1QQ3gWmd20s_50001_0007__000.png,1
/Users/pickapu/Documents/PyCharmMiscProject/deepfake-ViT/test_data_v3/sadtalker/fake/sadtalker__sadtalker_id35_BnC6IABJXOI_50004_0006__000.png,1
/Users/pickapu/Documents/PyCharmMiscProject/deepfake-ViT/test_data_v3/real/real__521__156.png,0
/Users/pickapu/Documents/PyCharmMiscProject/deepfake-ViT/test_data_v3/sadtalker/fake/sadtalker__sadtalker_id23_7hFy02TSH4U_50010_0002__000.png,1
/Users/pickapu/Documents/PyCharmMiscProject/deepfake-ViT/test_data_v3/sadtalker/fake/sadtalker__sadtalker_id46_8Ug1MnU6LKw_50013_0000__000.png,1
/Users/pickapu/Documents/PyCharmMiscProject/deepfake-ViT/test_data_v3/real/real__406__263.png,0
/Users/pickapu/Documents/PyCharmMiscProject/deepfake-ViT/test_data_v3/sadtalker/fake/sadtalker__sadtalker_id2_bIiXsBVTfHc_50004_0002__000.png,1
/Users/pickapu/Documents/PyCharmMiscProject/deepfake-ViT/test_data_v3/real/real__id36_0008__238.png,0
/Users/pickapu/Documents/PyCharmMiscProject/deepfake-ViT/test_data_v3/real/real__222__209.png,0
/Users/pickapu/Documents/PyCharmMiscProject/deepfake-ViT/test_data_v3/sadtalker/fake/sadtalker__sadtalker_id26_ATISgVUKetI_50020_0002__000.png,1
/Users/pickapu/Documents/PyCharmMiscProject/deepfake-ViT/test_data_v3/real/real__668__204.png,0
/Users/pickapu/Documents/PyCharmMiscProject/deepfake-ViT/test_data_v3/sadtalker/fake/sadtalker__sadtalker_id16_Bp2FvktSTRM_50005_0001__000.png,1
/Users/pickapu/Documents/PyCharmMiscProject/deepfake-ViT/test_data_v3/sadtalker/fake/sadtalker__sadtalker_id45_dcwuBo4PvE0_50019_0008__000.png,1
/Users/pickapu/Documents/PyCharmMiscProject/deepfake-ViT/test_data_v3/real/real__495__295.png,0
/Users/pickapu/Documents/PyCharmMiscProject/deepfake-ViT/test_data_v3/real/real__id11_0006__162.png,0
/Users/pickapu/Documents/PyCharmMiscProject/deepfake-ViT/test_data_v3/real/real__959__248.png,0
/Users/pickapu/Documents/PyCharmMiscProject/deepfake-ViT/test_data_v3/sadtalker/fake/sadtalker__sadtalker_id9_BnC6IABJXOI_50001_0000__000.png,1
/Users/pickapu/Documents/PyCharmMiscProject/deepfake-ViT/test_data_v3/real/real__837__228.png,0
/Users/pickapu/Documents/PyCharmMiscProject/deepfake-ViT/test_data_v3/sadtalker/fake/sadtalker__sadtalker_id31_1oNlTrLIjU4_50002_0008__000.png,1
/Users/pickapu/Documents/PyCharmMiscProject/deepfake-ViT/test_data_v3/sadtalker/fake/sadtalker__sadtalker_id21_8COaMKbNrX0_50004_0005__000.png,1
/Users/pickapu/Documents/PyCharmMiscProject/deepfake-ViT/test_data_v3/real/real__id48_0003__161.png,0
/Users/pickapu/Documents/PyCharmMiscProject/deepfake-ViT/test_data_v3/sadtalker/fake/sadtalker__sadtalker_id6_Br1AIvMrvAE_50004_0006__000.png,1
/Users/pickapu/Documents/PyCharmMiscProject/deepfake-ViT/test_data_v3/real/real__996__160.png,0
/Users/pickapu/Documents/PyCharmMiscProject/deepfake-ViT/test_data_v3/real/real__id29_0008__231.png,0
/Users/pickapu/Documents/PyCharmMiscProject/deepfake-ViT/test_data_v3/sadtalker/fake/sadtalker__sadtalker_id9_8pHzROP1DSw_50011_0008__000.png,1
/Users/pickapu/Documents/PyCharmMiscProject/deepfake-ViT/test_data_v3/sadtalker/fake/sadtalker__sadtalker_id22_ALTvG9MIR64_50001_0005__000.png,1
/Users/pickapu/Documents/PyCharmMiscProject/deepfake-ViT/test_data_v3/real/real__00063__230.png,0
/Users/pickapu/Documents/PyCharmMiscProject/deepfake-ViT/test_data_v3/sadtalker/fake/sadtalker__sadtalker_id16_9VXOknUbzBM_50030_0000__000.png,1
/Users/pickapu/Documents/PyCharmMiscProject/deepfake-ViT/test_data_v3/sadtalker/fake/sadtalker__sadtalker_id56_0MYq1WJMmts_50002_0005__000.png,1
/Users/pickapu/Documents/PyCharmMiscProject/deepfake-ViT/test_data_v3/sadtalker/fake/sadtalker__sadtalker_id1_bJ8Kq1wucsk_50001_0005__000.png,1
/Users/pickapu/Documents/PyCharmMiscProject/deepfake-ViT/test_data_v3/real/real__287__244.png,0
/Users/pickapu/Documents/PyCharmMiscProject/deepfake-ViT/test_data_v3/sadtalker/fake/sadtalker__sadtalker_id55_6fJRmouSDL4_50008_0009__000.png,1
/Users/pickapu/Documents/PyCharmMiscProject/deepfake-ViT/test_data_v3/sadtalker/fake/sadtalker__sadtalker_id6_59SRn1SkWAA_50004_0002__000.png,1
/Users/pickapu/Documents/PyCharmMiscProject/deepfake-ViT/test_data_v3/real/real__200__370.png,0
/Users/pickapu/Documents/PyCharmMiscProject/deepfake-ViT/test_data_v3/sadtalker/fake/sadtalker__sadtalker_id0_2Yt6rajSS1M_50002_0000__000.png,1
/Users/pickapu/Documents/PyCharmMiscProject/deepfake-ViT/test_data_v3/real/real__921__152.png,0
/Users/pickapu/Documents/PyCharmMiscProject/deepfake-ViT/test_data_v3/real/real__412__294.png,0
/Users/pickapu/Documents/PyCharmMiscProject/deepfake-ViT/test_data_v3/real/real__022__167.png,0
/Users/pickapu/Documents/PyCharmMiscProject/deepfake-ViT/test_data_v3/real/real__568__293.png,0
/Users/pickapu/Documents/PyCharmMiscProject/deepfake-ViT/test_data_v3/real/real__398__299.png,0
/Users/pickapu/Documents/PyCharmMiscProject/deepfake-ViT/test_data_v3/sadtalker/fake/sadtalker__sadtalker_id4_AlsFSLXjVdw_50003_0006__000.png,1
/Users/pickapu/Documents/PyCharmMiscProject/deepfake-ViT/test_data_v3/real/real__993__210.png,0
/Users/pickapu/Documents/PyCharmMiscProject/deepfake-ViT/test_data_v3/sadtalker/fake/sadtalker__sadtalker_id20_7rMYfiRNT7g_50015_0008__000.png,1
/Users/pickapu/Documents/PyCharmMiscProject/deepfake-ViT/test_data_v3/real/real__166__389.png,0
/Users/pickapu/Documents/PyCharmMiscProject/deepfake-ViT/test_data_v3/sadtalker/fake/sadtalker__sadtalker_id30_CVdPhUPO5YU_50016_0006__000.png,1
/Users/pickapu/Documents/PyCharmMiscProject/deepfake-ViT/test_data_v3/sadtalker/fake/sadtalker__sadtalker_id26_796LfXwzIUk_50016_0006__000.png,1
/Users/pickapu/Documents/PyCharmMiscProject/deepfake-ViT/test_data_v3/sadtalker/fake/sadtalker__sadtalker_id21_7SRGn75JcZ8_50015_0008__000.png,1
/Users/pickapu/Documents/PyCharmMiscProject/deepfake-ViT/test_data_v3/sadtalker/fake/sadtalker__sadtalker_id28_7rMYfiRNT7g_50015_0008__000.png,1
/Users/pickapu/Documents/PyCharmMiscProject/deepfake-ViT/test_data_v3/real/real__095__486.png,0
/Users/pickapu/Documents/PyCharmMiscProject/deepfake-ViT/test_data_v3/sadtalker/fake/sadtalker__sadtalker_id9_cPL2FE7ZPTg_50012_0005__000.png,1
/Users/pickapu/Documents/PyCharmMiscProject/deepfake-ViT/test_data_v3/sadtalker/fake/sadtalker__sadtalker_id38_0MMSpsvqiG8_50006_0009__000.png,1
/Users/pickapu/Documents/PyCharmMiscProject/deepfake-ViT/test_data_v3/sadtalker/fake/sadtalker__sadtalker_id1_4SkoG9FWP4w_50003_0002__000.png,1
/Users/pickapu/Documents/PyCharmMiscProject/deepfake-ViT/test_data_v3/sadtalker/fake/sadtalker__sadtalker_id4_4sg9TlsMRVA_50009_0001__000.png,1
/Users/pickapu/Documents/PyCharmMiscProject/deepfake-ViT/test_data_v3/real/real__id19_0005__165.png,0
/Users/pickapu/Documents/PyCharmMiscProject/deepfake-ViT/test_data_v3/real/real__183__200.png,0
/Users/pickapu/Documents/PyCharmMiscProject/deepfake-ViT/test_data_v3/sadtalker/fake/sadtalker__sadtalker_id1_501FEzbB1JI_50016_0007__000.png,1
/Users/pickapu/Documents/PyCharmMiscProject/deepfake-ViT/test_data_v3/real/real__388__327.png,0
/Users/pickapu/Documents/PyCharmMiscProject/deepfake-ViT/test_data_v3/sadtalker/fake/sadtalker__sadtalker_id34_AGivotqSrd0_50005_0002__000.png,1
/Users/pickapu/Documents/PyCharmMiscProject/deepfake-ViT/test_data_v3/real/real__579__245.png,0
/Users/pickapu/Documents/PyCharmMiscProject/deepfake-ViT/test_data_v3/real/real__414__302.png,0
/Users/pickapu/Documents/PyCharmMiscProject/deepfake-ViT/test_data_v3/sadtalker/fake/sadtalker__sadtalker_id37_CiLnSGrcuEs_50009_0006__000.png,1
/Users/pickapu/Documents/PyCharmMiscProject/deepfake-ViT/test_data_v3/sadtalker/fake/sadtalker__sadtalker_id20_BoRUrWcdkQ4_50018_0007__000.png,1
/Users/pickapu/Documents/PyCharmMiscProject/deepfake-ViT/test_data_v3/real/real__069__398.png,0
/Users/pickapu/Documents/PyCharmMiscProject/deepfake-ViT/test_data_v3/sadtalker/fake/sadtalker__sadtalker_id16_CfmNXPMjChs_50010_0000__000.png,1
/Users/pickapu/Documents/PyCharmMiscProject/deepfake-ViT/test_data_v3/real/real__762__214.png,0
/Users/pickapu/Documents/PyCharmMiscProject/deepfake-ViT/test_data_v3/real/real__586__195.png,0
/Users/pickapu/Documents/PyCharmMiscProject/deepfake-ViT/test_data_v3/real/real__id44_0003__176.png,0
/Users/pickapu/Documents/PyCharmMiscProject/deepfake-ViT/test_data_v3/sadtalker/fake/sadtalker__sadtalker_id53_2dnSoGaEHxs_50005_0005__000.png,1
/Users/pickapu/Documents/PyCharmMiscProject/deepfake-ViT/test_data_v3/real/real__515__394.png,0
/Users/pickapu/Documents/PyCharmMiscProject/deepfake-ViT/test_data_v3/sadtalker/fake/sadtalker__sadtalker_id33_dcwuBo4PvE0_50001_0001__000.png,1
/Users/pickapu/Documents/PyCharmMiscProject/deepfake-ViT/test_data_v3/sadtalker/fake/sadtalker__sadtalker_id26_3icoSeGqQtY_50012_0005__000.png,1
/Users/pickapu/Documents/PyCharmMiscProject/deepfake-ViT/test_data_v3/real/real__194__292.png,0
/Users/pickapu/Documents/PyCharmMiscProject/deepfake-ViT/test_data_v3/real/real__471__278.png,0
/Users/pickapu/Documents/PyCharmMiscProject/deepfake-ViT/test_data_v3/real/real__931__164.png,0
/Users/pickapu/Documents/PyCharmMiscProject/deepfake-ViT/test_data_v3/real/real__669__251.png,0
/Users/pickapu/Documents/PyCharmMiscProject/deepfake-ViT/test_data_v3/sadtalker/fake/sadtalker__sadtalker_id3_cxGWGohIXiw_50003_0001__000.png,1
/Users/pickapu/Documents/PyCharmMiscProject/deepfake-ViT/test_data_v3/real/real__id39_0005__128.png,0
/Users/pickapu/Documents/PyCharmMiscProject/deepfake-ViT/test_data_v3/real/real__912__333.png,0
/Users/pickapu/Documents/PyCharmMiscProject/deepfake-ViT/test_data_v3/real/real__754__206.png,0
/Users/pickapu/Documents/PyCharmMiscProject/deepfake-ViT/test_data_v3/real/real__308__258.png,0
/Users/pickapu/Documents/PyCharmMiscProject/deepfake-ViT/test_data_v3/sadtalker/fake/sadtalker__sadtalker_id20_5Dn08yo9aiM_50006_0008__000.png,1
/Users/pickapu/Documents/PyCharmMiscProject/deepfake-ViT/test_data_v3/sadtalker/fake/sadtalker__sadtalker_id3_ATISgVUKetI_50009_0007__000.png,1
/Users/pickapu/Documents/PyCharmMiscProject/deepfake-ViT/test_data_v3/sadtalker/fake/sadtalker__sadtalker_id44_501FEzbB1JI_50009_0005__000.png,1
/Users/pickapu/Documents/PyCharmMiscProject/deepfake-ViT/test_data_v3/sadtalker/fake/sadtalker__sadtalker_id37_56WGgJNBRxQ_50025_0008__000.png,1
/Users/pickapu/Documents/PyCharmMiscProject/deepfake-ViT/test_data_v3/real/real__625__170.png,0
/Users/pickapu/Documents/PyCharmMiscProject/deepfake-ViT/test_data_v3/real/real__774__161.png,0
/Users/pickapu/Documents/PyCharmMiscProject/deepfake-ViT/test_data_v3/sadtalker/fake/sadtalker__sadtalker_id32_CMeRySbMXDU_50001_0007__000.png,1
/Users/pickapu/Documents/PyCharmMiscProject/deepfake-ViT/test_data_v3/real/real__278__231.png,0
/Users/pickapu/Documents/PyCharmMiscProject/deepfake-ViT/test_data_v3/sadtalker/fake/sadtalker__sadtalker_id7_b4sMMWJYUOs_50012_0007__000.png,1
/Users/pickapu/Documents/PyCharmMiscProject/deepfake-ViT/test_data_v3/real/real__520__180.png,0
/Users/pickapu/Documents/PyCharmMiscProject/deepfake-ViT/test_data_v3/sadtalker/fake/sadtalker__sadtalker_id20_3Z6x5t5A9so_50009_0000__000.png,1
/Users/pickapu/Documents/PyCharmMiscProject/deepfake-ViT/test_data_v3/sadtalker/fake/sadtalker__sadtalker_id39_dcwuBo4PvE0_50019_0008__000.png,1
/Users/pickapu/Documents/PyCharmMiscProject/deepfake-ViT/test_data_v3/sadtalker/fake/sadtalker__sadtalker_id0_CGksAjzI0go_50009_0008__000.png,1
/Users/pickapu/Documents/PyCharmMiscProject/deepfake-ViT/test_data_v3/real/real__554__426.png,0
/Users/pickapu/Documents/PyCharmMiscProject/deepfake-ViT/test_data_v3/sadtalker/fake/sadtalker__sadtalker_id7_1Gtc0ounD5I_50005_0009__000.png,1
/Users/pickapu/Documents/PyCharmMiscProject/deepfake-ViT/test_data_v3/real/real__171__278.png,0
/Users/pickapu/Documents/PyCharmMiscProject/deepfake-ViT/test_data_v3/sadtalker/fake/sadtalker__sadtalker_id51_8jkri0AeZWQ_50012_0000__000.png,1
/Users/pickapu/Documents/PyCharmMiscProject/deepfake-ViT/test_data_v3/real/real__357__178.png,0
/Users/pickapu/Documents/PyCharmMiscProject/deepfake-ViT/test_data_v3/sadtalker/fake/sadtalker__sadtalker_id28_8gSAkUOElsg_50019_0004__000.png,1
/Users/pickapu/Documents/PyCharmMiscProject/deepfake-ViT/test_data_v3/sadtalker/fake/sadtalker__sadtalker_id28_C74amJRp730_50008_0001__000.png,1
/Users/pickapu/Documents/PyCharmMiscProject/deepfake-ViT/test_data_v3/real/real__150__234.png,0
/Users/pickapu/Documents/PyCharmMiscProject/deepfake-ViT/test_data_v3/real/real__031__248.png,0
/Users/pickapu/Documents/PyCharmMiscProject/deepfake-ViT/test_data_v3/sadtalker/fake/sadtalker__sadtalker_id4_BoRUrWcdkQ4_50002_0001__000.png,1
/Users/pickapu/Documents/PyCharmMiscProject/deepfake-ViT/test_data_v3/sadtalker/fake/sadtalker__sadtalker_id42_4yyPSZSGLOI_50015_0001__000.png,1
/Users/pickapu/Documents/PyCharmMiscProject/deepfake-ViT/test_data_v3/sadtalker/fake/sadtalker__sadtalker_id16_4BwSMSCFdu0_50022_0010__000.png,1
/Users/pickapu/Documents/PyCharmMiscProject/deepfake-ViT/test_data_v3/real/real__id45_0003__161.png,0
/Users/pickapu/Documents/PyCharmMiscProject/deepfake-ViT/test_data_v3/real/real__892__160.png,0
/Users/pickapu/Documents/PyCharmMiscProject/deepfake-ViT/test_data_v3/real/real__id48_0000__173.png,0
/Users/pickapu/Documents/PyCharmMiscProject/deepfake-ViT/test_data_v3/real/real__id30_0007__234.png,0
/Users/pickapu/Documents/PyCharmMiscProject/deepfake-ViT/test_data_v3/real/real__613__213.png,0
/Users/pickapu/Documents/PyCharmMiscProject/deepfake-ViT/test_data_v3/real/real__00284__238.png,0
/Users/pickapu/Documents/PyCharmMiscProject/deepfake-ViT/test_data_v3/sadtalker/fake/sadtalker__sadtalker_id16_bxkslfQc0EA_50015_0003__000.png,1
/Users/pickapu/Documents/PyCharmMiscProject/deepfake-ViT/test_data_v3/real/real__id32_0008__243.png,0
/Users/pickapu/Documents/PyCharmMiscProject/deepfake-ViT/test_data_v3/real/real__049__185.png,0
/Users/pickapu/Documents/PyCharmMiscProject/deepfake-ViT/test_data_v3/real/real__676__265.png,0
/Users/pickapu/Documents/PyCharmMiscProject/deepfake-ViT/test_data_v3/real/real__00188__245.png,0
/Users/pickapu/Documents/PyCharmMiscProject/deepfake-ViT/test_data_v3/real/real__581__196.png,0
/Users/pickapu/Documents/PyCharmMiscProject/deepfake-ViT/test_data_v3/real/real__741__190.png,0
/Users/pickapu/Documents/PyCharmMiscProject/deepfake-ViT/test_data_v3/real/real__id32_0003__230.png,0
/Users/pickapu/Documents/PyCharmMiscProject/deepfake-ViT/test_data_v3/sadtalker/fake/sadtalker__sadtalker_id21_4oFGmxZ2nqE_50002_0000__000.png,1
/Users/pickapu/Documents/PyCharmMiscProject/deepfake-ViT/test_data_v3/sadtalker/fake/sadtalker__sadtalker_id9_7LE4MoJS2po_50005_0002__000.png,1
/Users/pickapu/Documents/PyCharmMiscProject/deepfake-ViT/test_data_v3/real/real__825__281.png,0
/Users/pickapu/Documents/PyCharmMiscProject/deepfake-ViT/test_data_v3/sadtalker/fake/sadtalker__sadtalker_id16_2tcEgqTWbxQ_50029_0006__000.png,1
/Users/pickapu/Documents/PyCharmMiscProject/deepfake-ViT/test_data_v3/real/real__444__225.png,0
/Users/pickapu/Documents/PyCharmMiscProject/deepfake-ViT/test_data_v3/real/real__232__295.png,0
/Users/pickapu/Documents/PyCharmMiscProject/deepfake-ViT/test_data_v3/real/real__890__175.png,0
/Users/pickapu/Documents/PyCharmMiscProject/deepfake-ViT/test_data_v3/sadtalker/fake/sadtalker__sadtalker_id28_289ZxBZdKvY_50007_0006__000.png,1
/Users/pickapu/Documents/PyCharmMiscProject/deepfake-ViT/test_data_v3/sadtalker/fake/sadtalker__sadtalker_id1_9SQYDFiWnSs_50008_0002__000.png,1
/Users/pickapu/Documents/PyCharmMiscProject/deepfake-ViT/test_data_v3/sadtalker/fake/sadtalker__sadtalker_id27_7SRGn75JcZ8_50015_0008__000.png,1
/Users/pickapu/Documents/PyCharmMiscProject/deepfake-ViT/test_data_v3/real/real__id27_0008__170.png,0
/Users/pickapu/Documents/PyCharmMiscProject/deepfake-ViT/test_data_v3/sadtalker/fake/sadtalker__sadtalker_id52_BPMrcY9z0nM_50033_0007__000.png,1
/Users/pickapu/Documents/PyCharmMiscProject/deepfake-ViT/test_data_v3/real/real__077__314.png,0
/Users/pickapu/Documents/PyCharmMiscProject/deepfake-ViT/test_data_v3/sadtalker/fake/sadtalker__sadtalker_id24_5nrn5fC001Q_50015_0004__000.png,1
/Users/pickapu/Documents/PyCharmMiscProject/deepfake-ViT/test_data_v3/sadtalker/fake/sadtalker__sadtalker_id16_4yyPSZSGLOI_50004_0001__000.png,1
/Users/pickapu/Documents/PyCharmMiscProject/deepfake-ViT/test_data_v3/sadtalker/fake/sadtalker__sadtalker_id4_by3NnWvSCj8_50008_0006__000.png,1
/Users/pickapu/Documents/PyCharmMiscProject/deepfake-ViT/test_data_v3/sadtalker/fake/sadtalker__sadtalker_id4_D03n5dAmBSE_50004_0007__000.png,1
/Users/pickapu/Documents/PyCharmMiscProject/deepfake-ViT/test_data_v3/real/real__317__351.png,0
/Users/pickapu/Documents/PyCharmMiscProject/deepfake-ViT/test_data_v3/sadtalker/fake/sadtalker__sadtalker_id4_8HplGZBS7FY_50005_0001__000.png,1
/Users/pickapu/Documents/PyCharmMiscProject/deepfake-ViT/test_data_v3/sadtalker/fake/sadtalker__sadtalker_id6_BPMrcY9z0nM_50018_0005__000.png,1
/Users/pickapu/Documents/PyCharmMiscProject/deepfake-ViT/test_data_v3/real/real__028__223.png,0
/Users/pickapu/Documents/PyCharmMiscProject/deepfake-ViT/test_data_v3/sadtalker/fake/sadtalker__sadtalker_id3_9VXOknUbzBM_50022_0001__000.png,1
/Users/pickapu/Documents/PyCharmMiscProject/deepfake-ViT/test_data_v3/sadtalker/fake/sadtalker__sadtalker_id52_6H6wKMYSiEU_50002_0003__000.png,1
/Users/pickapu/Documents/PyCharmMiscProject/deepfake-ViT/test_data_v3/real/real__559__171.png,0
/Users/pickapu/Documents/PyCharmMiscProject/deepfake-ViT/test_data_v3/real/real__395__230.png,0
/Users/pickapu/Documents/PyCharmMiscProject/deepfake-ViT/test_data_v3/sadtalker/fake/sadtalker__sadtalker_id25_ac1mOswXxLs_50014_0003__000.png,1
/Users/pickapu/Documents/PyCharmMiscProject/deepfake-ViT/test_data_v3/real/real__id11_0008__190.png,0
/Users/pickapu/Documents/PyCharmMiscProject/deepfake-ViT/test_data_v3/real/real__036__173.png,0
/Users/pickapu/Documents/PyCharmMiscProject/deepfake-ViT/test_data_v3/sadtalker/fake/sadtalker__sadtalker_id29_0ygtX2nyexo_50014_0008__000.png,1
/Users/pickapu/Documents/PyCharmMiscProject/deepfake-ViT/test_data_v3/sadtalker/fake/sadtalker__sadtalker_id19_3nsoNSLS8RQ_50002_0005__000.png,1
/Users/pickapu/Documents/PyCharmMiscProject/deepfake-ViT/test_data_v3/real/real__838__235.png,0
/Users/pickapu/Documents/PyCharmMiscProject/deepfake-ViT/test_data_v3/sadtalker/fake/sadtalker__sadtalker_id37_BnC6IABJXOI_50020_0009__000.png,1
/Users/pickapu/Documents/PyCharmMiscProject/deepfake-ViT/test_data_v3/real/real__646__226.png,0
/Users/pickapu/Documents/PyCharmMiscProject/deepfake-ViT/test_data_v3/real/real__423__1754.png,0
/Users/pickapu/Documents/PyCharmMiscProject/deepfake-ViT/test_data_v3/real/real__338__458.png,0
/Users/pickapu/Documents/PyCharmMiscProject/deepfake-ViT/test_data_v3/real/real__id13_0004__181.png,0
/Users/pickapu/Documents/PyCharmMiscProject/deepfake-ViT/test_data_v3/sadtalker/fake/sadtalker__sadtalker_id16_avuhY7D71sQ_50035_0011__000.png,1
/Users/pickapu/Documents/PyCharmMiscProject/deepfake-ViT/test_data_v3/real/real__984__174.png,0
/Users/pickapu/Documents/PyCharmMiscProject/deepfake-ViT/test_data_v3/real/real__599__204.png,0
/Users/pickapu/Documents/PyCharmMiscProject/deepfake-ViT/test_data_v3/real/real__id54_0007__294.png,0
/Users/pickapu/Documents/PyCharmMiscProject/deepfake-ViT/test_data_v3/real/real__349__242.png,0
/Users/pickapu/Documents/PyCharmMiscProject/deepfake-ViT/test_data_v3/real/real__721__299.png,0
/Users/pickapu/Documents/PyCharmMiscProject/deepfake-ViT/test_data_v3/real/real__002__357.png,0
/Users/pickapu/Documents/PyCharmMiscProject/deepfake-ViT/test_data_v3/real/real__id8_0009__182.png,0
/Users/pickapu/Documents/PyCharmMiscProject/deepfake-ViT/test_data_v3/sadtalker/fake/sadtalker__sadtalker_id58_2dnSoGaEHxs_50005_0005__000.png,1
/Users/pickapu/Documents/PyCharmMiscProject/deepfake-ViT/test_data_v3/sadtalker/fake/sadtalker__sadtalker_id9_9VXOknUbzBM_50022_0001__000.png,1
/Users/pickapu/Documents/PyCharmMiscProject/deepfake-ViT/test_data_v3/real/real__899__288.png,0
/Users/pickapu/Documents/PyCharmMiscProject/deepfake-ViT/test_data_v3/sadtalker/fake/sadtalker__sadtalker_id17_1TYPldG99dk_50002_0000__000.png,1
/Users/pickapu/Documents/PyCharmMiscProject/deepfake-ViT/test_data_v3/sadtalker/fake/sadtalker__sadtalker_id10_7DCofMA9eQA_50005_0004__000.png,1
/Users/pickapu/Documents/PyCharmMiscProject/deepfake-ViT/test_data_v3/sadtalker/fake/sadtalker__sadtalker_id0_4sg9TlsMRVA_50009_0001__000.png,1
/Users/pickapu/Documents/PyCharmMiscProject/deepfake-ViT/test_data_v3/sadtalker/fake/sadtalker__sadtalker_id10_CWCWq155hyc_50003_0001__106.png,1
/Users/pickapu/Documents/PyCharmMiscProject/deepfake-ViT/test_data_v3/sadtalker/fake/sadtalker__sadtalker_id6_D1QoyTmeAYw_50001_0006__000.png,1
/Users/pickapu/Documents/PyCharmMiscProject/deepfake-ViT/test_data_v3/sadtalker/fake/sadtalker__sadtalker_id51_1EHZAQmw2JA_50001_0008__000.png,1
/Users/pickapu/Documents/PyCharmMiscProject/deepfake-ViT/test_data_v3/sadtalker/fake/sadtalker__sadtalker_id6_90mj79GqWhc_50003_0005__000.png,1
/Users/pickapu/Documents/PyCharmMiscProject/deepfake-ViT/test_data_v3/sadtalker/fake/sadtalker__sadtalker_id34_aSJn0xD0TXs_50002_0008__000.png,1
/Users/pickapu/Documents/PyCharmMiscProject/deepfake-ViT/test_data_v3/real/real__284__248.png,0
/Users/pickapu/Documents/PyCharmMiscProject/deepfake-ViT/test_data_v3/real/real__739__156.png,0
/Users/pickapu/Documents/PyCharmMiscProject/deepfake-ViT/test_data_v3/real/real__527__176.png,0
/Users/pickapu/Documents/PyCharmMiscProject/deepfake-ViT/test_data_v3/real/real__657__281.png,0
/Users/pickapu/Documents/PyCharmMiscProject/deepfake-ViT/test_data_v3/sadtalker/fake/sadtalker__sadtalker_id28_66Smr600NjU_50001_0009__000.png,1
/Users/pickapu/Documents/PyCharmMiscProject/deepfake-ViT/test_data_v3/sadtalker/fake/sadtalker__sadtalker_id17_A3Vpjwye9Mw_50005_0007__000.png,1
/Users/pickapu/Documents/PyCharmMiscProject/deepfake-ViT/test_data_v3/sadtalker/fake/sadtalker__sadtalker_id21_8u9Wvz1edxI_50003_0008__000.png,1
/Users/pickapu/Documents/PyCharmMiscProject/deepfake-ViT/test_data_v3/sadtalker/fake/sadtalker__sadtalker_id35_5qdZybHSLnI_50012_0007__000.png,1
/Users/pickapu/Documents/PyCharmMiscProject/deepfake-ViT/test_data_v3/real/real__208__239.png,0
/Users/pickapu/Documents/PyCharmMiscProject/deepfake-ViT/test_data_v3/sadtalker/fake/sadtalker__sadtalker_id9_ARWBdfWpDyc_50001_0006__000.png,1
/Users/pickapu/Documents/PyCharmMiscProject/deepfake-ViT/test_data_v3/sadtalker/fake/sadtalker__sadtalker_id4_80USSKwX0iU_50001_0003__000.png,1
/Users/pickapu/Documents/PyCharmMiscProject/deepfake-ViT/test_data_v3/real/real__573__315.png,0
/Users/pickapu/Documents/PyCharmMiscProject/deepfake-ViT/test_data_v3/sadtalker/fake/sadtalker__sadtalker_id34_2tcEgqTWbxQ_50019_0002__000.png,1
/Users/pickapu/Documents/PyCharmMiscProject/deepfake-ViT/test_data_v3/sadtalker/fake/sadtalker__sadtalker_id30_3QZp6smeSQA_50008_0002__000.png,1
/Users/pickapu/Documents/PyCharmMiscProject/deepfake-ViT/test_data_v3/real/real__481__213.png,0
/Users/pickapu/Documents/PyCharmMiscProject/deepfake-ViT/test_data_v3/real/real__286__344.png,0
/Users/pickapu/Documents/PyCharmMiscProject/deepfake-ViT/test_data_v3/real/real__539__161.png,0
/Users/pickapu/Documents/PyCharmMiscProject/deepfake-ViT/test_data_v3/sadtalker/fake/sadtalker__sadtalker_id16_4BwSMSCFdu0_50004_0000__000.png,1
/Users/pickapu/Documents/PyCharmMiscProject/deepfake-ViT/test_data_v3/sadtalker/fake/sadtalker__sadtalker_id3_BMOjVYgYaG8_50007_0001__000.png,1
/Users/pickapu/Documents/PyCharmMiscProject/deepfake-ViT/test_data_v3/real/real__582__221.png,0
/Users/pickapu/Documents/PyCharmMiscProject/deepfake-ViT/test_data_v3/real/real__542__164.png,0
/Users/pickapu/Documents/PyCharmMiscProject/deepfake-ViT/test_data_v3/sadtalker/fake/sadtalker__sadtalker_id46_7Xnty9zSCrA_50004_0000__000.png,1
/Users/pickapu/Documents/PyCharmMiscProject/deepfake-ViT/test_data_v3/sadtalker/fake/sadtalker__sadtalker_id0_bRCo1Wxksfg_50001_0007__000.png,1
/Users/pickapu/Documents/PyCharmMiscProject/deepfake-ViT/test_data_v3/real/real__904__184.png,0
/Users/pickapu/Documents/PyCharmMiscProject/deepfake-ViT/test_data_v3/sadtalker/fake/sadtalker__sadtalker_id19_5qdZybHSLnI_50011_0001__000.png,1
/Users/pickapu/Documents/PyCharmMiscProject/deepfake-ViT/test_data_v3/sadtalker/fake/sadtalker__sadtalker_id16_dcwuBo4PvE0_50010_0011__000.png,1
/Users/pickapu/Documents/PyCharmMiscProject/deepfake-ViT/test_data_v3/real/real__305__434.png,0
/Users/pickapu/Documents/PyCharmMiscProject/deepfake-ViT/test_data_v3/real/real__963__356.png,0
/Users/pickapu/Documents/PyCharmMiscProject/deepfake-ViT/test_data_v3/sadtalker/fake/sadtalker__sadtalker_id43_aL00a3sfnYM_50001_0007__000.png,1
/Users/pickapu/Documents/PyCharmMiscProject/deepfake-ViT/test_data_v3/real/real__537__198.png,0
/Users/pickapu/Documents/PyCharmMiscProject/deepfake-ViT/test_data_v3/sadtalker/fake/sadtalker__sadtalker_id26_bGBamfWasNQ_50010_0004__000.png,1
/Users/pickapu/Documents/PyCharmMiscProject/deepfake-ViT/test_data_v3/real/real__389__161.png,0
/Users/pickapu/Documents/PyCharmMiscProject/deepfake-ViT/test_data_v3/real/real__402__217.png,0
/Users/pickapu/Documents/PyCharmMiscProject/deepfake-ViT/test_data_v3/sadtalker/fake/sadtalker__sadtalker_id35_9XFeW9dgyIs_50002_0005__000.png,1
/Users/pickapu/Documents/PyCharmMiscProject/deepfake-ViT/test_data_v3/real/real__878__379.png,0
/Users/pickapu/Documents/PyCharmMiscProject/deepfake-ViT/test_data_v3/sadtalker/fake/sadtalker__sadtalker_id19_DajRM7VyeZ4_50005_0000__000.png,1
/Users/pickapu/Documents/PyCharmMiscProject/deepfake-ViT/test_data_v3/real/real__252__294.png,0
/Users/pickapu/Documents/PyCharmMiscProject/deepfake-ViT/test_data_v3/real/real__239__302.png,0
/Users/pickapu/Documents/PyCharmMiscProject/deepfake-ViT/test_data_v3/sadtalker/fake/sadtalker__sadtalker_id37_5LgCl7ZyYGs_50003_0008__000.png,1
/Users/pickapu/Documents/PyCharmMiscProject/deepfake-ViT/test_data_v3/real/real__830__263.png,0
/Users/pickapu/Documents/PyCharmMiscProject/deepfake-ViT/test_data_v3/real/real__id53_0000__243.png,0
/Users/pickapu/Documents/PyCharmMiscProject/deepfake-ViT/test_data_v3/sadtalker/fake/sadtalker__sadtalker_id28_5vXRgT6egSU_50002_0001__000.png,1
/Users/pickapu/Documents/PyCharmMiscProject/deepfake-ViT/test_data_v3/sadtalker/fake/sadtalker__sadtalker_id21_6vLrreR6YOE_50004_0006__000.png,1
/Users/pickapu/Documents/PyCharmMiscProject/deepfake-ViT/test_data_v3/real/real__524__271.png,0
/Users/pickapu/Documents/PyCharmMiscProject/deepfake-ViT/test_data_v3/real/real__962__236.png,0
/Users/pickapu/Documents/PyCharmMiscProject/deepfake-ViT/test_data_v3/sadtalker/fake/sadtalker__sadtalker_id35_CLSSiaFuLo4_50020_0001__000.png,1
/Users/pickapu/Documents/PyCharmMiscProject/deepfake-ViT/test_data_v3/real/real__id43_0002__172.png,0
/Users/pickapu/Documents/PyCharmMiscProject/deepfake-ViT/test_data_v3/real/real__898__179.png,0
/Users/pickapu/Documents/PyCharmMiscProject/deepfake-ViT/test_data_v3/real/real__000__203.png,0
/Users/pickapu/Documents/PyCharmMiscProject/deepfake-ViT/test_data_v3/sadtalker/fake/sadtalker__sadtalker_id32_bfAzi6D5FpM_50001_0007__000.png,1
/Users/pickapu/Documents/PyCharmMiscProject/deepfake-ViT/test_data_v3/real/real__749__357.png,0
/Users/pickapu/Documents/PyCharmMiscProject/deepfake-ViT/test_data_v3/sadtalker/fake/sadtalker__sadtalker_id8_3sUWSDHOVn0_50013_0002__000.png,1
/Users/pickapu/Documents/PyCharmMiscProject/deepfake-ViT/test_data_v3/real/real__441__156.png,0
/Users/pickapu/Documents/PyCharmMiscProject/deepfake-ViT/test_data_v3/sadtalker/fake/sadtalker__sadtalker_id28_bSiGZPtWXzE_50019_0004__000.png,1
/Users/pickapu/Documents/PyCharmMiscProject/deepfake-ViT/test_data_v3/real/real__063__479.png,0
/Users/pickapu/Documents/PyCharmMiscProject/deepfake-ViT/test_data_v3/sadtalker/fake/sadtalker__sadtalker_id35_501FEzbB1JI_50015_0007__000.png,1
/Users/pickapu/Documents/PyCharmMiscProject/deepfake-ViT/test_data_v3/sadtalker/fake/sadtalker__sadtalker_id1_BjclkhNAO0s_50003_0002__000.png,1
/Users/pickapu/Documents/PyCharmMiscProject/deepfake-ViT/test_data_v3/sadtalker/fake/sadtalker__sadtalker_id28_415VX3QX4cU_50007_0000__000.png,1
/Users/pickapu/Documents/PyCharmMiscProject/deepfake-ViT/test_data_v3/sadtalker/fake/sadtalker__sadtalker_id51_ATISgVUKetI_50007_0000__000.png,1
/Users/pickapu/Documents/PyCharmMiscProject/deepfake-ViT/test_data_v3/sadtalker/fake/sadtalker__sadtalker_id2_5nrn5fC001Q_50002_0000__000.png,1
/Users/pickapu/Documents/PyCharmMiscProject/deepfake-ViT/test_data_v3/real/real__667__241.png,0
/Users/pickapu/Documents/PyCharmMiscProject/deepfake-ViT/test_data_v3/real/real__717__192.png,0
/Users/pickapu/Documents/PyCharmMiscProject/deepfake-ViT/test_data_v3/real/real__387__272.png,0
/Users/pickapu/Documents/PyCharmMiscProject/deepfake-ViT/test_data_v3/real/real__id3_0001__195.png,0
/Users/pickapu/Documents/PyCharmMiscProject/deepfake-ViT/test_data_v3/sadtalker/fake/sadtalker__sadtalker_id17_5nrn5fC001Q_50002_0000__000.png,1
/Users/pickapu/Documents/PyCharmMiscProject/deepfake-ViT/test_data_v3/real/real__id10_0007__242.png,0
/Users/pickapu/Documents/PyCharmMiscProject/deepfake-ViT/test_data_v3/sadtalker/fake/sadtalker__sadtalker_id58_2tCcoSRZqVY_50001_0005__000.png,1
/Users/pickapu/Documents/PyCharmMiscProject/deepfake-ViT/test_data_v3/real/real__917__230.png,0
/Users/pickapu/Documents/PyCharmMiscProject/deepfake-ViT/test_data_v3/sadtalker/fake/sadtalker__sadtalker_id28_4ZgwzSm7sRs_50018_0005__000.png,1
/Users/pickapu/Documents/PyCharmMiscProject/deepfake-ViT/test_data_v3/real/real__807__334.png,0
/Users/pickapu/Documents/PyCharmMiscProject/deepfake-ViT/test_data_v3/real/real__750__227.png,0
/Users/pickapu/Documents/PyCharmMiscProject/deepfake-ViT/test_data_v3/real/real__896__273.png,0
/Users/pickapu/Documents/PyCharmMiscProject/deepfake-ViT/test_data_v3/real/real__415__290.png,0
/Users/pickapu/Documents/PyCharmMiscProject/deepfake-ViT/test_data_v3/sadtalker/fake/sadtalker__sadtalker_id10_5OISkgjSjkA_50015_0004__000.png,1
/Users/pickapu/Documents/PyCharmMiscProject/deepfake-ViT/test_data_v3/real/real__729__327.png,0
/Users/pickapu/Documents/PyCharmMiscProject/deepfake-ViT/test_data_v3/sadtalker/fake/sadtalker__sadtalker_id19_2j00U6lUCSc_50009_0002__000.png,1
/Users/pickapu/Documents/PyCharmMiscProject/deepfake-ViT/test_data_v3/sadtalker/fake/sadtalker__sadtalker_id34_7Iv2nZnZOrM_50020_0003__000.png,1
/Users/pickapu/Documents/PyCharmMiscProject/deepfake-ViT/test_data_v3/real/real__501__268.png,0
/Users/pickapu/Documents/PyCharmMiscProject/deepfake-ViT/test_data_v3/real/real__942__254.png,0
/Users/pickapu/Documents/PyCharmMiscProject/deepfake-ViT/test_data_v3/sadtalker/fake/sadtalker__sadtalker_id7_56WGgJNBRxQ_50006_0009__000.png,1
/Users/pickapu/Documents/PyCharmMiscProject/deepfake-ViT/test_data_v3/real/real__911__169.png,0
/Users/pickapu/Documents/PyCharmMiscProject/deepfake-ViT/test_data_v3/sadtalker/fake/sadtalker__sadtalker_id3_8HplGZBS7FY_50005_0001__000.png,1
/Users/pickapu/Documents/PyCharmMiscProject/deepfake-ViT/test_data_v3/real/real__473__295.png,0
/Users/pickapu/Documents/PyCharmMiscProject/deepfake-ViT/test_data_v3/sadtalker/fake/sadtalker__sadtalker_id55_8b2vNkEtfpc_50012_0002__000.png,1
/Users/pickapu/Documents/PyCharmMiscProject/deepfake-ViT/test_data_v3/real/real__465__169.png,0
/Users/pickapu/Documents/PyCharmMiscProject/deepfake-ViT/test_data_v3/real/real__253__258.png,0
/Users/pickapu/Documents/PyCharmMiscProject/deepfake-ViT/test_data_v3/sadtalker/fake/sadtalker__sadtalker_id37_7SRGn75JcZ8_50007_0004__000.png,1
/Users/pickapu/Documents/PyCharmMiscProject/deepfake-ViT/test_data_v3/real/real__615__232.png,0
/Users/pickapu/Documents/PyCharmMiscProject/deepfake-ViT/test_data_v3/sadtalker/fake/sadtalker__sadtalker_id39_7n9IOH0NvyY_50001_0004__000.png,1
/Users/pickapu/Documents/PyCharmMiscProject/deepfake-ViT/test_data_v3/sadtalker/fake/sadtalker__sadtalker_id6_4mJ1aHFPS1M_50009_0000__000.png,1
/Users/pickapu/Documents/PyCharmMiscProject/deepfake-ViT/test_data_v3/sadtalker/fake/sadtalker__sadtalker_id3_8gSAkUOElsg_50019_0004__000.png,1
/Users/pickapu/Documents/PyCharmMiscProject/deepfake-ViT/test_data_v3/real/real__225__156.png,0
/Users/pickapu/Documents/PyCharmMiscProject/deepfake-ViT/test_data_v3/real/real__612__216.png,0
/Users/pickapu/Documents/PyCharmMiscProject/deepfake-ViT/test_data_v3/sadtalker/fake/sadtalker__sadtalker_id6_8COaMKbNrX0_50004_0005__000.png,1
/Users/pickapu/Documents/PyCharmMiscProject/deepfake-ViT/test_data_v3/sadtalker/fake/sadtalker__sadtalker_id30_48oiapTn3K0_50005_0009__000.png,1
/Users/pickapu/Documents/PyCharmMiscProject/deepfake-ViT/test_data_v3/sadtalker/fake/sadtalker__sadtalker_id26_9EVEmZ2cSes_50018_0003__000.png,1
/Users/pickapu/Documents/PyCharmMiscProject/deepfake-ViT/test_data_v3/sadtalker/fake/sadtalker__sadtalker_id20_BSxI3YxAPW4_50014_0006__000.png,1
/Users/pickapu/Documents/PyCharmMiscProject/deepfake-ViT/test_data_v3/real/real__798__190.png,0
/Users/pickapu/Documents/PyCharmMiscProject/deepfake-ViT/test_data_v3/real/real__159__167.png,0
/Users/pickapu/Documents/PyCharmMiscProject/deepfake-ViT/test_data_v3/real/real__00207__060.png,0
/Users/pickapu/Documents/PyCharmMiscProject/deepfake-ViT/test_data_v3/sadtalker/fake/sadtalker__sadtalker_id16_cMhPOiuDzBc_50003_0011__000.png,1
/Users/pickapu/Documents/PyCharmMiscProject/deepfake-ViT/test_data_v3/real/real__608__388.png,0
/Users/pickapu/Documents/PyCharmMiscProject/deepfake-ViT/test_data_v3/sadtalker/fake/sadtalker__sadtalker_id23_2TDLN61HKKc_50005_0008__000.png,1
/Users/pickapu/Documents/PyCharmMiscProject/deepfake-ViT/test_data_v3/sadtalker/fake/sadtalker__sadtalker_id3_79tRTivyMSM_50009_0006__000.png,1
/Users/pickapu/Documents/PyCharmMiscProject/deepfake-ViT/test_data_v3/real/real__277__498.png,0
/Users/pickapu/Documents/PyCharmMiscProject/deepfake-ViT/test_data_v3/sadtalker/fake/sadtalker__sadtalker_id26_6Af5tJzSR2w_50006_0009__000.png,1
/Users/pickapu/Documents/PyCharmMiscProject/deepfake-ViT/test_data_v3/sadtalker/fake/sadtalker__sadtalker_id1_cWYcXhMhJF4_50015_0002__000.png,1
/Users/pickapu/Documents/PyCharmMiscProject/deepfake-ViT/test_data_v3/real/real__295__211.png,0
/Users/pickapu/Documents/PyCharmMiscProject/deepfake-ViT/test_data_v3/sadtalker/fake/sadtalker__sadtalker_id37_0MMSpsvqiG8_50006_0009__000.png,1
/Users/pickapu/Documents/PyCharmMiscProject/deepfake-ViT/test_data_v3/sadtalker/fake/sadtalker__sadtalker_id40_4yyPSZSGLOI_50015_0001__000.png,1
/Users/pickapu/Documents/PyCharmMiscProject/deepfake-ViT/test_data_v3/sadtalker/fake/sadtalker__sadtalker_id28_25onkAGt3Gs_50007_0002__000.png,1
/Users/pickapu/Documents/PyCharmMiscProject/deepfake-ViT/test_data_v3/real/real__00265__240.png,0
/Users/pickapu/Documents/PyCharmMiscProject/deepfake-ViT/test_data_v3/real/real__866__262.png,0
/Users/pickapu/Documents/PyCharmMiscProject/deepfake-ViT/test_data_v3/real/real__337__170.png,0
/Users/pickapu/Documents/PyCharmMiscProject/deepfake-ViT/test_data_v3/real/real__682__497.png,0
/Users/pickapu/Documents/PyCharmMiscProject/deepfake-ViT/test_data_v3/real/real__971__182.png,0
/Users/pickapu/Documents/PyCharmMiscProject/deepfake-ViT/test_data_v3/sadtalker/fake/sadtalker__sadtalker_id21_ARWBdfWpDyc_50003_0004__000.png,1
/Users/pickapu/Documents/PyCharmMiscProject/deepfake-ViT/test_data_v3/real/real__299__161.png,0
/Users/pickapu/Documents/PyCharmMiscProject/deepfake-ViT/test_data_v3/sadtalker/fake/sadtalker__sadtalker_id48_6Af5tJzSR2w_50008_0001__000.png,1
/Users/pickapu/Documents/PyCharmMiscProject/deepfake-ViT/test_data_v3/real/real__531__153.png,0
/Users/pickapu/Documents/PyCharmMiscProject/deepfake-ViT/test_data_v3/sadtalker/fake/sadtalker__sadtalker_id16_bRCo1Wxksfg_50001_0007__000.png,1
/Users/pickapu/Documents/PyCharmMiscProject/deepfake-ViT/test_data_v3/real/real__392__241.png,0
/Users/pickapu/Documents/PyCharmMiscProject/deepfake-ViT/test_data_v3/sadtalker/fake/sadtalker__sadtalker_id2_7CmqNpCofc8_50005_0007__000.png,1
/Users/pickapu/Documents/PyCharmMiscProject/deepfake-ViT/test_data_v3/real/real__965__179.png,0
/Users/pickapu/Documents/PyCharmMiscProject/deepfake-ViT/test_data_v3/real/real__id32_0006__238.png,0
/Users/pickapu/Documents/PyCharmMiscProject/deepfake-ViT/test_data_v3/real/real__727__285.png,0
/Users/pickapu/Documents/PyCharmMiscProject/deepfake-ViT/test_data_v3/sadtalker/fake/sadtalker__sadtalker_id37_9SQYDFiWnSs_50008_0002__000.png,1
/Users/pickapu/Documents/PyCharmMiscProject/deepfake-ViT/test_data_v3/sadtalker/fake/sadtalker__sadtalker_id37_btItLAjT5zg_50014_0002__000.png,1
/Users/pickapu/Documents/PyCharmMiscProject/deepfake-ViT/test_data_v3/sadtalker/fake/sadtalker__sadtalker_id29_cWcVPpxezE0_50013_0005__000.png,1
/Users/pickapu/Documents/PyCharmMiscProject/deepfake-ViT/test_data_v3/real/real__id51_0006__237.png,0
/Users/pickapu/Documents/PyCharmMiscProject/deepfake-ViT/test_data_v3/sadtalker/fake/sadtalker__sadtalker_id21_5nrn5fC001Q_50006_0005__000.png,1
/Users/pickapu/Documents/PyCharmMiscProject/deepfake-ViT/test_data_v3/real/real__789__292.png,0
/Users/pickapu/Documents/PyCharmMiscProject/deepfake-ViT/test_data_v3/real/real__817__215.png,0
/Users/pickapu/Documents/PyCharmMiscProject/deepfake-ViT/test_data_v3/real/real__234__272.png,0
/Users/pickapu/Documents/PyCharmMiscProject/deepfake-ViT/test_data_v3/real/real__381__297.png,0
/Users/pickapu/Documents/PyCharmMiscProject/deepfake-ViT/test_data_v3/real/real__098__153.png,0
/Users/pickapu/Documents/PyCharmMiscProject/deepfake-ViT/test_data_v3/real/real__532__201.png,0
/Users/pickapu/Documents/PyCharmMiscProject/deepfake-ViT/test_data_v3/real/real__403__364.png,0
/Users/pickapu/Documents/PyCharmMiscProject/deepfake-ViT/test_data_v3/real/real__443__443.png,0
/Users/pickapu/Documents/PyCharmMiscProject/deepfake-ViT/test_data_v3/sadtalker/fake/sadtalker__sadtalker_id24_3E46oWB4V0s_50007_0006__000.png,1
/Users/pickapu/Documents/PyCharmMiscProject/deepfake-ViT/test_data_v3/real/real__285__197.png,0
/Users/pickapu/Documents/PyCharmMiscProject/deepfake-ViT/test_data_v3/sadtalker/fake/sadtalker__sadtalker_id57_1Yz7Snu6pnI_50006_0004__000.png,1
/Users/pickapu/Documents/PyCharmMiscProject/deepfake-ViT/test_data_v3/real/real__644__212.png,0
/Users/pickapu/Documents/PyCharmMiscProject/deepfake-ViT/test_data_v3/sadtalker/fake/sadtalker__sadtalker_id30_A71OktxTPac_50009_0004__000.png,1
/Users/pickapu/Documents/PyCharmMiscProject/deepfake-ViT/test_data_v3/real/real__894__168.png,0
/Users/pickapu/Documents/PyCharmMiscProject/deepfake-ViT/test_data_v3/real/real__230__191.png,0
/Users/pickapu/Documents/PyCharmMiscProject/deepfake-ViT/test_data_v3/real/real__id21_0009__164.png,0
/Users/pickapu/Documents/PyCharmMiscProject/deepfake-ViT/test_data_v3/real/real__636__172.png,0
/Users/pickapu/Documents/PyCharmMiscProject/deepfake-ViT/test_data_v3/real/real__632__219.png,0
/Users/pickapu/Documents/PyCharmMiscProject/deepfake-ViT/test_data_v3/sadtalker/fake/sadtalker__sadtalker_id57_5Walt8nPINM_50006_0008__000.png,1
/Users/pickapu/Documents/PyCharmMiscProject/deepfake-ViT/test_data_v3/sadtalker/fake/sadtalker__sadtalker_id17_cWcVPpxezE0_50015_0000__000.png,1
/Users/pickapu/Documents/PyCharmMiscProject/deepfake-ViT/test_data_v3/sadtalker/fake/sadtalker__sadtalker_id16_1BfMMoLYMlg_50003_0011__000.png,1
/Users/pickapu/Documents/PyCharmMiscProject/deepfake-ViT/test_data_v3/real/real__id37_0005__235.png,0
/Users/pickapu/Documents/PyCharmMiscProject/deepfake-ViT/test_data_v3/sadtalker/fake/sadtalker__sadtalker_id28_CLSSiaFuLo4_50021_0000__000.png,1
/Users/pickapu/Documents/PyCharmMiscProject/deepfake-ViT/test_data_v3/real/real__041__179.png,0
/Users/pickapu/Documents/PyCharmMiscProject/deepfake-ViT/test_data_v3/real/real__346__316.png,0
/Users/pickapu/Documents/PyCharmMiscProject/deepfake-ViT/test_data_v3/sadtalker/fake/sadtalker__sadtalker_id56_ATISgVUKetI_50007_0000__000.png,1
/Users/pickapu/Documents/PyCharmMiscProject/deepfake-ViT/test_data_v3/sadtalker/fake/sadtalker__sadtalker_id35_8olL43PKJKw_50003_0009__000.png,1
/Users/pickapu/Documents/PyCharmMiscProject/deepfake-ViT/test_data_v3/real/real__156__266.png,0
/Users/pickapu/Documents/PyCharmMiscProject/deepfake-ViT/test_data_v3/real/real__723__376.png,0
/Users/pickapu/Documents/PyCharmMiscProject/deepfake-ViT/test_data_v3/sadtalker/fake/sadtalker__sadtalker_id0_1YO1FmVAPrA_50009_0000__000.png,1
/Users/pickapu/Documents/PyCharmMiscProject/deepfake-ViT/test_data_v3/real/real__927__359.png,0
/Users/pickapu/Documents/PyCharmMiscProject/deepfake-ViT/test_data_v3/sadtalker/fake/sadtalker__sadtalker_id39_8Ug1MnU6LKw_50013_0000__000.png,1
/Users/pickapu/Documents/PyCharmMiscProject/deepfake-ViT/test_data_v3/sadtalker/fake/sadtalker__sadtalker_id0_BPMrcY9z0nM_50004_0000__000.png,1
/Users/pickapu/Documents/PyCharmMiscProject/deepfake-ViT/test_data_v3/real/real__148__244.png,0
/Users/pickapu/Documents/PyCharmMiscProject/deepfake-ViT/test_data_v3/real/real__id37_0004__190.png,0
/Users/pickapu/Documents/PyCharmMiscProject/deepfake-ViT/test_data_v3/sadtalker/fake/sadtalker__sadtalker_id28_9y7YEmyzSDo_50010_0009__000.png,1
/Users/pickapu/Documents/PyCharmMiscProject/deepfake-ViT/test_data_v3/sadtalker/fake/sadtalker__sadtalker_id16_0ygtX2nyexo_50029_0004__000.png,1
/Users/pickapu/Documents/PyCharmMiscProject/deepfake-ViT/test_data_v3/sadtalker/fake/sadtalker__sadtalker_id21_bxkslfQc0EA_50014_0009__000.png,1
/Users/pickapu/Documents/PyCharmMiscProject/deepfake-ViT/test_data_v3/sadtalker/fake/sadtalker__sadtalker_id25_bq39x2HWjNk_50003_0003__000.png,1
/Users/pickapu/Documents/PyCharmMiscProject/deepfake-ViT/test_data_v3/sadtalker/fake/sadtalker__sadtalker_id20_7LE4MoJS2po_50005_0002__000.png,1
/Users/pickapu/Documents/PyCharmMiscProject/deepfake-ViT/test_data_v3/real/real__327__254.png,0
/Users/pickapu/Documents/PyCharmMiscProject/deepfake-ViT/test_data_v3/sadtalker/fake/sadtalker__sadtalker_id7_AvtStbwMQqs_50009_0006__000.png,1
/Users/pickapu/Documents/PyCharmMiscProject/deepfake-ViT/test_data_v3/real/real__778__168.png,0
/Users/pickapu/Documents/PyCharmMiscProject/deepfake-ViT/test_data_v3/real/real__421__468.png,0
/Users/pickapu/Documents/PyCharmMiscProject/deepfake-ViT/test_data_v3/sadtalker/fake/sadtalker__sadtalker_id50_aEjUlH7bNDo_50011_0000__000.png,1
/Users/pickapu/Documents/PyCharmMiscProject/deepfake-ViT/test_data_v3/real/real__170__259.png,0
/Users/pickapu/Documents/PyCharmMiscProject/deepfake-ViT/test_data_v3/sadtalker/fake/sadtalker__sadtalker_id21_3E46oWB4V0s_50007_0006__000.png,1
/Users/pickapu/Documents/PyCharmMiscProject/deepfake-ViT/test_data_v3/sadtalker/fake/sadtalker__sadtalker_id23_CK5w3wh4GSM_50003_0009__000.png,1
/Users/pickapu/Documents/PyCharmMiscProject/deepfake-ViT/test_data_v3/sadtalker/fake/sadtalker__sadtalker_id33_AGivotqSrd0_50005_0002__000.png,1
/Users/pickapu/Documents/PyCharmMiscProject/deepfake-ViT/test_data_v3/real/real__244__286.png,0
/Users/pickapu/Documents/PyCharmMiscProject/deepfake-ViT/test_data_v3/real/real__id35_0000__250.png,0
/Users/pickapu/Documents/PyCharmMiscProject/deepfake-ViT/test_data_v3/real/real__00061__212.png,0
/Users/pickapu/Documents/PyCharmMiscProject/deepfake-ViT/test_data_v3/real/real__00260__162.png,0
/Users/pickapu/Documents/PyCharmMiscProject/deepfake-ViT/test_data_v3/real/real__072__160.png,0
/Users/pickapu/Documents/PyCharmMiscProject/deepfake-ViT/test_data_v3/sadtalker/fake/sadtalker__sadtalker_id16_53P0aypkpXY_50017_0004__000.png,1
/Users/pickapu/Documents/PyCharmMiscProject/deepfake-ViT/test_data_v3/sadtalker/fake/sadtalker__sadtalker_id7_5nrn5fC001Q_50016_0008__000.png,1
/Users/pickapu/Documents/PyCharmMiscProject/deepfake-ViT/test_data_v3/real/real__076__169.png,0
/Users/pickapu/Documents/PyCharmMiscProject/deepfake-ViT/test_data_v3/real/real__662__255.png,0
/Users/pickapu/Documents/PyCharmMiscProject/deepfake-ViT/test_data_v3/sadtalker/fake/sadtalker__sadtalker_id25_CstD6O95LSo_50002_0008__000.png,1
/Users/pickapu/Documents/PyCharmMiscProject/deepfake-ViT/test_data_v3/sadtalker/fake/sadtalker__sadtalker_id23_cWcVPpxezE0_50015_0000__000.png,1
/Users/pickapu/Documents/PyCharmMiscProject/deepfake-ViT/test_data_v3/real/real__138__211.png,0
/Users/pickapu/Documents/PyCharmMiscProject/deepfake-ViT/test_data_v3/sadtalker/fake/sadtalker__sadtalker_id28_2j00U6lUCSc_50011_0001__000.png,1
/Users/pickapu/Documents/PyCharmMiscProject/deepfake-ViT/test_data_v3/sadtalker/fake/sadtalker__sadtalker_id7_acikxzM6GaY_50001_0004__000.png,1
/Users/pickapu/Documents/PyCharmMiscProject/deepfake-ViT/test_data_v3/real/real__808__328.png,0
/Users/pickapu/Documents/PyCharmMiscProject/deepfake-ViT/test_data_v3/sadtalker/fake/sadtalker__sadtalker_id13_cj5LZBmiQu4_50010_0000__000.png,1
/Users/pickapu/Documents/PyCharmMiscProject/deepfake-ViT/test_data_v3/sadtalker/fake/sadtalker__sadtalker_id24_ac1mOswXxLs_50014_0003__000.png,1
/Users/pickapu/Documents/PyCharmMiscProject/deepfake-ViT/test_data_v3/real/real__181__246.png,0
/Users/pickapu/Documents/PyCharmMiscProject/deepfake-ViT/test_data_v3/sadtalker/fake/sadtalker__sadtalker_id52_CHh6hWo1AFE_50016_0005__000.png,1
/Users/pickapu/Documents/PyCharmMiscProject/deepfake-ViT/test_data_v3/real/real__015__225.png,0
/Users/pickapu/Documents/PyCharmMiscProject/deepfake-ViT/test_data_v3/sadtalker/fake/sadtalker__sadtalker_id3_4yyPSZSGLOI_50011_0009__000.png,1
/Users/pickapu/Documents/PyCharmMiscProject/deepfake-ViT/test_data_v3/sadtalker/fake/sadtalker__sadtalker_id12_9YGZkgkj3fM_50003_0005__000.png,1
/Users/pickapu/Documents/PyCharmMiscProject/deepfake-ViT/test_data_v3/real/real__518__151.png,0
/Users/pickapu/Documents/PyCharmMiscProject/deepfake-ViT/test_data_v3/real/real__659__483.png,0
/Users/pickapu/Documents/PyCharmMiscProject/deepfake-ViT/test_data_v3/real/real__00276__237.png,0
/Users/pickapu/Documents/PyCharmMiscProject/deepfake-ViT/test_data_v3/real/real__172__387.png,0
/Users/pickapu/Documents/PyCharmMiscProject/deepfake-ViT/test_data_v3/real/real__id2_0008__265.png,0
/Users/pickapu/Documents/PyCharmMiscProject/deepfake-ViT/test_data_v3/real/real__460__329.png,0
/Users/pickapu/Documents/PyCharmMiscProject/deepfake-ViT/test_data_v3/real/real__995__282.png,0
/Users/pickapu/Documents/PyCharmMiscProject/deepfake-ViT/test_data_v3/sadtalker/fake/sadtalker__sadtalker_id33_0OkOQhXhsIE_50001_0005__000.png,1
/Users/pickapu/Documents/PyCharmMiscProject/deepfake-ViT/test_data_v3/real/real__639__341.png,0
/Users/pickapu/Documents/PyCharmMiscProject/deepfake-ViT/test_data_v3/sadtalker/fake/sadtalker__sadtalker_id16_C0nM8l9qeGY_50006_0011__000.png,1
/Users/pickapu/Documents/PyCharmMiscProject/deepfake-ViT/test_data_v3/real/real__279__467.png,0
/Users/pickapu/Documents/PyCharmMiscProject/deepfake-ViT/test_data_v3/real/real__811__279.png,0
/Users/pickapu/Documents/PyCharmMiscProject/deepfake-ViT/test_data_v3/sadtalker/fake/sadtalker__sadtalker_id31_BSxI3YxAPW4_50014_0006__000.png,1
/Users/pickapu/Documents/PyCharmMiscProject/deepfake-ViT/test_data_v3/sadtalker/fake/sadtalker__sadtalker_id31_4fyvDMFriRI_50016_0004__000.png,1
/Users/pickapu/Documents/PyCharmMiscProject/deepfake-ViT/test_data_v3/sadtalker/fake/sadtalker__sadtalker_id25_7pVPmmwSeJQ_50001_0010__000.png,1
/Users/pickapu/Documents/PyCharmMiscProject/deepfake-ViT/test_data_v3/sadtalker/fake/sadtalker__sadtalker_id56_9EVEmZ2cSes_50007_0007__000.png,1
/Users/pickapu/Documents/PyCharmMiscProject/deepfake-ViT/test_data_v3/real/real__450__398.png,0
/Users/pickapu/Documents/PyCharmMiscProject/deepfake-ViT/test_data_v3/real/real__id2_0004__218.png,0
/Users/pickapu/Documents/PyCharmMiscProject/deepfake-ViT/test_data_v3/sadtalker/fake/sadtalker__sadtalker_id35_7Z9xCX4ifJo_50003_0003__000.png,1
/Users/pickapu/Documents/PyCharmMiscProject/deepfake-ViT/test_data_v3/real/real__378__392.png,0
/Users/pickapu/Documents/PyCharmMiscProject/deepfake-ViT/test_data_v3/sadtalker/fake/sadtalker__sadtalker_id19_CstD6O95LSo_50002_0008__000.png,1
/Users/pickapu/Documents/PyCharmMiscProject/deepfake-ViT/test_data_v3/sadtalker/fake/sadtalker__sadtalker_id2_501FEzbB1JI_50016_0007__000.png,1
/Users/pickapu/Documents/PyCharmMiscProject/deepfake-ViT/test_data_v3/sadtalker/fake/sadtalker__sadtalker_id28_by3NnWvSCj8_50008_0006__000.png,1
/Users/pickapu/Documents/PyCharmMiscProject/deepfake-ViT/test_data_v3/real/real__311__189.png,0
/Users/pickapu/Documents/PyCharmMiscProject/deepfake-ViT/test_data_v3/sadtalker/fake/sadtalker__sadtalker_id0_6bVhrpkp0WU_50019_0006__000.png,1
/Users/pickapu/Documents/PyCharmMiscProject/deepfake-ViT/test_data_v3/sadtalker/fake/sadtalker__sadtalker_id28_9RMaD0Sk7hc_50001_0006__000.png,1
/Users/pickapu/Documents/PyCharmMiscProject/deepfake-ViT/test_data_v3/real/real__730__370.png,0
/Users/pickapu/Documents/PyCharmMiscProject/deepfake-ViT/test_data_v3/sadtalker/fake/sadtalker__sadtalker_id9_d0yGdNEWdn0_50005_0007__000.png,1
/Users/pickapu/Documents/PyCharmMiscProject/deepfake-ViT/test_data_v3/real/real__551__374.png,0
/Users/pickapu/Documents/PyCharmMiscProject/deepfake-ViT/test_data_v3/sadtalker/fake/sadtalker__sadtalker_id0_0snNB1yS3IE_50025_0000__000.png,1
/Users/pickapu/Documents/PyCharmMiscProject/deepfake-ViT/test_data_v3/sadtalker/fake/sadtalker__sadtalker_id28_9o2CRjTRKIA_50016_0000__000.png,1
/Users/pickapu/Documents/PyCharmMiscProject/deepfake-ViT/test_data_v3/sadtalker/fake/sadtalker__sadtalker_id41_6Af5tJzSR2w_50008_0001__000.png,1
/Users/pickapu/Documents/PyCharmMiscProject/deepfake-ViT/test_data_v3/sadtalker/fake/sadtalker__sadtalker_id39_a7whovUoYu4_50005_0000__000.png,1
/Users/pickapu/Documents/PyCharmMiscProject/deepfake-ViT/test_data_v3/real/real__834__155.png,0
/Users/pickapu/Documents/PyCharmMiscProject/deepfake-ViT/test_data_v3/real/real__323__234.png,0
/Users/pickapu/Documents/PyCharmMiscProject/deepfake-ViT/test_data_v3/real/real__980__197.png,0
/Users/pickapu/Documents/PyCharmMiscProject/deepfake-ViT/test_data_v3/real/real__087__158.png,0
/Users/pickapu/Documents/PyCharmMiscProject/deepfake-ViT/test_data_v3/real/real__738__214.png,0
/Users/pickapu/Documents/PyCharmMiscProject/deepfake-ViT/test_data_v3/sadtalker/fake/sadtalker__sadtalker_id29_btItLAjT5zg_50014_0002__000.png,1
/Users/pickapu/Documents/PyCharmMiscProject/deepfake-ViT/test_data_v3/real/real__887__174.png,0
/Users/pickapu/Documents/PyCharmMiscProject/deepfake-ViT/test_data_v3/real/real__881__328.png,0
/Users/pickapu/Documents/PyCharmMiscProject/deepfake-ViT/test_data_v3/sadtalker/fake/sadtalker__sadtalker_id17_CE3tL9MMk3U_50001_0009__000.png,1
/Users/pickapu/Documents/PyCharmMiscProject/deepfake-ViT/test_data_v3/sadtalker/fake/sadtalker__sadtalker_id1_0bop3D7SdDM_50013_0003__000.png,1
/Users/pickapu/Documents/PyCharmMiscProject/deepfake-ViT/test_data_v3/real/real__861__306.png,0
/Users/pickapu/Documents/PyCharmMiscProject/deepfake-ViT/test_data_v3/sadtalker/fake/sadtalker__sadtalker_id26_6Co3dn0nSTk_50002_0002__000.png,1
/Users/pickapu/Documents/PyCharmMiscProject/deepfake-ViT/test_data_v3/sadtalker/fake/sadtalker__sadtalker_id20_ayhhuxAu6rw_50010_0008__000.png,1
/Users/pickapu/Documents/PyCharmMiscProject/deepfake-ViT/test_data_v3/real/real__052__166.png,0
/Users/pickapu/Documents/PyCharmMiscProject/deepfake-ViT/test_data_v3/sadtalker/fake/sadtalker__sadtalker_id16_5J6jAC6XxAI_50008_0007__000.png,1
/Users/pickapu/Documents/PyCharmMiscProject/deepfake-ViT/test_data_v3/real/real__885__169.png,0
/Users/pickapu/Documents/PyCharmMiscProject/deepfake-ViT/test_data_v3/real/real__969__183.png,0
/Users/pickapu/Documents/PyCharmMiscProject/deepfake-ViT/test_data_v3/real/real__953__180.png,0
/Users/pickapu/Documents/PyCharmMiscProject/deepfake-ViT/test_data_v3/sadtalker/fake/sadtalker__sadtalker_id4_ARWBdfWpDyc_50003_0004__000.png,1
/Users/pickapu/Documents/PyCharmMiscProject/deepfake-ViT/test_data_v3/real/real__id35_0008__107.png,0
/Users/pickapu/Documents/PyCharmMiscProject/deepfake-ViT/test_data_v3/sadtalker/fake/sadtalker__sadtalker_id31_AGivotqSrd0_50024_0009__000.png,1
/Users/pickapu/Documents/PyCharmMiscProject/deepfake-ViT/test_data_v3/real/real__00288__241.png,0
/Users/pickapu/Documents/PyCharmMiscProject/deepfake-ViT/test_data_v3/real/real__919__275.png,0
/Users/pickapu/Documents/PyCharmMiscProject/deepfake-ViT/test_data_v3/real/real__683__155.png,0
/Users/pickapu/Documents/PyCharmMiscProject/deepfake-ViT/test_data_v3/sadtalker/fake/sadtalker__sadtalker_id54_3sUWSDHOVn0_50019_0006__000.png,1
/Users/pickapu/Documents/PyCharmMiscProject/deepfake-ViT/test_data_v3/real/real__100__217.png,0
/Users/pickapu/Documents/PyCharmMiscProject/deepfake-ViT/test_data_v3/sadtalker/fake/sadtalker__sadtalker_id37_5nrn5fC001Q_50006_0005__000.png,1
/Users/pickapu/Documents/PyCharmMiscProject/deepfake-ViT/test_data_v3/real/real__872__244.png,0
/Users/pickapu/Documents/PyCharmMiscProject/deepfake-ViT/test_data_v3/sadtalker/fake/sadtalker__sadtalker_id3_D9S6G8J6VJg_50005_0001__000.png,1
/Users/pickapu/Documents/PyCharmMiscProject/deepfake-ViT/test_data_v3/real/real__439__237.png,0
/Users/pickapu/Documents/PyCharmMiscProject/deepfake-ViT/test_data_v3/sadtalker/fake/sadtalker__sadtalker_id16_BgbD67U0BAQ_50004_0002__000.png,1
/Users/pickapu/Documents/PyCharmMiscProject/deepfake-ViT/test_data_v3/sadtalker/fake/sadtalker__sadtalker_id3_cWYcXhMhJF4_50015_0002__000.png,1
/Users/pickapu/Documents/PyCharmMiscProject/deepfake-ViT/test_data_v3/sadtalker/fake/sadtalker__sadtalker_id34_5cQoGNEcc5Q_50005_0003__000.png,1
/Users/pickapu/Documents/PyCharmMiscProject/deepfake-ViT/test_data_v3/real/real__957__215.png,0
/Users/pickapu/Documents/PyCharmMiscProject/deepfake-ViT/test_data_v3/sadtalker/fake/sadtalker__sadtalker_id4_BMOjVYgYaG8_50008_0008__000.png,1
/Users/pickapu/Documents/PyCharmMiscProject/deepfake-ViT/test_data_v3/sadtalker/fake/sadtalker__sadtalker_id45_AAkEYcmCCCk_50030_0002__000.png,1
/Users/pickapu/Documents/PyCharmMiscProject/deepfake-ViT/test_data_v3/real/real__00264__163.png,0
/Users/pickapu/Documents/PyCharmMiscProject/deepfake-ViT/test_data_v3/real/real__123__264.png,0
/Users/pickapu/Documents/PyCharmMiscProject/deepfake-ViT/test_data_v3/real/real__id52_0001__240.png,0
/Users/pickapu/Documents/PyCharmMiscProject/deepfake-ViT/test_data_v3/sadtalker/fake/sadtalker__sadtalker_id39_79zra755WgA_50011_0000__000.png,1
/Users/pickapu/Documents/PyCharmMiscProject/deepfake-ViT/test_data_v3/sadtalker/fake/sadtalker__sadtalker_id52_2tCcoSRZqVY_50001_0005__000.png,1
/Users/pickapu/Documents/PyCharmMiscProject/deepfake-ViT/test_data_v3/sadtalker/fake/sadtalker__sadtalker_id22_acJscdoP2a4_50001_0001__000.png,1
/Users/pickapu/Documents/PyCharmMiscProject/deepfake-ViT/test_data_v3/sadtalker/fake/sadtalker__sadtalker_id22_BN9a8Ldy7Xc_50005_0007__000.png,1
/Users/pickapu/Documents/PyCharmMiscProject/deepfake-ViT/test_data_v3/sadtalker/fake/sadtalker__sadtalker_id12_bLGTrz1Zolk_50015_0002__000.png,1
/Users/pickapu/Documents/PyCharmMiscProject/deepfake-ViT/test_data_v3/sadtalker/fake/sadtalker__sadtalker_id1_80USSKwX0iU_50001_0003__000.png,1
/Users/pickapu/Documents/PyCharmMiscProject/deepfake-ViT/test_data_v3/sadtalker/fake/sadtalker__sadtalker_id6_289ZxBZdKvY_50005_0008__000.png,1
/Users/pickapu/Documents/PyCharmMiscProject/deepfake-ViT/test_data_v3/sadtalker/fake/sadtalker__sadtalker_id17_8woKcr7uSYQ_50004_0000__000.png,1
/Users/pickapu/Documents/PyCharmMiscProject/deepfake-ViT/test_data_v3/real/real__112__215.png,0
/Users/pickapu/Documents/PyCharmMiscProject/deepfake-ViT/test_data_v3/sadtalker/fake/sadtalker__sadtalker_id50_1EHZAQmw2JA_50001_0008__000.png,1
/Users/pickapu/Documents/PyCharmMiscProject/deepfake-ViT/test_data_v3/sadtalker/fake/sadtalker__sadtalker_id35_AAsSqx2aLsA_50004_0006__000.png,1
/Users/pickapu/Documents/PyCharmMiscProject/deepfake-ViT/test_data_v3/real/real__901__269.png,0
/Users/pickapu/Documents/PyCharmMiscProject/deepfake-ViT/test_data_v3/real/real__757__227.png,0
/Users/pickapu/Documents/PyCharmMiscProject/deepfake-ViT/test_data_v3/real/real__544__182.png,0
/Users/pickapu/Documents/PyCharmMiscProject/deepfake-ViT/test_data_v3/sadtalker/fake/sadtalker__sadtalker_id20_9EglK8Mk18o_50037_0009__000.png,1
/Users/pickapu/Documents/PyCharmMiscProject/deepfake-ViT/test_data_v3/real/real__377__204.png,0
/Users/pickapu/Documents/PyCharmMiscProject/deepfake-ViT/test_data_v3/sadtalker/fake/sadtalker__sadtalker_id6_cPL2FE7ZPTg_50012_0005__000.png,1
/Users/pickapu/Documents/PyCharmMiscProject/deepfake-ViT/test_data_v3/sadtalker/fake/sadtalker__sadtalker_id21_c8WMMSPUOj0_50007_0000__000.png,1
/Users/pickapu/Documents/PyCharmMiscProject/deepfake-ViT/test_data_v3/sadtalker/fake/sadtalker__sadtalker_id17_bLGTrz1Zolk_50027_0003__000.png,1
/Users/pickapu/Documents/PyCharmMiscProject/deepfake-ViT/test_data_v3/real/real__228__286.png,0
/Users/pickapu/Documents/PyCharmMiscProject/deepfake-ViT/test_data_v3/real/real__580__150.png,0
/Users/pickapu/Documents/PyCharmMiscProject/deepfake-ViT/test_data_v3/sadtalker/fake/sadtalker__sadtalker_id35_cSrWtqConY8_50003_0007__000.png,1
/Users/pickapu/Documents/PyCharmMiscProject/deepfake-ViT/test_data_v3/sadtalker/fake/sadtalker__sadtalker_id6_3sUWSDHOVn0_50013_0002__000.png,1
/Users/pickapu/Documents/PyCharmMiscProject/deepfake-ViT/test_data_v3/real/real__826__182.png,0
/Users/pickapu/Documents/PyCharmMiscProject/deepfake-ViT/test_data_v3/real/real__820__342.png,0
/Users/pickapu/Documents/PyCharmMiscProject/deepfake-ViT/test_data_v3/sadtalker/fake/sadtalker__sadtalker_id8_CK5w3wh4GSM_50004_0002__000.png,1
/Users/pickapu/Documents/PyCharmMiscProject/deepfake-ViT/test_data_v3/real/real__00279__233.png,0
/Users/pickapu/Documents/PyCharmMiscProject/deepfake-ViT/test_data_v3/sadtalker/fake/sadtalker__sadtalker_id45_AyWtIwwEgS0_50006_0001__000.png,1
/Users/pickapu/Documents/PyCharmMiscProject/deepfake-ViT/test_data_v3/real/real__id40_0003__164.png,0
/Users/pickapu/Documents/PyCharmMiscProject/deepfake-ViT/test_data_v3/sadtalker/fake/sadtalker__sadtalker_id39_6bVhrpkp0WU_50013_0008__000.png,1
/Users/pickapu/Documents/PyCharmMiscProject/deepfake-ViT/test_data_v3/real/real__645__285.png,0
/Users/pickapu/Documents/PyCharmMiscProject/deepfake-ViT/test_data_v3/real/real__334__345.png,0
/Users/pickapu/Documents/PyCharmMiscProject/deepfake-ViT/test_data_v3/real/real__437__305.png,0
/Users/pickapu/Documents/PyCharmMiscProject/deepfake-ViT/test_data_v3/real/real__879__432.png,0
/Users/pickapu/Documents/PyCharmMiscProject/deepfake-ViT/test_data_v3/real/real__053__214.png,0
/Users/pickapu/Documents/PyCharmMiscProject/deepfake-ViT/test_data_v3/sadtalker/fake/sadtalker__sadtalker_id16_2j00U6lUCSc_50020_0011__000.png,1
/Users/pickapu/Documents/PyCharmMiscProject/deepfake-ViT/test_data_v3/sadtalker/fake/sadtalker__sadtalker_id47_aL00a3sfnYM_50001_0007__000.png,1
/Users/pickapu/Documents/PyCharmMiscProject/deepfake-ViT/test_data_v3/sadtalker/fake/sadtalker__sadtalker_id16_bbT8jSPS2LA_50016_0009__000.png,1
/Users/pickapu/Documents/PyCharmMiscProject/deepfake-ViT/test_data_v3/real/real__781__244.png,0
/Users/pickapu/Documents/PyCharmMiscProject/deepfake-ViT/test_data_v3/sadtalker/fake/sadtalker__sadtalker_id2_0af00UcTOSc_50014_0004__000.png,1
/Users/pickapu/Documents/PyCharmMiscProject/deepfake-ViT/test_data_v3/sadtalker/fake/sadtalker__sadtalker_id38_CiSk3gmyjQ8_50009_0004__000.png,1
/Users/pickapu/Documents/PyCharmMiscProject/deepfake-ViT/test_data_v3/real/real__424__160.png,0
/Users/pickapu/Documents/PyCharmMiscProject/deepfake-ViT/test_data_v3/sadtalker/fake/sadtalker__sadtalker_id25_ByuWS1bBwpc_50002_0008__000.png,1
/Users/pickapu/Documents/PyCharmMiscProject/deepfake-ViT/test_data_v3/sadtalker/fake/sadtalker__sadtalker_id58_3sUWSDHOVn0_50019_0006__000.png,1
/Users/pickapu/Documents/PyCharmMiscProject/deepfake-ViT/test_data_v3/real/real__428__278.png,0
/Users/pickapu/Documents/PyCharmMiscProject/deepfake-ViT/test_data_v3/sadtalker/fake/sadtalker__sadtalker_id4_ayhhuxAu6rw_50010_0008__000.png,1
/Users/pickapu/Documents/PyCharmMiscProject/deepfake-ViT/test_data_v3/real/real__925__183.png,0
/Users/pickapu/Documents/PyCharmMiscProject/deepfake-ViT/test_data_v3/real/real__654__211.png,0
/Users/pickapu/Documents/PyCharmMiscProject/deepfake-ViT/test_data_v3/real/real__id3_0008__235.png,0
/Users/pickapu/Documents/PyCharmMiscProject/deepfake-ViT/test_data_v3/real/real__850__315.png,0
/Users/pickapu/Documents/PyCharmMiscProject/deepfake-ViT/test_data_v3/sadtalker/fake/sadtalker__sadtalker_id27_3aJma6R8Ptw_50006_0006__000.png,1
/Users/pickapu/Documents/PyCharmMiscProject/deepfake-ViT/test_data_v3/real/real__id36_0006__242.png,0
/Users/pickapu/Documents/PyCharmMiscProject/deepfake-ViT/test_data_v3/real/real__941__254.png,0
/Users/pickapu/Documents/PyCharmMiscProject/deepfake-ViT/test_data_v3/real/real__id43_0001__175.png,0
/Users/pickapu/Documents/PyCharmMiscProject/deepfake-ViT/test_data_v3/sadtalker/fake/sadtalker__sadtalker_id45_cPL2FE7ZPTg_50014_0000__000.png,1
/Users/pickapu/Documents/PyCharmMiscProject/deepfake-ViT/test_data_v3/sadtalker/fake/sadtalker__sadtalker_id26_CLSSiaFuLo4_50021_0000__000.png,1
/Users/pickapu/Documents/PyCharmMiscProject/deepfake-ViT/test_data_v3/sadtalker/fake/sadtalker__sadtalker_id44_79zra755WgA_50011_0000__000.png,1
/Users/pickapu/Documents/PyCharmMiscProject/deepfake-ViT/test_data_v3/real/real__823__346.png,0
/Users/pickapu/Documents/PyCharmMiscProject/deepfake-ViT/test_data_v3/real/real__046__259.png,0
/Users/pickapu/Documents/PyCharmMiscProject/deepfake-ViT/test_data_v3/sadtalker/fake/sadtalker__sadtalker_id33_CTEhgUmSrro_50002_0004__000.png,1
/Users/pickapu/Documents/PyCharmMiscProject/deepfake-ViT/test_data_v3/sadtalker/fake/sadtalker__sadtalker_id28_cQl6jUjFjp4_50002_0008__000.png,1
/Users/pickapu/Documents/PyCharmMiscProject/deepfake-ViT/test_data_v3/real/real__691__278.png,0
/Users/pickapu/Documents/PyCharmMiscProject/deepfake-ViT/test_data_v3/real/real__758__201.png,0
/Users/pickapu/Documents/PyCharmMiscProject/deepfake-ViT/test_data_v3/sadtalker/fake/sadtalker__sadtalker_id28_bq39x2HWjNk_50003_0003__000.png,1
/Users/pickapu/Documents/PyCharmMiscProject/deepfake-ViT/test_data_v3/sadtalker/fake/sadtalker__sadtalker_id11_CSLy17buxlI_50001_0008__000.png,1
/Users/pickapu/Documents/PyCharmMiscProject/deepfake-ViT/test_data_v3/real/real__400__183.png,0
/Users/pickapu/Documents/PyCharmMiscProject/deepfake-ViT/test_data_v3/sadtalker/fake/sadtalker__sadtalker_id1_ATISgVUKetI_50009_0007__000.png,1
/Users/pickapu/Documents/PyCharmMiscProject/deepfake-ViT/test_data_v3/real/real__854__151.png,0
/Users/pickapu/Documents/PyCharmMiscProject/deepfake-ViT/test_data_v3/real/real__600__199.png,0
/Users/pickapu/Documents/PyCharmMiscProject/deepfake-ViT/test_data_v3/sadtalker/fake/sadtalker__sadtalker_id1_D03n5dAmBSE_50004_0007__000.png,1
/Users/pickapu/Documents/PyCharmMiscProject/deepfake-ViT/test_data_v3/sadtalker/fake/sadtalker__sadtalker_id22_3icoSeGqQtY_50012_0005__000.png,1
