path,label
/Users/pickapu/Documents/PyCharmMiscProject/deepfake-ViT/test_data_v3/fsgan/fake/fsgan__fsgan_id3_id17_0007__000.png,1
/Users/pickapu/Documents/PyCharmMiscProject/deepfake-ViT/test_data_v3/real/real__136__314.png,0
/Users/pickapu/Documents/PyCharmMiscProject/deepfake-ViT/test_data_v3/real/real__id1_0006__260.png,0
/Users/pickapu/Documents/PyCharmMiscProject/deepfake-ViT/test_data_v3/StyleGANXL/fake/StyleGANXL__StyleGANXL_ff_024__seed20781.png,1
/Users/pickapu/Documents/PyCharmMiscProject/deepfake-ViT/test_data_v3/real/real__915__181.png,0
/Users/pickapu/Documents/PyCharmMiscProject/deepfake-ViT/test_data_v3/real/real__284__248.png,0
/Users/pickapu/Documents/PyCharmMiscProject/deepfake-ViT/test_data_v3/starganv2/fake/starganv2__starganv2_1344__1344.jpg,1
/Users/pickapu/Documents/PyCharmMiscProject/deepfake-ViT/test_data_v3/real/real__id44_0001__161.png,0
/Users/pickapu/Documents/PyCharmMiscProject/deepfake-ViT/test_data_v3/real/real__903__292.png,0
/Users/pickapu/Documents/PyCharmMiscProject/deepfake-ViT/test_data_v3/real/real__id4_0004__226.png,0
/Users/pickapu/Documents/PyCharmMiscProject/deepfake-ViT/test_data_v3/StyleGAN3/fake/StyleGAN3__StyleGAN3_Fake_from_Celeb-real_id36_0006__seed22513.png,1
/Users/pickapu/Documents/PyCharmMiscProject/deepfake-ViT/test_data_v3/real/real__126__168.png,0
/Users/pickapu/Documents/PyCharmMiscProject/deepfake-ViT/test_data_v3/real/real__920__190.png,0
/Users/pickapu/Documents/PyCharmMiscProject/deepfake-ViT/test_data_v3/DiT/fake/DiT__DiT_id51_0007__23589.png,1
/Users/pickapu/Documents/PyCharmMiscProject/deepfake-ViT/test_data_v3/StyleGAN3/fake/StyleGAN3__StyleGAN3_ff_682__seed21153.png,1
/Users/pickapu/Documents/PyCharmMiscProject/deepfake-ViT/test_data_v3/real/real__027__151.png,0
/Users/pickapu/Documents/PyCharmMiscProject/deepfake-ViT/test_data_v3/real/real__676__265.png,0
/Users/pickapu/Documents/PyCharmMiscProject/deepfake-ViT/test_data_v3/sd2.1/fake/sd2.1__sd2.1_00059__YouTube-real_00144_087.png,1
/Users/pickapu/Documents/PyCharmMiscProject/deepfake-ViT/test_data_v3/RDDM/fake/RDDM__467__sample-20851.png,1
/Users/pickapu/Documents/PyCharmMiscProject/deepfake-ViT/test_data_v3/RDDM/fake/RDDM__id37_0005__sample-25207.png,1
/Users/pickapu/Documents/PyCharmMiscProject/deepfake-ViT/test_data_v3/e4e/fake/e4e__252__08080.jpg,1
/Users/pickapu/Documents/PyCharmMiscProject/deepfake-ViT/test_data_v3/real/real__172__387.png,0
/Users/pickapu/Documents/PyCharmMiscProject/deepfake-ViT/test_data_v3/stargan/fake/stargan__stargan_490__490.jpg,1
/Users/pickapu/Documents/PyCharmMiscProject/deepfake-ViT/test_data_v3/StyleGAN3/fake/StyleGAN3__StyleGAN3_Fake_from_Celeb-real_id34_0007__seed22477.png,1
/Users/pickapu/Documents/PyCharmMiscProject/deepfake-ViT/test_data_v3/simswap/fake/simswap__simswap_id4_id0_0000__000.png,1
/Users/pickapu/Documents/PyCharmMiscProject/deepfake-ViT/test_data_v3/StyleGAN2/fake/StyleGAN2__StyleGAN2_00006__seed25602.png,1
/Users/pickapu/Documents/PyCharmMiscProject/deepfake-ViT/test_data_v3/DiT/fake/DiT__DiT_00121__19963.png,1
/Users/pickapu/Documents/PyCharmMiscProject/deepfake-ViT/test_data_v3/real/real__411__272.png,0
/Users/pickapu/Documents/PyCharmMiscProject/deepfake-ViT/test_data_v3/DiT/fake/DiT__741__20686.png,1
/Users/pickapu/Documents/PyCharmMiscProject/deepfake-ViT/test_data_v3/tpsm/fake/tpsm__tpsm_id3_id9_0003__000.png,1
/Users/pickapu/Documents/PyCharmMiscProject/deepfake-ViT/test_data_v3/MRAA/fake/MRAA__MRAA_id35_id30_0006__000.png,1
/Users/pickapu/Documents/PyCharmMiscProject/deepfake-ViT/test_data_v3/real/real__id54_0007__294.png,0
/Users/pickapu/Documents/PyCharmMiscProject/deepfake-ViT/test_data_v3/real/real__323__234.png,0
/Users/pickapu/Documents/PyCharmMiscProject/deepfake-ViT/test_data_v3/real/real__481__213.png,0
/Users/pickapu/Documents/PyCharmMiscProject/deepfake-ViT/test_data_v3/real/real__002__357.png,0
/Users/pickapu/Documents/PyCharmMiscProject/deepfake-ViT/test_data_v3/real/real__502__163.png,0
/Users/pickapu/Documents/PyCharmMiscProject/deepfake-ViT/test_data_v3/sd2.1/fake/sd2.1__sd2.1_id54_0003__Celeb-real_id6_0001_218.png,1
/Users/pickapu/Documents/PyCharmMiscProject/deepfake-ViT/test_data_v3/RDDM/fake/RDDM__RDDM_id35_0001__sample-16134.png,1
/Users/pickapu/Documents/PyCharmMiscProject/deepfake-ViT/test_data_v3/real/real__660__174.png,0
/Users/pickapu/Documents/PyCharmMiscProject/deepfake-ViT/test_data_v3/real/real__389__161.png,0
/Users/pickapu/Documents/PyCharmMiscProject/deepfake-ViT/test_data_v3/real/real__130__341.png,0
/Users/pickapu/Documents/PyCharmMiscProject/deepfake-ViT/test_data_v3/real/real__380__234.png,0
/Users/pickapu/Documents/PyCharmMiscProject/deepfake-ViT/test_data_v3/simswap/fake/simswap__868__221.png,1
/Users/pickapu/Documents/PyCharmMiscProject/deepfake-ViT/test_data_v3/real/real__878__379.png,0
/Users/pickapu/Documents/PyCharmMiscProject/deepfake-ViT/test_data_v3/real/real__id52_0001__240.png,0
/Users/pickapu/Documents/PyCharmMiscProject/deepfake-ViT/test_data_v3/real/real__503__347.png,0
/Users/pickapu/Documents/PyCharmMiscProject/deepfake-ViT/test_data_v3/e4e/fake/e4e__452__14475.jpg,1
/Users/pickapu/Documents/PyCharmMiscProject/deepfake-ViT/test_data_v3/fomm/fake/fomm__fomm_id24_id20_0009__000.png,1
/Users/pickapu/Documents/PyCharmMiscProject/deepfake-ViT/test_data_v3/real/real__148__244.png,0
/Users/pickapu/Documents/PyCharmMiscProject/deepfake-ViT/test_data_v3/real/real__00266__169.png,0
/Users/pickapu/Documents/PyCharmMiscProject/deepfake-ViT/test_data_v3/pixart/fake/pixart__id1_0008__Celeb-real_id1_0008_233.png,1
/Users/pickapu/Documents/PyCharmMiscProject/deepfake-ViT/test_data_v3/real/real__747__242.png,0
/Users/pickapu/Documents/PyCharmMiscProject/deepfake-ViT/test_data_v3/real/real__id21_0009__164.png,0
/Users/pickapu/Documents/PyCharmMiscProject/deepfake-ViT/test_data_v3/StyleGAN3/fake/StyleGAN3__StyleGAN3_Fake_from_Celeb-real_id1_0006__seed21475.png,1
/Users/pickapu/Documents/PyCharmMiscProject/deepfake-ViT/test_data_v3/real/real__725__360.png,0
/Users/pickapu/Documents/PyCharmMiscProject/deepfake-ViT/test_data_v3/real/real__970__245.png,0
/Users/pickapu/Documents/PyCharmMiscProject/deepfake-ViT/test_data_v3/mobileswap/fake/mobileswap__mobileswap_id26_id22_0005__000.png,1
/Users/pickapu/Documents/PyCharmMiscProject/deepfake-ViT/test_data_v3/real/real__164__493.png,0
/Users/pickapu/Documents/PyCharmMiscProject/deepfake-ViT/test_data_v3/RDDM/fake/RDDM__id43_0001__sample-23126.png,1
/Users/pickapu/Documents/PyCharmMiscProject/deepfake-ViT/test_data_v3/VQGAN/fake/VQGAN__VQGAN_00209__013346.png,1
/Users/pickapu/Documents/PyCharmMiscProject/deepfake-ViT/test_data_v3/real/real__340__141.png,0
/Users/pickapu/Documents/PyCharmMiscProject/deepfake-ViT/test_data_v3/real/real__003__155.png,0
/Users/pickapu/Documents/PyCharmMiscProject/deepfake-ViT/test_data_v3/stargan/fake/stargan__stargan_258__258.jpg,1
/Users/pickapu/Documents/PyCharmMiscProject/deepfake-ViT/test_data_v3/real/real__980__197.png,0
/Users/pickapu/Documents/PyCharmMiscProject/deepfake-ViT/test_data_v3/real/real__071__233.png,0
/Users/pickapu/Documents/PyCharmMiscProject/deepfake-ViT/test_data_v3/real/real__536__310.png,0
/Users/pickapu/Documents/PyCharmMiscProject/deepfake-ViT/test_data_v3/e4e/fake/e4e__361__11566.jpg,1
/Users/pickapu/Documents/PyCharmMiscProject/deepfake-ViT/test_data_v3/CollabDiff/fake/CollabDiff__CollabDiff_944__000000_x_0.png,1
/Users/pickapu/Documents/PyCharmMiscProject/deepfake-ViT/test_data_v3/stargan/fake/stargan__stargan_304__304.jpg,1
/Users/pickapu/Documents/PyCharmMiscProject/deepfake-ViT/test_data_v3/real/real__849__165.png,0
/Users/pickapu/Documents/PyCharmMiscProject/deepfake-ViT/test_data_v3/simswap/fake/simswap__simswap_id3_id4_0001__000.png,1
/Users/pickapu/Documents/PyCharmMiscProject/deepfake-ViT/test_data_v3/lia/fake/lia__lia_id6_id23_0006__000.png,1
/Users/pickapu/Documents/PyCharmMiscProject/deepfake-ViT/test_data_v3/StyleGANXL/fake/StyleGANXL__StyleGANXL_Fake_from_Celeb-real_id61_0009__seed21958.png,1
/Users/pickapu/Documents/PyCharmMiscProject/deepfake-ViT/test_data_v3/MRAA/fake/MRAA__MRAA_id37_id2_0009__000.png,1
/Users/pickapu/Documents/PyCharmMiscProject/deepfake-ViT/test_data_v3/RDDM/fake/RDDM__id28_0007__sample-22470.png,1
/Users/pickapu/Documents/PyCharmMiscProject/deepfake-ViT/test_data_v3/pirender/fake/pirender__029__000.png,1
/Users/pickapu/Documents/PyCharmMiscProject/deepfake-ViT/test_data_v3/real/real__559__171.png,0
/Users/pickapu/Documents/PyCharmMiscProject/deepfake-ViT/test_data_v3/simswap/fake/simswap__399__444.png,1
/Users/pickapu/Documents/PyCharmMiscProject/deepfake-ViT/test_data_v3/StyleGANXL/fake/StyleGANXL__StyleGANXL_Fake_from_Celeb-real_id35_0005__seed20355.png,1
/Users/pickapu/Documents/PyCharmMiscProject/deepfake-ViT/test_data_v3/real/real__450__398.png,0
/Users/pickapu/Documents/PyCharmMiscProject/deepfake-ViT/test_data_v3/real/real__107__286.png,0
/Users/pickapu/Documents/PyCharmMiscProject/deepfake-ViT/test_data_v3/pixart/fake/pixart__308__412_460.png,1
/Users/pickapu/Documents/PyCharmMiscProject/deepfake-ViT/test_data_v3/real/real__890__175.png,0
/Users/pickapu/Documents/PyCharmMiscProject/deepfake-ViT/test_data_v3/sd2.1/fake/sd2.1__885__496_000.png,1
/Users/pickapu/Documents/PyCharmMiscProject/deepfake-ViT/test_data_v3/real/real__719__206.png,0
/Users/pickapu/Documents/PyCharmMiscProject/deepfake-ViT/test_data_v3/real/real__645__285.png,0
/Users/pickapu/Documents/PyCharmMiscProject/deepfake-ViT/test_data_v3/uniface/fake/uniface__uniface_id56_id50_0005__000.png,1
/Users/pickapu/Documents/PyCharmMiscProject/deepfake-ViT/test_data_v3/real/real__010__244.png,0
/Users/pickapu/Documents/PyCharmMiscProject/deepfake-ViT/test_data_v3/SiT/fake/SiT__SiT_00166__21559.png,1
/Users/pickapu/Documents/PyCharmMiscProject/deepfake-ViT/test_data_v3/real/real__497__320.png,0
/Users/pickapu/Documents/PyCharmMiscProject/deepfake-ViT/test_data_v3/hyperreenact/fake/hyperreenact__hyperreenact_id9_id28_0000__000.png,1
/Users/pickapu/Documents/PyCharmMiscProject/deepfake-ViT/test_data_v3/real/real__851__429.png,0
/Users/pickapu/Documents/PyCharmMiscProject/deepfake-ViT/test_data_v3/StyleGAN3/fake/StyleGAN3__StyleGAN3_Fake_from_Celeb-real_id28_0005__seed2314.png,1
/Users/pickapu/Documents/PyCharmMiscProject/deepfake-ViT/test_data_v3/real/real__778__168.png,0
/Users/pickapu/Documents/PyCharmMiscProject/deepfake-ViT/test_data_v3/real/real__00262__167.png,0
/Users/pickapu/Documents/PyCharmMiscProject/deepfake-ViT/test_data_v3/faceswap/fake/faceswap__faceswap_id4_id21_0004__000.png,1
/Users/pickapu/Documents/PyCharmMiscProject/deepfake-ViT/test_data_v3/real/real__305__434.png,0
/Users/pickapu/Documents/PyCharmMiscProject/deepfake-ViT/test_data_v3/pixart/fake/pixart__pixart_00042__YouTube-real_00216_234.png,1
/Users/pickapu/Documents/PyCharmMiscProject/deepfake-ViT/test_data_v3/real/real__434__162.png,0
/Users/pickapu/Documents/PyCharmMiscProject/deepfake-ViT/test_data_v3/tpsm/fake/tpsm__tpsm_id19_id24_0000__000.png,1
/Users/pickapu/Documents/PyCharmMiscProject/deepfake-ViT/test_data_v3/pirender/fake/pirender__pirender_id30_id4_0001__000.png,1
/Users/pickapu/Documents/PyCharmMiscProject/deepfake-ViT/test_data_v3/mobileswap/fake/mobileswap__mobileswap_id9_id16_0000__000.png,1
/Users/pickapu/Documents/PyCharmMiscProject/deepfake-ViT/test_data_v3/inswap/fake/inswap__id23_0001__000.png,1
/Users/pickapu/Documents/PyCharmMiscProject/deepfake-ViT/test_data_v3/SiT/fake/SiT__id44_0001__22120.png,1
/Users/pickapu/Documents/PyCharmMiscProject/deepfake-ViT/test_data_v3/styleclip/fake/styleclip__styleclip_00322__00322.jpg,1
/Users/pickapu/Documents/PyCharmMiscProject/deepfake-ViT/test_data_v3/real/real__690__170.png,0
/Users/pickapu/Documents/PyCharmMiscProject/deepfake-ViT/test_data_v3/real/real__609__251.png,0
/Users/pickapu/Documents/PyCharmMiscProject/deepfake-ViT/test_data_v3/real/real__813__185.png,0
/Users/pickapu/Documents/PyCharmMiscProject/deepfake-ViT/test_data_v3/real/real__950__393.png,0
/Users/pickapu/Documents/PyCharmMiscProject/deepfake-ViT/test_data_v3/real/real__846__181.png,0
/Users/pickapu/Documents/PyCharmMiscProject/deepfake-ViT/test_data_v3/real/real__877__293.png,0
/Users/pickapu/Documents/PyCharmMiscProject/deepfake-ViT/test_data_v3/real/real__170__259.png,0
/Users/pickapu/Documents/PyCharmMiscProject/deepfake-ViT/test_data_v3/real/real__036__173.png,0
/Users/pickapu/Documents/PyCharmMiscProject/deepfake-ViT/test_data_v3/inswap/fake/inswap__381__297.png,1
/Users/pickapu/Documents/PyCharmMiscProject/deepfake-ViT/test_data_v3/real/real__00252__160.png,0
/Users/pickapu/Documents/PyCharmMiscProject/deepfake-ViT/test_data_v3/real/real__902__151.png,0
/Users/pickapu/Documents/PyCharmMiscProject/deepfake-ViT/test_data_v3/real/real__908__343.png,0
/Users/pickapu/Documents/PyCharmMiscProject/deepfake-ViT/test_data_v3/StyleGAN2/fake/StyleGAN2__StyleGAN2_00191__seed11616.png,1
/Users/pickapu/Documents/PyCharmMiscProject/deepfake-ViT/test_data_v3/real/real__419__250.png,0
/Users/pickapu/Documents/PyCharmMiscProject/deepfake-ViT/test_data_v3/real/real__id28_0004__160.png,0
/Users/pickapu/Documents/PyCharmMiscProject/deepfake-ViT/test_data_v3/real/real__00286__223.png,0
/Users/pickapu/Documents/PyCharmMiscProject/deepfake-ViT/test_data_v3/real/real__794__453.png,0
/Users/pickapu/Documents/PyCharmMiscProject/deepfake-ViT/test_data_v3/mobileswap/fake/mobileswap__790__355.png,1
/Users/pickapu/Documents/PyCharmMiscProject/deepfake-ViT/test_data_v3/real/real__730__370.png,0
/Users/pickapu/Documents/PyCharmMiscProject/deepfake-ViT/test_data_v3/real/real__953__180.png,0
/Users/pickapu/Documents/PyCharmMiscProject/deepfake-ViT/test_data_v3/real/real__318__244.png,0
/Users/pickapu/Documents/PyCharmMiscProject/deepfake-ViT/test_data_v3/real/real__141__261.png,0
/Users/pickapu/Documents/PyCharmMiscProject/deepfake-ViT/test_data_v3/real/real__506__344.png,0
/Users/pickapu/Documents/PyCharmMiscProject/deepfake-ViT/test_data_v3/sd2.1/fake/sd2.1__476__493_368.png,1
/Users/pickapu/Documents/PyCharmMiscProject/deepfake-ViT/test_data_v3/mobileswap/fake/mobileswap__761__176.png,1
/Users/pickapu/Documents/PyCharmMiscProject/deepfake-ViT/test_data_v3/real/real__750__227.png,0
/Users/pickapu/Documents/PyCharmMiscProject/deepfake-ViT/test_data_v3/mobileswap/fake/mobileswap__452__000.png,1
/Users/pickapu/Documents/PyCharmMiscProject/deepfake-ViT/test_data_v3/MidJourney/fake/MidJourney__MidJourney_13592447708_Single_person_white_male_looking_at_the_camera_faci_e729a055-0dbf-4534-a6ed-e337b8a07b17.png__13592447708_Single_person_white_male_looking_at_the_camera_faci_e729a055-0dbf-4534-a6ed-e337b8a07b17.png,1
/Users/pickapu/Documents/PyCharmMiscProject/deepfake-ViT/test_data_v3/blendface/fake/blendface__blendface_id30_id29_0000__000.png,1
/Users/pickapu/Documents/PyCharmMiscProject/deepfake-ViT/test_data_v3/real/real__850__315.png,0
/Users/pickapu/Documents/PyCharmMiscProject/deepfake-ViT/test_data_v3/tpsm/fake/tpsm__tpsm_id26_id23_0003__000.png,1
/Users/pickapu/Documents/PyCharmMiscProject/deepfake-ViT/test_data_v3/real/real__963__356.png,0
/Users/pickapu/Documents/PyCharmMiscProject/deepfake-ViT/test_data_v3/whichfaceisreal/fake/whichfaceisreal__whichfaceisreal_307.png__307.png,1
/Users/pickapu/Documents/PyCharmMiscProject/deepfake-ViT/test_data_v3/sd2.1/fake/sd2.1__364__422_182.png,1
/Users/pickapu/Documents/PyCharmMiscProject/deepfake-ViT/test_data_v3/starganv2/fake/starganv2__starganv2_85__85.jpg,1
/Users/pickapu/Documents/PyCharmMiscProject/deepfake-ViT/test_data_v3/StyleGAN3/fake/StyleGAN3__StyleGAN3_Fake_from_Celeb-real_id16_0012__seed21247.png,1
/Users/pickapu/Documents/PyCharmMiscProject/deepfake-ViT/test_data_v3/stargan/fake/stargan__stargan_1567__1567.jpg,1
/Users/pickapu/Documents/PyCharmMiscProject/deepfake-ViT/test_data_v3/facevid2vid/fake/facevid2vid__facevid2vid_id1_id23_0006__000.png,1
/Users/pickapu/Documents/PyCharmMiscProject/deepfake-ViT/test_data_v3/real/real__441__156.png,0
/Users/pickapu/Documents/PyCharmMiscProject/deepfake-ViT/test_data_v3/real/real__530__369.png,0
/Users/pickapu/Documents/PyCharmMiscProject/deepfake-ViT/test_data_v3/StyleGANXL/fake/StyleGANXL__StyleGANXL_Fake_from_Youtube-real_00129__seed22232.png,1
/Users/pickapu/Documents/PyCharmMiscProject/deepfake-ViT/test_data_v3/fsgan/fake/fsgan__fsgan_id55_id57_0002__000.png,1
/Users/pickapu/Documents/PyCharmMiscProject/deepfake-ViT/test_data_v3/real/real__535__343.png,0
/Users/pickapu/Documents/PyCharmMiscProject/deepfake-ViT/test_data_v3/faceswap/fake/faceswap__faceswap_id17_id31_0009__000.png,1
/Users/pickapu/Documents/PyCharmMiscProject/deepfake-ViT/test_data_v3/stargan/fake/stargan__stargan_1312__1312.jpg,1
/Users/pickapu/Documents/PyCharmMiscProject/deepfake-ViT/test_data_v3/fomm/fake/fomm__fomm_id30_id31_0009__000.png,1
/Users/pickapu/Documents/PyCharmMiscProject/deepfake-ViT/test_data_v3/real/real__id22_0000__102.png,0
/Users/pickapu/Documents/PyCharmMiscProject/deepfake-ViT/test_data_v3/real/real__907__270.png,0
/Users/pickapu/Documents/PyCharmMiscProject/deepfake-ViT/test_data_v3/real/real__790__355.png,0
/Users/pickapu/Documents/PyCharmMiscProject/deepfake-ViT/test_data_v3/CollabDiff/fake/CollabDiff__CollabDiff_70__000000_x_0.png,1
/Users/pickapu/Documents/PyCharmMiscProject/deepfake-ViT/test_data_v3/real/real__819__477.png,0
/Users/pickapu/Documents/PyCharmMiscProject/deepfake-ViT/test_data_v3/real/real__927__359.png,0
/Users/pickapu/Documents/PyCharmMiscProject/deepfake-ViT/test_data_v3/pirender/fake/pirender__pirender_id30_id31_0009__000.png,1
/Users/pickapu/Documents/PyCharmMiscProject/deepfake-ViT/test_data_v3/real/real__420__435.png,0
/Users/pickapu/Documents/PyCharmMiscProject/deepfake-ViT/test_data_v3/ddim/fake/ddim__ddim_00029__Celeb-real_id54_0000_093.png,1
/Users/pickapu/Documents/PyCharmMiscProject/deepfake-ViT/test_data_v3/sadtalker/fake/sadtalker__sadtalker_id35_AAsSqx2aLsA_50004_0006__000.png,1
/Users/pickapu/Documents/PyCharmMiscProject/deepfake-ViT/test_data_v3/facedancer/fake/facedancer__facedancer_id38_id34_0003__000.png,1
/Users/pickapu/Documents/PyCharmMiscProject/deepfake-ViT/test_data_v3/lia/fake/lia__lia_id51_id57_0000__000.png,1
/Users/pickapu/Documents/PyCharmMiscProject/deepfake-ViT/test_data_v3/real/real__644__212.png,0
/Users/pickapu/Documents/PyCharmMiscProject/deepfake-ViT/test_data_v3/real/real__417__443.png,0
/Users/pickapu/Documents/PyCharmMiscProject/deepfake-ViT/test_data_v3/real/real__827__160.png,0
/Users/pickapu/Documents/PyCharmMiscProject/deepfake-ViT/test_data_v3/real/real__00283__202.png,0
/Users/pickapu/Documents/PyCharmMiscProject/deepfake-ViT/test_data_v3/faceswap/fake/faceswap__faceswap_id29_id37_0008__000.png,1
/Users/pickapu/Documents/PyCharmMiscProject/deepfake-ViT/test_data_v3/fsgan/fake/fsgan__fsgan_id46_id45_0001__000.png,1
/Users/pickapu/Documents/PyCharmMiscProject/deepfake-ViT/test_data_v3/real/real__033__417.png,0
/Users/pickapu/Documents/PyCharmMiscProject/deepfake-ViT/test_data_v3/CollabDiff/fake/CollabDiff__CollabDiff_320__000000_x_0.png,1
/Users/pickapu/Documents/PyCharmMiscProject/deepfake-ViT/test_data_v3/uniface/fake/uniface__uniface_id39_id47_0004__000.png,1
/Users/pickapu/Documents/PyCharmMiscProject/deepfake-ViT/test_data_v3/one_shot_free/fake/one_shot_free__id3_0008__000.png,1
/Users/pickapu/Documents/PyCharmMiscProject/deepfake-ViT/test_data_v3/pixart/fake/pixart__00092__YouTube-real_00092_548.png,1
/Users/pickapu/Documents/PyCharmMiscProject/deepfake-ViT/test_data_v3/real/real__id58_0002__240.png,0
/Users/pickapu/Documents/PyCharmMiscProject/deepfake-ViT/test_data_v3/one_shot_free/fake/one_shot_free__one_shot_free_id0_id3_0007__000.png,1
/Users/pickapu/Documents/PyCharmMiscProject/deepfake-ViT/test_data_v3/one_shot_free/fake/one_shot_free__one_shot_free_id26_id16_0001__000.png,1
/Users/pickapu/Documents/PyCharmMiscProject/deepfake-ViT/test_data_v3/CollabDiff/fake/CollabDiff__CollabDiff_814__000000_x_0.png,1
/Users/pickapu/Documents/PyCharmMiscProject/deepfake-ViT/test_data_v3/real/real__089__387.png,0
/Users/pickapu/Documents/PyCharmMiscProject/deepfake-ViT/test_data_v3/StyleGAN2/fake/StyleGAN2__StyleGAN2_00243__seed4314.png,1
/Users/pickapu/Documents/PyCharmMiscProject/deepfake-ViT/test_data_v3/real/real__215__302.png,0
/Users/pickapu/Documents/PyCharmMiscProject/deepfake-ViT/test_data_v3/real/real__101__444.png,0
/Users/pickapu/Documents/PyCharmMiscProject/deepfake-ViT/test_data_v3/sadtalker/fake/sadtalker__sadtalker_id9_BnC6IABJXOI_50001_0000__000.png,1
/Users/pickapu/Documents/PyCharmMiscProject/deepfake-ViT/test_data_v3/real/real__665__166.png,0
/Users/pickapu/Documents/PyCharmMiscProject/deepfake-ViT/test_data_v3/SiT/fake/SiT__id4_0004__23512.png,1
/Users/pickapu/Documents/PyCharmMiscProject/deepfake-ViT/test_data_v3/mcnet/fake/mcnet__380__000.png,1
/Users/pickapu/Documents/PyCharmMiscProject/deepfake-ViT/test_data_v3/real/real__00273__165.png,0
/Users/pickapu/Documents/PyCharmMiscProject/deepfake-ViT/test_data_v3/uniface/fake/uniface__uniface_id6_id9_0006__000.png,1
/Users/pickapu/Documents/PyCharmMiscProject/deepfake-ViT/test_data_v3/real/real__216__245.png,0
/Users/pickapu/Documents/PyCharmMiscProject/deepfake-ViT/test_data_v3/real/real__300__308.png,0
/Users/pickapu/Documents/PyCharmMiscProject/deepfake-ViT/test_data_v3/mcnet/fake/mcnet__id2_0004__000.png,1
/Users/pickapu/Documents/PyCharmMiscProject/deepfake-ViT/test_data_v3/MRAA/fake/MRAA__MRAA_id37_id31_0008__000.png,1
/Users/pickapu/Documents/PyCharmMiscProject/deepfake-ViT/test_data_v3/real/real__909__328.png,0
/Users/pickapu/Documents/PyCharmMiscProject/deepfake-ViT/test_data_v3/starganv2/fake/starganv2__starganv2_582__582.jpg,1
/Users/pickapu/Documents/PyCharmMiscProject/deepfake-ViT/test_data_v3/real/real__390__417.png,0
/Users/pickapu/Documents/PyCharmMiscProject/deepfake-ViT/test_data_v3/StyleGAN3/fake/StyleGAN3__StyleGAN3_Fake_from_Youtube-real_00261__seed21102.png,1
/Users/pickapu/Documents/PyCharmMiscProject/deepfake-ViT/test_data_v3/facedancer/fake/facedancer__facedancer_id11_id10_0004__492.png,1
/Users/pickapu/Documents/PyCharmMiscProject/deepfake-ViT/test_data_v3/real/real__127__445.png,0
/Users/pickapu/Documents/PyCharmMiscProject/deepfake-ViT/test_data_v3/real/real__520__180.png,0
/Users/pickapu/Documents/PyCharmMiscProject/deepfake-ViT/test_data_v3/DiT/fake/DiT__00063__23538.png,1
/Users/pickapu/Documents/PyCharmMiscProject/deepfake-ViT/test_data_v3/real/real__692__182.png,0
/Users/pickapu/Documents/PyCharmMiscProject/deepfake-ViT/test_data_v3/real/real__113__433.png,0
/Users/pickapu/Documents/PyCharmMiscProject/deepfake-ViT/test_data_v3/real/real__266__239.png,0
/Users/pickapu/Documents/PyCharmMiscProject/deepfake-ViT/test_data_v3/sd2.1/fake/sd2.1__id32_0008__Celeb-real_id32_0008_182.png,1
/Users/pickapu/Documents/PyCharmMiscProject/deepfake-ViT/test_data_v3/mobileswap/fake/mobileswap__814__283.png,1
/Users/pickapu/Documents/PyCharmMiscProject/deepfake-ViT/test_data_v3/wav2lip/fake/wav2lip__wav2lip_id1_0002_4SkoG9FWP4w_50003__000.png,1
/Users/pickapu/Documents/PyCharmMiscProject/deepfake-ViT/test_data_v3/real/real__id48_0003__161.png,0
/Users/pickapu/Documents/PyCharmMiscProject/deepfake-ViT/test_data_v3/real/real__573__315.png,0
/Users/pickapu/Documents/PyCharmMiscProject/deepfake-ViT/test_data_v3/DiT/fake/DiT__DiT_00183__2430.png,1
/Users/pickapu/Documents/PyCharmMiscProject/deepfake-ViT/test_data_v3/sadtalker/fake/sadtalker__sadtalker_id50_aEjUlH7bNDo_50011_0000__000.png,1
/Users/pickapu/Documents/PyCharmMiscProject/deepfake-ViT/test_data_v3/StyleGAN3/fake/StyleGAN3__StyleGAN3_Fake_from_Celeb-real_id47_0001__seed21397.png,1
/Users/pickapu/Documents/PyCharmMiscProject/deepfake-ViT/test_data_v3/StyleGAN3/fake/StyleGAN3__StyleGAN3_ff_420__seed18275.png,1
/Users/pickapu/Documents/PyCharmMiscProject/deepfake-ViT/test_data_v3/real/real__id56_0009__152.png,0
/Users/pickapu/Documents/PyCharmMiscProject/deepfake-ViT/test_data_v3/StyleGAN2/fake/StyleGAN2__StyleGAN2_id12_0002__seed13627.png,1
/Users/pickapu/Documents/PyCharmMiscProject/deepfake-ViT/test_data_v3/stargan/fake/stargan__stargan_1522__1522.jpg,1
/Users/pickapu/Documents/PyCharmMiscProject/deepfake-ViT/test_data_v3/real/real__820__342.png,0
/Users/pickapu/Documents/PyCharmMiscProject/deepfake-ViT/test_data_v3/blendface/fake/blendface__blendface_id1_id0_0000__000.png,1
/Users/pickapu/Documents/PyCharmMiscProject/deepfake-ViT/test_data_v3/real/real__345__217.png,0
/Users/pickapu/Documents/PyCharmMiscProject/deepfake-ViT/test_data_v3/StyleGAN3/fake/StyleGAN3__StyleGAN3_Fake_from_Celeb-real_id1_0003__seed24046.png,1
/Users/pickapu/Documents/PyCharmMiscProject/deepfake-ViT/test_data_v3/faceswap/fake/faceswap__880__000.png,1
/Users/pickapu/Documents/PyCharmMiscProject/deepfake-ViT/test_data_v3/stargan/fake/stargan__stargan_1584__1584.jpg,1
/Users/pickapu/Documents/PyCharmMiscProject/deepfake-ViT/test_data_v3/real/real__405__273.png,0
/Users/pickapu/Documents/PyCharmMiscProject/deepfake-ViT/test_data_v3/simswap/fake/simswap__024__157.png,1
/Users/pickapu/Documents/PyCharmMiscProject/deepfake-ViT/test_data_v3/starganv2/fake/starganv2__starganv2_1762__1762.jpg,1
/Users/pickapu/Documents/PyCharmMiscProject/deepfake-ViT/test_data_v3/real/real__532__201.png,0
/Users/pickapu/Documents/PyCharmMiscProject/deepfake-ViT/test_data_v3/facedancer/fake/facedancer__445__475.png,1
/Users/pickapu/Documents/PyCharmMiscProject/deepfake-ViT/test_data_v3/StyleGAN3/fake/StyleGAN3__StyleGAN3_Fake_from_Youtube-real_00258__seed22037.png,1
/Users/pickapu/Documents/PyCharmMiscProject/deepfake-ViT/test_data_v3/real/real__756__293.png,0
/Users/pickapu/Documents/PyCharmMiscProject/deepfake-ViT/test_data_v3/real/real__188__159.png,0
/Users/pickapu/Documents/PyCharmMiscProject/deepfake-ViT/test_data_v3/wav2lip/fake/wav2lip__wav2lip_id25_0001_acJscdoP2a4_50001__000.png,1
/Users/pickapu/Documents/PyCharmMiscProject/deepfake-ViT/test_data_v3/real/real__923__310.png,0
/Users/pickapu/Documents/PyCharmMiscProject/deepfake-ViT/test_data_v3/real/real__195__171.png,0
/Users/pickapu/Documents/PyCharmMiscProject/deepfake-ViT/test_data_v3/real/real__551__374.png,0
/Users/pickapu/Documents/PyCharmMiscProject/deepfake-ViT/test_data_v3/faceswap/fake/faceswap__faceswap_id13_id7_0009__000.png,1
/Users/pickapu/Documents/PyCharmMiscProject/deepfake-ViT/test_data_v3/ddim/fake/ddim__ddim_id30_0001__Celeb-real_id31_0009_443.png,1
/Users/pickapu/Documents/PyCharmMiscProject/deepfake-ViT/test_data_v3/real/real__388__327.png,0
/Users/pickapu/Documents/PyCharmMiscProject/deepfake-ViT/test_data_v3/real/real__id43_0001__175.png,0
/Users/pickapu/Documents/PyCharmMiscProject/deepfake-ViT/test_data_v3/real/real__id28_0009__170.png,0
/Users/pickapu/Documents/PyCharmMiscProject/deepfake-ViT/test_data_v3/SiT/fake/SiT__SiT_id19_0000__25727.png,1
/Users/pickapu/Documents/PyCharmMiscProject/deepfake-ViT/test_data_v3/styleclip/fake/styleclip__styleclip_00344__00344.jpg,1
/Users/pickapu/Documents/PyCharmMiscProject/deepfake-ViT/test_data_v3/real/real__156__266.png,0
/Users/pickapu/Documents/PyCharmMiscProject/deepfake-ViT/test_data_v3/ddim/fake/ddim__ddim_id25_0008__Celeb-real_id22_0009_331.png,1
/Users/pickapu/Documents/PyCharmMiscProject/deepfake-ViT/test_data_v3/real/real__671__176.png,0
/Users/pickapu/Documents/PyCharmMiscProject/deepfake-ViT/test_data_v3/sd2.1/fake/sd2.1__155__424_020.png,1
/Users/pickapu/Documents/PyCharmMiscProject/deepfake-ViT/test_data_v3/real/real__id37_0004__190.png,0
/Users/pickapu/Documents/PyCharmMiscProject/deepfake-ViT/test_data_v3/real/real__00253__083.png,0
/Users/pickapu/Documents/PyCharmMiscProject/deepfake-ViT/test_data_v3/real/real__798__190.png,0
/Users/pickapu/Documents/PyCharmMiscProject/deepfake-ViT/test_data_v3/real/real__00011__242.png,0
/Users/pickapu/Documents/PyCharmMiscProject/deepfake-ViT/test_data_v3/real/real__280__312.png,0
/Users/pickapu/Documents/PyCharmMiscProject/deepfake-ViT/test_data_v3/tpsm/fake/tpsm__tpsm_id0_id1_0000__000.png,1
/Users/pickapu/Documents/PyCharmMiscProject/deepfake-ViT/test_data_v3/real/real__997__225.png,0
/Users/pickapu/Documents/PyCharmMiscProject/deepfake-ViT/test_data_v3/hyperreenact/fake/hyperreenact__hyperreenact_id58_id52_0005__000.png,1
/Users/pickapu/Documents/PyCharmMiscProject/deepfake-ViT/test_data_v3/real/real__944__176.png,0
/Users/pickapu/Documents/PyCharmMiscProject/deepfake-ViT/test_data_v3/fomm/fake/fomm__fomm_id48_id47_0008__000.png,1
/Users/pickapu/Documents/PyCharmMiscProject/deepfake-ViT/test_data_v3/real/real__076__169.png,0
/Users/pickapu/Documents/PyCharmMiscProject/deepfake-ViT/test_data_v3/uniface/fake/uniface__uniface_id2_id26_0001__000.png,1
/Users/pickapu/Documents/PyCharmMiscProject/deepfake-ViT/test_data_v3/one_shot_free/fake/one_shot_free__id9_0000__000.png,1
/Users/pickapu/Documents/PyCharmMiscProject/deepfake-ViT/test_data_v3/real/real__485__413.png,0
/Users/pickapu/Documents/PyCharmMiscProject/deepfake-ViT/test_data_v3/MRAA/fake/MRAA__MRAA_id1_id37_0002__000.png,1
/Users/pickapu/Documents/PyCharmMiscProject/deepfake-ViT/test_data_v3/pixart/fake/pixart__id51_0001__Celeb-real_id51_0001_236.png,1
/Users/pickapu/Documents/PyCharmMiscProject/deepfake-ViT/test_data_v3/real/real__id9_0000__230.png,0
/Users/pickapu/Documents/PyCharmMiscProject/deepfake-ViT/test_data_v3/inswap/fake/inswap__389__161.png,1
/Users/pickapu/Documents/PyCharmMiscProject/deepfake-ViT/test_data_v3/faceswap/fake/faceswap__faceswap_id45_id47_0002__000.png,1
/Users/pickapu/Documents/PyCharmMiscProject/deepfake-ViT/test_data_v3/real/real__053__214.png,0
/Users/pickapu/Documents/PyCharmMiscProject/deepfake-ViT/test_data_v3/real/real__911__169.png,0
/Users/pickapu/Documents/PyCharmMiscProject/deepfake-ViT/test_data_v3/MidJourney/fake/MidJourney__MidJourney_13592447708_Clean_caucasian_female_face_face_only_shown_face_cl_86a90512-1f01-432d-b967-5e5d38983498.png__13592447708_Clean_caucasian_female_face_face_only_shown_face_cl_86a90512-1f01-432d-b967-5e5d38983498.png,1
/Users/pickapu/Documents/PyCharmMiscProject/deepfake-ViT/test_data_v3/MidJourney/fake/MidJourney__MidJourney_13592447708_Single_person_black_male_looking_at_the_camera_faci_e378be41-f3ef-41fa-901c-ebdfb311d928.png__13592447708_Single_person_black_male_looking_at_the_camera_faci_e378be41-f3ef-41fa-901c-ebdfb311d928.png,1
/Users/pickapu/Documents/PyCharmMiscProject/deepfake-ViT/test_data_v3/stargan/fake/stargan__stargan_931__931.jpg,1
/Users/pickapu/Documents/PyCharmMiscProject/deepfake-ViT/test_data_v3/blendface/fake/blendface__blendface_id16_id2_0006__000.png,1
/Users/pickapu/Documents/PyCharmMiscProject/deepfake-ViT/test_data_v3/simswap/fake/simswap__517__192.png,1
/Users/pickapu/Documents/PyCharmMiscProject/deepfake-ViT/test_data_v3/real/real__120__208.png,0
/Users/pickapu/Documents/PyCharmMiscProject/deepfake-ViT/test_data_v3/real/real__004__158.png,0
/Users/pickapu/Documents/PyCharmMiscProject/deepfake-ViT/test_data_v3/VQGAN/fake/VQGAN__VQGAN_00048__027842.png,1
/Users/pickapu/Documents/PyCharmMiscProject/deepfake-ViT/test_data_v3/e4s/fake/e4s__731__401.png,1
/Users/pickapu/Documents/PyCharmMiscProject/deepfake-ViT/test_data_v3/real/real__400__183.png,0
/Users/pickapu/Documents/PyCharmMiscProject/deepfake-ViT/test_data_v3/hyperreenact/fake/hyperreenact__hyperreenact_id28_id25_0003__000.png,1
/Users/pickapu/Documents/PyCharmMiscProject/deepfake-ViT/test_data_v3/mobileswap/fake/mobileswap__959__248.png,1
/Users/pickapu/Documents/PyCharmMiscProject/deepfake-ViT/test_data_v3/MidJourney/fake/MidJourney__MidJourney_13592447708_Clean_caucasian_female_face_face_only_shown_face_cl_df204deb-0461-4339-9d80-93e40b02b6d5.png__13592447708_Clean_caucasian_female_face_face_only_shown_face_cl_df204deb-0461-4339-9d80-93e40b02b6d5.png,1
/Users/pickapu/Documents/PyCharmMiscProject/deepfake-ViT/test_data_v3/mobileswap/fake/mobileswap__765__199.png,1
/Users/pickapu/Documents/PyCharmMiscProject/deepfake-ViT/test_data_v3/real/real__458__180.png,0
/Users/pickapu/Documents/PyCharmMiscProject/deepfake-ViT/test_data_v3/real/real__721__299.png,0
/Users/pickapu/Documents/PyCharmMiscProject/deepfake-ViT/test_data_v3/real/real__421__468.png,0
/Users/pickapu/Documents/PyCharmMiscProject/deepfake-ViT/test_data_v3/real/real__00207__060.png,0
/Users/pickapu/Documents/PyCharmMiscProject/deepfake-ViT/test_data_v3/real/real__386__231.png,0
/Users/pickapu/Documents/PyCharmMiscProject/deepfake-ViT/test_data_v3/real/real__826__182.png,0
/Users/pickapu/Documents/PyCharmMiscProject/deepfake-ViT/test_data_v3/facevid2vid/fake/facevid2vid__facevid2vid_id26_id17_0006__000.png,1
/Users/pickapu/Documents/PyCharmMiscProject/deepfake-ViT/test_data_v3/SiT/fake/SiT__SiT_id8_0006__24129.png,1
/Users/pickapu/Documents/PyCharmMiscProject/deepfake-ViT/test_data_v3/real/real__00260__162.png,0
/Users/pickapu/Documents/PyCharmMiscProject/deepfake-ViT/test_data_v3/hyperreenact/fake/hyperreenact__hyperreenact_id21_id4_0009__000.png,1
/Users/pickapu/Documents/PyCharmMiscProject/deepfake-ViT/test_data_v3/real/real__id40_0009__162.png,0
/Users/pickapu/Documents/PyCharmMiscProject/deepfake-ViT/test_data_v3/stargan/fake/stargan__stargan_1143__1143.jpg,1
/Users/pickapu/Documents/PyCharmMiscProject/deepfake-ViT/test_data_v3/real/real__00285__230.png,0
/Users/pickapu/Documents/PyCharmMiscProject/deepfake-ViT/test_data_v3/e4e/fake/e4e__077__02480.jpg,1
/Users/pickapu/Documents/PyCharmMiscProject/deepfake-ViT/test_data_v3/fsgan/fake/fsgan__000__203.png,1
/Users/pickapu/Documents/PyCharmMiscProject/deepfake-ViT/test_data_v3/sd2.1/fake/sd2.1__sd2.1_id57_0001__Celeb-real_id46_0004_209.png,1
/Users/pickapu/Documents/PyCharmMiscProject/deepfake-ViT/test_data_v3/fomm/fake/fomm__id53_0003__000.png,1
/Users/pickapu/Documents/PyCharmMiscProject/deepfake-ViT/test_data_v3/real/real__387__272.png,0
/Users/pickapu/Documents/PyCharmMiscProject/deepfake-ViT/test_data_v3/real/real__586__195.png,0
/Users/pickapu/Documents/PyCharmMiscProject/deepfake-ViT/test_data_v3/real/real__259__228.png,0
/Users/pickapu/Documents/PyCharmMiscProject/deepfake-ViT/test_data_v3/real/real__349__242.png,0
/Users/pickapu/Documents/PyCharmMiscProject/deepfake-ViT/test_data_v3/real/real__474__142.png,0
/Users/pickapu/Documents/PyCharmMiscProject/deepfake-ViT/test_data_v3/tpsm/fake/tpsm__tpsm_id7_id12_0006__000.png,1
/Users/pickapu/Documents/PyCharmMiscProject/deepfake-ViT/test_data_v3/lia/fake/lia__lia_id13_id7_0009__000.png,1
/Users/pickapu/Documents/PyCharmMiscProject/deepfake-ViT/test_data_v3/StyleGANXL/fake/StyleGANXL__StyleGANXL_Fake_from_Celeb-real_id16_0009__seed18802.png,1
/Users/pickapu/Documents/PyCharmMiscProject/deepfake-ViT/test_data_v3/real/real__509__308.png,0
/Users/pickapu/Documents/PyCharmMiscProject/deepfake-ViT/test_data_v3/real/real__493__203.png,0
/Users/pickapu/Documents/PyCharmMiscProject/deepfake-ViT/test_data_v3/MRAA/fake/MRAA__MRAA_id26_id2_0005__000.png,1
/Users/pickapu/Documents/PyCharmMiscProject/deepfake-ViT/test_data_v3/real/real__974__163.png,0
/Users/pickapu/Documents/PyCharmMiscProject/deepfake-ViT/test_data_v3/MidJourney/fake/MidJourney__MidJourney_13592447708_Clean_East_Asian_female_face_face_only_shown_face_c_7e0b20c1-4ff7-4a71-8e0c-5d5c53a03718.png__13592447708_Clean_East_Asian_female_face_face_only_shown_face_c_7e0b20c1-4ff7-4a71-8e0c-5d5c53a03718.png,1
/Users/pickapu/Documents/PyCharmMiscProject/deepfake-ViT/test_data_v3/real/real__771__326.png,0
/Users/pickapu/Documents/PyCharmMiscProject/deepfake-ViT/test_data_v3/StyleGAN3/fake/StyleGAN3__StyleGAN3_ff_024__seed2848.png,1
/Users/pickapu/Documents/PyCharmMiscProject/deepfake-ViT/test_data_v3/hyperreenact/fake/hyperreenact__623__000.png,1
/Users/pickapu/Documents/PyCharmMiscProject/deepfake-ViT/test_data_v3/real/real__165__199.png,0
/Users/pickapu/Documents/PyCharmMiscProject/deepfake-ViT/test_data_v3/ddim/fake/ddim__ddim_id28_0005__Celeb-real_id58_0005_326.png,1
/Users/pickapu/Documents/PyCharmMiscProject/deepfake-ViT/test_data_v3/real/real__204__265.png,0
/Users/pickapu/Documents/PyCharmMiscProject/deepfake-ViT/test_data_v3/real/real__436__266.png,0
/Users/pickapu/Documents/PyCharmMiscProject/deepfake-ViT/test_data_v3/real/real__941__254.png,0
/Users/pickapu/Documents/PyCharmMiscProject/deepfake-ViT/test_data_v3/real/real__661__264.png,0
/Users/pickapu/Documents/PyCharmMiscProject/deepfake-ViT/test_data_v3/real/real__310__193.png,0
/Users/pickapu/Documents/PyCharmMiscProject/deepfake-ViT/test_data_v3/real/real__439__237.png,0
/Users/pickapu/Documents/PyCharmMiscProject/deepfake-ViT/test_data_v3/VQGAN/fake/VQGAN__VQGAN_00263__012723.png,1
/Users/pickapu/Documents/PyCharmMiscProject/deepfake-ViT/test_data_v3/simswap/fake/simswap__simswap_id3_id30_0006__000.png,1
/Users/pickapu/Documents/PyCharmMiscProject/deepfake-ViT/test_data_v3/lia/fake/lia__lia_id22_id27_0007__000.png,1
/Users/pickapu/Documents/PyCharmMiscProject/deepfake-ViT/test_data_v3/real/real__517__192.png,0
/Users/pickapu/Documents/PyCharmMiscProject/deepfake-ViT/test_data_v3/pixart/fake/pixart__371__670_077.png,1
/Users/pickapu/Documents/PyCharmMiscProject/deepfake-ViT/test_data_v3/real/real__836__176.png,0
/Users/pickapu/Documents/PyCharmMiscProject/deepfake-ViT/test_data_v3/real/real__876__161.png,0
/Users/pickapu/Documents/PyCharmMiscProject/deepfake-ViT/test_data_v3/real/real__682__497.png,0
/Users/pickapu/Documents/PyCharmMiscProject/deepfake-ViT/test_data_v3/real/real__id36_0006__242.png,0
/Users/pickapu/Documents/PyCharmMiscProject/deepfake-ViT/test_data_v3/mcnet/fake/mcnet__mcnet_id3_id23_0009__000.png,1
/Users/pickapu/Documents/PyCharmMiscProject/deepfake-ViT/test_data_v3/real/real__816__211.png,0
/Users/pickapu/Documents/PyCharmMiscProject/deepfake-ViT/test_data_v3/simswap/fake/simswap__simswap_id6_id3_0005__000.png,1
/Users/pickapu/Documents/PyCharmMiscProject/deepfake-ViT/test_data_v3/real/real__527__176.png,0
/Users/pickapu/Documents/PyCharmMiscProject/deepfake-ViT/test_data_v3/lia/fake/lia__lia_id40_id43_0005__000.png,1
/Users/pickapu/Documents/PyCharmMiscProject/deepfake-ViT/test_data_v3/e4e/fake/e4e__119__03824.jpg,1
/Users/pickapu/Documents/PyCharmMiscProject/deepfake-ViT/test_data_v3/StyleGANXL/fake/StyleGANXL__StyleGANXL_Fake_from_Celeb-real_id55_0000__seed24482.png,1
/Users/pickapu/Documents/PyCharmMiscProject/deepfake-ViT/test_data_v3/real/real__190__170.png,0
/Users/pickapu/Documents/PyCharmMiscProject/deepfake-ViT/test_data_v3/whichfaceisreal/fake/whichfaceisreal__whichfaceisreal_970.png__970.png,1
/Users/pickapu/Documents/PyCharmMiscProject/deepfake-ViT/test_data_v3/real/real__857__329.png,0
/Users/pickapu/Documents/PyCharmMiscProject/deepfake-ViT/test_data_v3/starganv2/fake/starganv2__starganv2_358__358.jpg,1
/Users/pickapu/Documents/PyCharmMiscProject/deepfake-ViT/test_data_v3/fsgan/fake/fsgan__fsgan_id26_id22_0005__000.png,1
/Users/pickapu/Documents/PyCharmMiscProject/deepfake-ViT/test_data_v3/real/real__116__168.png,0
/Users/pickapu/Documents/PyCharmMiscProject/deepfake-ViT/test_data_v3/blendface/fake/blendface__blendface_id3_id16_0001__000.png,1
/Users/pickapu/Documents/PyCharmMiscProject/deepfake-ViT/test_data_v3/real/real__331__241.png,0
/Users/pickapu/Documents/PyCharmMiscProject/deepfake-ViT/test_data_v3/e4e/fake/e4e__148__04752.jpg,1
/Users/pickapu/Documents/PyCharmMiscProject/deepfake-ViT/test_data_v3/real/real__id33_0002__232.png,0
/Users/pickapu/Documents/PyCharmMiscProject/deepfake-ViT/test_data_v3/real/real__324__362.png,0
/Users/pickapu/Documents/PyCharmMiscProject/deepfake-ViT/test_data_v3/real/real__424__160.png,0
/Users/pickapu/Documents/PyCharmMiscProject/deepfake-ViT/test_data_v3/MidJourney/fake/MidJourney__MidJourney_13592447708_Clean_East_Asian_female_face_face_only_shown_face_c_4775ea32-d09d-4a94-a104-50b520d23ab3.png__13592447708_Clean_East_Asian_female_face_face_only_shown_face_c_4775ea32-d09d-4a94-a104-50b520d23ab3.png,1
/Users/pickapu/Documents/PyCharmMiscProject/deepfake-ViT/test_data_v3/StyleGANXL/fake/StyleGANXL__StyleGANXL_Fake_from_Celeb-real_id13_0000__seed21331.png,1
/Users/pickapu/Documents/PyCharmMiscProject/deepfake-ViT/test_data_v3/pixart/fake/pixart__352__455_273.png,1
/Users/pickapu/Documents/PyCharmMiscProject/deepfake-ViT/test_data_v3/e4e/fake/e4e__325__10415.jpg,1
/Users/pickapu/Documents/PyCharmMiscProject/deepfake-ViT/test_data_v3/e4s/fake/e4s__e4s_id16_id23_0003__000.png,1
/Users/pickapu/Documents/PyCharmMiscProject/deepfake-ViT/test_data_v3/real/real__748__163.png,0
/Users/pickapu/Documents/PyCharmMiscProject/deepfake-ViT/test_data_v3/mobileswap/fake/mobileswap__552__155.png,1
/Users/pickapu/Documents/PyCharmMiscProject/deepfake-ViT/test_data_v3/starganv2/fake/starganv2__starganv2_1777__1777.jpg,1
/Users/pickapu/Documents/PyCharmMiscProject/deepfake-ViT/test_data_v3/real/real__028__223.png,0
/Users/pickapu/Documents/PyCharmMiscProject/deepfake-ViT/test_data_v3/real/real__930__230.png,0
/Users/pickapu/Documents/PyCharmMiscProject/deepfake-ViT/test_data_v3/real/real__00250__153.png,0
/Users/pickapu/Documents/PyCharmMiscProject/deepfake-ViT/test_data_v3/real/real__542__164.png,0
/Users/pickapu/Documents/PyCharmMiscProject/deepfake-ViT/test_data_v3/starganv2/fake/starganv2__starganv2_1605__1605.jpg,1
/Users/pickapu/Documents/PyCharmMiscProject/deepfake-ViT/test_data_v3/real/real__598__353.png,0
/Users/pickapu/Documents/PyCharmMiscProject/deepfake-ViT/test_data_v3/real/real__858__248.png,0
/Users/pickapu/Documents/PyCharmMiscProject/deepfake-ViT/test_data_v3/MidJourney/fake/MidJourney__MidJourney_13592447708_Single_person_black_male_looking_at_the_camera_faci_10c89087-d071-40ac-942d-3f043f88a29a.png__13592447708_Single_person_black_male_looking_at_the_camera_faci_10c89087-d071-40ac-942d-3f043f88a29a.png,1
/Users/pickapu/Documents/PyCharmMiscProject/deepfake-ViT/test_data_v3/real/real__455__190.png,0
/Users/pickapu/Documents/PyCharmMiscProject/deepfake-ViT/test_data_v3/real/real__029__214.png,0
/Users/pickapu/Documents/PyCharmMiscProject/deepfake-ViT/test_data_v3/real/real__524__271.png,0
/Users/pickapu/Documents/PyCharmMiscProject/deepfake-ViT/test_data_v3/real/real__157__250.png,0
/Users/pickapu/Documents/PyCharmMiscProject/deepfake-ViT/test_data_v3/whichfaceisreal/fake/whichfaceisreal__whichfaceisreal_714.png__714.png,1
/Users/pickapu/Documents/PyCharmMiscProject/deepfake-ViT/test_data_v3/real/real__569__172.png,0
/Users/pickapu/Documents/PyCharmMiscProject/deepfake-ViT/test_data_v3/StyleGAN2/fake/StyleGAN2__StyleGAN2_id56_0001__seed22488.png,1
/Users/pickapu/Documents/PyCharmMiscProject/deepfake-ViT/test_data_v3/real/real__052__166.png,0
/Users/pickapu/Documents/PyCharmMiscProject/deepfake-ViT/test_data_v3/stargan/fake/stargan__stargan_678__678.jpg,1
/Users/pickapu/Documents/PyCharmMiscProject/deepfake-ViT/test_data_v3/real/real__965__179.png,0
/Users/pickapu/Documents/PyCharmMiscProject/deepfake-ViT/test_data_v3/real/real__533__287.png,0
/Users/pickapu/Documents/PyCharmMiscProject/deepfake-ViT/test_data_v3/real/real__id48_0000__173.png,0
/Users/pickapu/Documents/PyCharmMiscProject/deepfake-ViT/test_data_v3/real/real__051__369.png,0
/Users/pickapu/Documents/PyCharmMiscProject/deepfake-ViT/test_data_v3/real/real__291__169.png,0
/Users/pickapu/Documents/PyCharmMiscProject/deepfake-ViT/test_data_v3/e4e/fake/e4e__277__08879.jpg,1
/Users/pickapu/Documents/PyCharmMiscProject/deepfake-ViT/test_data_v3/real/real__854__151.png,0
/Users/pickapu/Documents/PyCharmMiscProject/deepfake-ViT/test_data_v3/real/real__584__244.png,0
/Users/pickapu/Documents/PyCharmMiscProject/deepfake-ViT/test_data_v3/mobileswap/fake/mobileswap__485__413.png,1
/Users/pickapu/Documents/PyCharmMiscProject/deepfake-ViT/test_data_v3/real/real__852__219.png,0
/Users/pickapu/Documents/PyCharmMiscProject/deepfake-ViT/test_data_v3/lia/fake/lia__423__1754.png,1
/Users/pickapu/Documents/PyCharmMiscProject/deepfake-ViT/test_data_v3/real/real__444__225.png,0
/Users/pickapu/Documents/PyCharmMiscProject/deepfake-ViT/test_data_v3/real/real__689__234.png,0
/Users/pickapu/Documents/PyCharmMiscProject/deepfake-ViT/test_data_v3/starganv2/fake/starganv2__starganv2_1717__1717.jpg,1
/Users/pickapu/Documents/PyCharmMiscProject/deepfake-ViT/test_data_v3/sadtalker/fake/sadtalker__sadtalker_id3_CWU13rx44j8_50015_0004__000.png,1
/Users/pickapu/Documents/PyCharmMiscProject/deepfake-ViT/test_data_v3/real/real__571__296.png,0
/Users/pickapu/Documents/PyCharmMiscProject/deepfake-ViT/test_data_v3/ddim/fake/ddim__ddim_id58_0008__Celeb-real_id6_0001_041.png,1
/Users/pickapu/Documents/PyCharmMiscProject/deepfake-ViT/test_data_v3/real/real__097__246.png,0
/Users/pickapu/Documents/PyCharmMiscProject/deepfake-ViT/test_data_v3/styleclip/fake/styleclip__styleclip_00443__00443.jpg,1
/Users/pickapu/Documents/PyCharmMiscProject/deepfake-ViT/test_data_v3/real/real__808__328.png,0
/Users/pickapu/Documents/PyCharmMiscProject/deepfake-ViT/test_data_v3/faceswap/fake/faceswap__995__282.png,1
/Users/pickapu/Documents/PyCharmMiscProject/deepfake-ViT/test_data_v3/pixart/fake/pixart__pixart_00018__Celeb-real_id26_0002_124.png,1
/Users/pickapu/Documents/PyCharmMiscProject/deepfake-ViT/test_data_v3/fomm/fake/fomm__fomm_id0_id6_0007__000.png,1
/Users/pickapu/Documents/PyCharmMiscProject/deepfake-ViT/test_data_v3/fsgan/fake/fsgan__fsgan_id27_id22_0007__000.png,1
/Users/pickapu/Documents/PyCharmMiscProject/deepfake-ViT/test_data_v3/real/real__840__433.png,0
/Users/pickapu/Documents/PyCharmMiscProject/deepfake-ViT/test_data_v3/real/real__230__191.png,0
/Users/pickapu/Documents/PyCharmMiscProject/deepfake-ViT/test_data_v3/mobileswap/fake/mobileswap__491__219.png,1
/Users/pickapu/Documents/PyCharmMiscProject/deepfake-ViT/test_data_v3/mobileswap/fake/mobileswap__774__161.png,1
/Users/pickapu/Documents/PyCharmMiscProject/deepfake-ViT/test_data_v3/real/real__304__314.png,0
/Users/pickapu/Documents/PyCharmMiscProject/deepfake-ViT/test_data_v3/real/real__621__190.png,0
/Users/pickapu/Documents/PyCharmMiscProject/deepfake-ViT/test_data_v3/real/real__00021__237.png,0
/Users/pickapu/Documents/PyCharmMiscProject/deepfake-ViT/test_data_v3/real/real__id36_0000__200.png,0
/Users/pickapu/Documents/PyCharmMiscProject/deepfake-ViT/test_data_v3/sd2.1/fake/sd2.1__sd2.1_00123__Celeb-real_id61_0006_105.png,1
/Users/pickapu/Documents/PyCharmMiscProject/deepfake-ViT/test_data_v3/real/real__085__169.png,0
/Users/pickapu/Documents/PyCharmMiscProject/deepfake-ViT/test_data_v3/CollabDiff/fake/CollabDiff__CollabDiff_512__000000_x_0.png,1
/Users/pickapu/Documents/PyCharmMiscProject/deepfake-ViT/test_data_v3/uniface/fake/uniface__371__370.png,1
/Users/pickapu/Documents/PyCharmMiscProject/deepfake-ViT/test_data_v3/sd2.1/fake/sd2.1__036__656_032.png,1
/Users/pickapu/Documents/PyCharmMiscProject/deepfake-ViT/test_data_v3/real/real__184__363.png,0
/Users/pickapu/Documents/PyCharmMiscProject/deepfake-ViT/test_data_v3/real/real__691__278.png,0
/Users/pickapu/Documents/PyCharmMiscProject/deepfake-ViT/test_data_v3/real/real__594__151.png,0
/Users/pickapu/Documents/PyCharmMiscProject/deepfake-ViT/test_data_v3/real/real__705__243.png,0
/Users/pickapu/Documents/PyCharmMiscProject/deepfake-ViT/test_data_v3/StyleGAN3/fake/StyleGAN3__StyleGAN3_Fake_from_Youtube-real_00256__seed23104.png,1
/Users/pickapu/Documents/PyCharmMiscProject/deepfake-ViT/test_data_v3/sadtalker/fake/sadtalker__sadtalker_id53_6H6wKMYSiEU_50002_0003__000.png,1
/Users/pickapu/Documents/PyCharmMiscProject/deepfake-ViT/test_data_v3/real/real__959__248.png,0
/Users/pickapu/Documents/PyCharmMiscProject/deepfake-ViT/test_data_v3/fomm/fake/fomm__fomm_id32_id31_0006__000.png,1
/Users/pickapu/Documents/PyCharmMiscProject/deepfake-ViT/test_data_v3/real/real__348__213.png,0
/Users/pickapu/Documents/PyCharmMiscProject/deepfake-ViT/test_data_v3/CollabDiff/fake/CollabDiff__CollabDiff_643__000000_x_0.png,1
/Users/pickapu/Documents/PyCharmMiscProject/deepfake-ViT/test_data_v3/pirender/fake/pirender__pirender_id34_id38_0003__000.png,1
/Users/pickapu/Documents/PyCharmMiscProject/deepfake-ViT/test_data_v3/real/real__817__215.png,0
/Users/pickapu/Documents/PyCharmMiscProject/deepfake-ViT/test_data_v3/real/real__196__219.png,0
/Users/pickapu/Documents/PyCharmMiscProject/deepfake-ViT/test_data_v3/real/real__392__241.png,0
/Users/pickapu/Documents/PyCharmMiscProject/deepfake-ViT/test_data_v3/faceswap/fake/faceswap__faceswap_id1_id3_0009__000.png,1
/Users/pickapu/Documents/PyCharmMiscProject/deepfake-ViT/test_data_v3/real/real__422__162.png,0
/Users/pickapu/Documents/PyCharmMiscProject/deepfake-ViT/test_data_v3/danet/fake/danet__707__000.png,1
/Users/pickapu/Documents/PyCharmMiscProject/deepfake-ViT/test_data_v3/real/real__870__311.png,0
/Users/pickapu/Documents/PyCharmMiscProject/deepfake-ViT/test_data_v3/real/real__674__188.png,0
/Users/pickapu/Documents/PyCharmMiscProject/deepfake-ViT/test_data_v3/real/real__853__317.png,0
/Users/pickapu/Documents/PyCharmMiscProject/deepfake-ViT/test_data_v3/MidJourney/fake/MidJourney__MidJourney_13592447708_Single_person_white_male_looking_at_the_camera_faci_d14b9925-f1e0-40c8-bcf9-44dcc11a85be.png__13592447708_Single_person_white_male_looking_at_the_camera_faci_d14b9925-f1e0-40c8-bcf9-44dcc11a85be.png,1
/Users/pickapu/Documents/PyCharmMiscProject/deepfake-ViT/test_data_v3/real/real__720__272.png,0
/Users/pickapu/Documents/PyCharmMiscProject/deepfake-ViT/test_data_v3/simswap/fake/simswap__simswap_id45_id39_0008__000.png,1
/Users/pickapu/Documents/PyCharmMiscProject/deepfake-ViT/test_data_v3/starganv2/fake/starganv2__starganv2_102__102.jpg,1
/Users/pickapu/Documents/PyCharmMiscProject/deepfake-ViT/test_data_v3/RDDM/fake/RDDM__741__sample-18743.png,1
/Users/pickapu/Documents/PyCharmMiscProject/deepfake-ViT/test_data_v3/real/real__568__293.png,0
/Users/pickapu/Documents/PyCharmMiscProject/deepfake-ViT/test_data_v3/lia/fake/lia__lia_id26_id17_0006__000.png,1
/Users/pickapu/Documents/PyCharmMiscProject/deepfake-ViT/test_data_v3/real/real__470__466.png,0
/Users/pickapu/Documents/PyCharmMiscProject/deepfake-ViT/test_data_v3/CollabDiff/fake/CollabDiff__CollabDiff_720__000000_x_0.png,1
/Users/pickapu/Documents/PyCharmMiscProject/deepfake-ViT/test_data_v3/hyperreenact/fake/hyperreenact__hyperreenact_id29_id37_0002__000.png,1
/Users/pickapu/Documents/PyCharmMiscProject/deepfake-ViT/test_data_v3/real/real__650__357.png,0
/Users/pickapu/Documents/PyCharmMiscProject/deepfake-ViT/test_data_v3/lia/fake/lia__id3_0001__000.png,1
/Users/pickapu/Documents/PyCharmMiscProject/deepfake-ViT/test_data_v3/real/real__887__174.png,0
/Users/pickapu/Documents/PyCharmMiscProject/deepfake-ViT/test_data_v3/styleclip/fake/styleclip__styleclip_01210__01210.jpg,1
/Users/pickapu/Documents/PyCharmMiscProject/deepfake-ViT/test_data_v3/starganv2/fake/starganv2__starganv2_799__799.jpg,1
/Users/pickapu/Documents/PyCharmMiscProject/deepfake-ViT/test_data_v3/real/real__880__224.png,0
/Users/pickapu/Documents/PyCharmMiscProject/deepfake-ViT/test_data_v3/ddim/fake/ddim__ddim_id55_0004__Celeb-real_id59_0005_177.png,1
/Users/pickapu/Documents/PyCharmMiscProject/deepfake-ViT/test_data_v3/real/real__835__219.png,0
/Users/pickapu/Documents/PyCharmMiscProject/deepfake-ViT/test_data_v3/real/real__871__179.png,0
/Users/pickapu/Documents/PyCharmMiscProject/deepfake-ViT/test_data_v3/real/real__059__371.png,0
/Users/pickapu/Documents/PyCharmMiscProject/deepfake-ViT/test_data_v3/real/real__561__214.png,0
/Users/pickapu/Documents/PyCharmMiscProject/deepfake-ViT/test_data_v3/real/real__id33_0008__259.png,0
/Users/pickapu/Documents/PyCharmMiscProject/deepfake-ViT/test_data_v3/real/real__511__417.png,0
/Users/pickapu/Documents/PyCharmMiscProject/deepfake-ViT/test_data_v3/real/real__00282__213.png,0
/Users/pickapu/Documents/PyCharmMiscProject/deepfake-ViT/test_data_v3/whichfaceisreal/fake/whichfaceisreal__whichfaceisreal_816.png__816.png,1
/Users/pickapu/Documents/PyCharmMiscProject/deepfake-ViT/test_data_v3/e4e/fake/e4e__446__14284.jpg,1
/Users/pickapu/Documents/PyCharmMiscProject/deepfake-ViT/test_data_v3/real/real__749__357.png,0
/Users/pickapu/Documents/PyCharmMiscProject/deepfake-ViT/test_data_v3/ddim/fake/ddim__ddim_id6_0000__YouTube-real_00172_113.png,1
/Users/pickapu/Documents/PyCharmMiscProject/deepfake-ViT/test_data_v3/real/real__960__177.png,0
/Users/pickapu/Documents/PyCharmMiscProject/deepfake-ViT/test_data_v3/blendface/fake/blendface__047__164.png,1
/Users/pickapu/Documents/PyCharmMiscProject/deepfake-ViT/test_data_v3/hyperreenact/fake/hyperreenact__hyperreenact_id11_id7_0009__000.png,1
/Users/pickapu/Documents/PyCharmMiscProject/deepfake-ViT/test_data_v3/faceswap/fake/faceswap__faceswap_id6_id21_0005__000.png,1
/Users/pickapu/Documents/PyCharmMiscProject/deepfake-ViT/test_data_v3/real/real__00280__199.png,0
/Users/pickapu/Documents/PyCharmMiscProject/deepfake-ViT/test_data_v3/hyperreenact/fake/hyperreenact__725__000.png,1
/Users/pickapu/Documents/PyCharmMiscProject/deepfake-ViT/test_data_v3/sadtalker/fake/sadtalker__sadtalker_id9_4mJ1aHFPS1M_50009_0000__000.png,1
/Users/pickapu/Documents/PyCharmMiscProject/deepfake-ViT/test_data_v3/real/real__523__193.png,0
/Users/pickapu/Documents/PyCharmMiscProject/deepfake-ViT/test_data_v3/lia/fake/lia__lia_id33_id34_0002__000.png,1
/Users/pickapu/Documents/PyCharmMiscProject/deepfake-ViT/test_data_v3/blendface/fake/blendface__blendface_id17_id1_0000__000.png,1
/Users/pickapu/Documents/PyCharmMiscProject/deepfake-ViT/test_data_v3/StyleGANXL/fake/StyleGANXL__StyleGANXL_Fake_from_Celeb-real_id56_0003__seed20590.png,1
/Users/pickapu/Documents/PyCharmMiscProject/deepfake-ViT/test_data_v3/starganv2/fake/starganv2__starganv2_957__957.jpg,1
/Users/pickapu/Documents/PyCharmMiscProject/deepfake-ViT/test_data_v3/real/real__601__187.png,0
/Users/pickapu/Documents/PyCharmMiscProject/deepfake-ViT/test_data_v3/mcnet/fake/mcnet__741__000.png,1
/Users/pickapu/Documents/PyCharmMiscProject/deepfake-ViT/test_data_v3/e4e/fake/e4e__908__29059.jpg,1
/Users/pickapu/Documents/PyCharmMiscProject/deepfake-ViT/test_data_v3/real/real__050__273.png,0
/Users/pickapu/Documents/PyCharmMiscProject/deepfake-ViT/test_data_v3/real/real__404__411.png,0
/Users/pickapu/Documents/PyCharmMiscProject/deepfake-ViT/test_data_v3/RDDM/fake/RDDM__RDDM_id0_0007__sample-23161.png,1
/Users/pickapu/Documents/PyCharmMiscProject/deepfake-ViT/test_data_v3/faceswap/fake/faceswap__faceswap_id37_id4_0006__000.png,1
/Users/pickapu/Documents/PyCharmMiscProject/deepfake-ViT/test_data_v3/real/real__964__232.png,0
/Users/pickapu/Documents/PyCharmMiscProject/deepfake-ViT/test_data_v3/pixart/fake/pixart__00063__YouTube-real_00063_168.png,1
/Users/pickapu/Documents/PyCharmMiscProject/deepfake-ViT/test_data_v3/mcnet/fake/mcnet__mcnet_id28_id0_0009__000.png,1
/Users/pickapu/Documents/PyCharmMiscProject/deepfake-ViT/test_data_v3/StyleGANXL/fake/StyleGANXL__StyleGANXL_Fake_from_Celeb-real_id22_0003__seed17707.png,1
/Users/pickapu/Documents/PyCharmMiscProject/deepfake-ViT/test_data_v3/inswap/fake/inswap__inswap_id21_id30_0002__000.png,1
/Users/pickapu/Documents/PyCharmMiscProject/deepfake-ViT/test_data_v3/real/real__070__188.png,0
/Users/pickapu/Documents/PyCharmMiscProject/deepfake-ViT/test_data_v3/real/real__710__194.png,0
/Users/pickapu/Documents/PyCharmMiscProject/deepfake-ViT/test_data_v3/one_shot_free/fake/one_shot_free__one_shot_free_id2_id26_0001__000.png,1
/Users/pickapu/Documents/PyCharmMiscProject/deepfake-ViT/test_data_v3/StyleGAN3/fake/StyleGAN3__StyleGAN3_Fake_from_Youtube-real_00198__seed22048.png,1
/Users/pickapu/Documents/PyCharmMiscProject/deepfake-ViT/test_data_v3/real/real__639__341.png,0
/Users/pickapu/Documents/PyCharmMiscProject/deepfake-ViT/test_data_v3/CollabDiff/fake/CollabDiff__CollabDiff_722__000000_x_0.png,1
/Users/pickapu/Documents/PyCharmMiscProject/deepfake-ViT/test_data_v3/real/real__id16_0007__146.png,0
/Users/pickapu/Documents/PyCharmMiscProject/deepfake-ViT/test_data_v3/real/real__784__286.png,0
/Users/pickapu/Documents/PyCharmMiscProject/deepfake-ViT/test_data_v3/MRAA/fake/MRAA__MRAA_id28_id22_0006__000.png,1
/Users/pickapu/Documents/PyCharmMiscProject/deepfake-ViT/test_data_v3/real/real__772__175.png,0
/Users/pickapu/Documents/PyCharmMiscProject/deepfake-ViT/test_data_v3/real/real__219__180.png,0
/Users/pickapu/Documents/PyCharmMiscProject/deepfake-ViT/test_data_v3/real/real__232__295.png,0
/Users/pickapu/Documents/PyCharmMiscProject/deepfake-ViT/test_data_v3/inswap/fake/inswap__630__217.png,1
/Users/pickapu/Documents/PyCharmMiscProject/deepfake-ViT/test_data_v3/real/real__549__321.png,0
/Users/pickapu/Documents/PyCharmMiscProject/deepfake-ViT/test_data_v3/real/real__245__171.png,0
/Users/pickapu/Documents/PyCharmMiscProject/deepfake-ViT/test_data_v3/real/real__194__292.png,0
/Users/pickapu/Documents/PyCharmMiscProject/deepfake-ViT/test_data_v3/real/real__971__182.png,0
/Users/pickapu/Documents/PyCharmMiscProject/deepfake-ViT/test_data_v3/real/real__896__273.png,0
/Users/pickapu/Documents/PyCharmMiscProject/deepfake-ViT/test_data_v3/real/real__357__178.png,0
/Users/pickapu/Documents/PyCharmMiscProject/deepfake-ViT/test_data_v3/real/real__id52_0002__278.png,0
/Users/pickapu/Documents/PyCharmMiscProject/deepfake-ViT/test_data_v3/real/real__322__161.png,0
/Users/pickapu/Documents/PyCharmMiscProject/deepfake-ViT/test_data_v3/real/real__id3_0001__195.png,0
/Users/pickapu/Documents/PyCharmMiscProject/deepfake-ViT/test_data_v3/real/real__683__155.png,0
/Users/pickapu/Documents/PyCharmMiscProject/deepfake-ViT/test_data_v3/styleclip/fake/styleclip__styleclip_01504__01504.jpg,1
/Users/pickapu/Documents/PyCharmMiscProject/deepfake-ViT/test_data_v3/SiT/fake/SiT__SiT_id9_0002__20558.png,1
/Users/pickapu/Documents/PyCharmMiscProject/deepfake-ViT/test_data_v3/real/real__552__155.png,0
/Users/pickapu/Documents/PyCharmMiscProject/deepfake-ViT/test_data_v3/sadtalker/fake/sadtalker__sadtalker_id16_2tcEgqTWbxQ_50029_0006__000.png,1
/Users/pickapu/Documents/PyCharmMiscProject/deepfake-ViT/test_data_v3/real/real__919__275.png,0
/Users/pickapu/Documents/PyCharmMiscProject/deepfake-ViT/test_data_v3/real/real__574__261.png,0
/Users/pickapu/Documents/PyCharmMiscProject/deepfake-ViT/test_data_v3/real/real__866__262.png,0
/Users/pickapu/Documents/PyCharmMiscProject/deepfake-ViT/test_data_v3/CollabDiff/fake/CollabDiff__CollabDiff_371__000000_x_0.png,1
/Users/pickapu/Documents/PyCharmMiscProject/deepfake-ViT/test_data_v3/real/real__id40_0003__164.png,0
/Users/pickapu/Documents/PyCharmMiscProject/deepfake-ViT/test_data_v3/real/real__587__322.png,0
/Users/pickapu/Documents/PyCharmMiscProject/deepfake-ViT/test_data_v3/sd2.1/fake/sd2.1__sd2.1_id16_0001__Celeb-real_id0_0004_010.png,1
/Users/pickapu/Documents/PyCharmMiscProject/deepfake-ViT/test_data_v3/real/real__102__200.png,0
/Users/pickapu/Documents/PyCharmMiscProject/deepfake-ViT/test_data_v3/real/real__607__233.png,0
/Users/pickapu/Documents/PyCharmMiscProject/deepfake-ViT/test_data_v3/ddim/fake/ddim__ddim_id11_0001__Celeb-real_id13_0004_226.png,1
/Users/pickapu/Documents/PyCharmMiscProject/deepfake-ViT/test_data_v3/RDDM/fake/RDDM__id2_0001__sample-20481.png,1
/Users/pickapu/Documents/PyCharmMiscProject/deepfake-ViT/test_data_v3/real/real__414__302.png,0
/Users/pickapu/Documents/PyCharmMiscProject/deepfake-ViT/test_data_v3/real/real__415__290.png,0
/Users/pickapu/Documents/PyCharmMiscProject/deepfake-ViT/test_data_v3/real/real__807__334.png,0
/Users/pickapu/Documents/PyCharmMiscProject/deepfake-ViT/test_data_v3/mobileswap/fake/mobileswap__868__221.png,1
/Users/pickapu/Documents/PyCharmMiscProject/deepfake-ViT/test_data_v3/whichfaceisreal/fake/whichfaceisreal__whichfaceisreal_620.png__620.png,1
/Users/pickapu/Documents/PyCharmMiscProject/deepfake-ViT/test_data_v3/real/real__476__159.png,0
/Users/pickapu/Documents/PyCharmMiscProject/deepfake-ViT/test_data_v3/real/real__361__234.png,0
/Users/pickapu/Documents/PyCharmMiscProject/deepfake-ViT/test_data_v3/uniface/fake/uniface__uniface_id16_id0_0004__000.png,1
/Users/pickapu/Documents/PyCharmMiscProject/deepfake-ViT/test_data_v3/real/real__529__172.png,0
/Users/pickapu/Documents/PyCharmMiscProject/deepfake-ViT/test_data_v3/StyleGAN3/fake/StyleGAN3__StyleGAN3_Fake_from_Celeb-real_id45_0004__seed21589.png,1
/Users/pickapu/Documents/PyCharmMiscProject/deepfake-ViT/test_data_v3/mcnet/fake/mcnet__mcnet_id26_id24_0004__000.png,1
/Users/pickapu/Documents/PyCharmMiscProject/deepfake-ViT/test_data_v3/StyleGAN3/fake/StyleGAN3__StyleGAN3_Fake_from_Celeb-real_id59_0007__seed24017.png,1
/Users/pickapu/Documents/PyCharmMiscProject/deepfake-ViT/test_data_v3/real/real__150__234.png,0
/Users/pickapu/Documents/PyCharmMiscProject/deepfake-ViT/test_data_v3/real/real__869__171.png,0
/Users/pickapu/Documents/PyCharmMiscProject/deepfake-ViT/test_data_v3/StyleGANXL/fake/StyleGANXL__StyleGANXL_Fake_from_Youtube-real_00229__seed23505.png,1
/Users/pickapu/Documents/PyCharmMiscProject/deepfake-ViT/test_data_v3/faceswap/fake/faceswap__000__000.png,1
/Users/pickapu/Documents/PyCharmMiscProject/deepfake-ViT/test_data_v3/real/real__669__251.png,0
/Users/pickapu/Documents/PyCharmMiscProject/deepfake-ViT/test_data_v3/blendface/fake/blendface__id56_0009__000.png,1
/Users/pickapu/Documents/PyCharmMiscProject/deepfake-ViT/test_data_v3/facedancer/fake/facedancer__facedancer_id3_id1_0003__000.png,1
/Users/pickapu/Documents/PyCharmMiscProject/deepfake-ViT/test_data_v3/real/real__831__168.png,0
/Users/pickapu/Documents/PyCharmMiscProject/deepfake-ViT/test_data_v3/StyleGANXL/fake/StyleGANXL__StyleGANXL_Fake_from_Celeb-real_id19_0000__seed19610.png,1
/Users/pickapu/Documents/PyCharmMiscProject/deepfake-ViT/test_data_v3/faceswap/fake/faceswap__faceswap_id10_id13_0001__000.png,1
/Users/pickapu/Documents/PyCharmMiscProject/deepfake-ViT/test_data_v3/VQGAN/fake/VQGAN__VQGAN_id16_0011__014003.png,1
/Users/pickapu/Documents/PyCharmMiscProject/deepfake-ViT/test_data_v3/real/real__843__163.png,0
/Users/pickapu/Documents/PyCharmMiscProject/deepfake-ViT/test_data_v3/MRAA/fake/MRAA__661__264.png,1
/Users/pickapu/Documents/PyCharmMiscProject/deepfake-ViT/test_data_v3/VQGAN/fake/VQGAN__VQGAN_id2_0000__015424.png,1
/Users/pickapu/Documents/PyCharmMiscProject/deepfake-ViT/test_data_v3/real/real__00274__236.png,0
/Users/pickapu/Documents/PyCharmMiscProject/deepfake-ViT/test_data_v3/mobileswap/fake/mobileswap__mobileswap_id37_id29_0002__000.png,1
/Users/pickapu/Documents/PyCharmMiscProject/deepfake-ViT/test_data_v3/RDDM/fake/RDDM__id4_0004__sample-21715.png,1
/Users/pickapu/Documents/PyCharmMiscProject/deepfake-ViT/test_data_v3/real/real__277__498.png,0
/Users/pickapu/Documents/PyCharmMiscProject/deepfake-ViT/test_data_v3/real/real__792__197.png,0
/Users/pickapu/Documents/PyCharmMiscProject/deepfake-ViT/test_data_v3/real/real__999__172.png,0
/Users/pickapu/Documents/PyCharmMiscProject/deepfake-ViT/test_data_v3/real/real__083__280.png,0
/Users/pickapu/Documents/PyCharmMiscProject/deepfake-ViT/test_data_v3/real/real__id36_0001__219.png,0
/Users/pickapu/Documents/PyCharmMiscProject/deepfake-ViT/test_data_v3/real/real__461__315.png,0
/Users/pickapu/Documents/PyCharmMiscProject/deepfake-ViT/test_data_v3/real/real__697__239.png,0
/Users/pickapu/Documents/PyCharmMiscProject/deepfake-ViT/test_data_v3/real/real__00063__230.png,0
/Users/pickapu/Documents/PyCharmMiscProject/deepfake-ViT/test_data_v3/real/real__467__217.png,0
/Users/pickapu/Documents/PyCharmMiscProject/deepfake-ViT/test_data_v3/StyleGAN2/fake/StyleGAN2__StyleGAN2_id13_0009__seed25429.png,1
/Users/pickapu/Documents/PyCharmMiscProject/deepfake-ViT/test_data_v3/hyperreenact/fake/hyperreenact__hyperreenact_id6_id4_0002__000.png,1
/Users/pickapu/Documents/PyCharmMiscProject/deepfake-ViT/test_data_v3/sadtalker/fake/sadtalker__sadtalker_id28_CLSSiaFuLo4_50021_0000__000.png,1
/Users/pickapu/Documents/PyCharmMiscProject/deepfake-ViT/test_data_v3/lia/fake/lia__lia_id28_id4_0000__000.png,1
/Users/pickapu/Documents/PyCharmMiscProject/deepfake-ViT/test_data_v3/StyleGANXL/fake/StyleGANXL__StyleGANXL_Fake_from_Youtube-real_00148__seed23162.png,1
/Users/pickapu/Documents/PyCharmMiscProject/deepfake-ViT/test_data_v3/sd2.1/fake/sd2.1__200__482_068.png,1
/Users/pickapu/Documents/PyCharmMiscProject/deepfake-ViT/test_data_v3/real/real__119__258.png,0
/Users/pickapu/Documents/PyCharmMiscProject/deepfake-ViT/test_data_v3/real/real__338__458.png,0
/Users/pickapu/Documents/PyCharmMiscProject/deepfake-ViT/test_data_v3/real/real__704__231.png,0
/Users/pickapu/Documents/PyCharmMiscProject/deepfake-ViT/test_data_v3/real/real__256__281.png,0
/Users/pickapu/Documents/PyCharmMiscProject/deepfake-ViT/test_data_v3/whichfaceisreal/fake/whichfaceisreal__whichfaceisreal_605.png__605.png,1
/Users/pickapu/Documents/PyCharmMiscProject/deepfake-ViT/test_data_v3/real/real__801__228.png,0
/Users/pickapu/Documents/PyCharmMiscProject/deepfake-ViT/test_data_v3/real/real__491__219.png,0
/Users/pickapu/Documents/PyCharmMiscProject/deepfake-ViT/test_data_v3/StyleGAN3/fake/StyleGAN3__StyleGAN3_Fake_from_Celeb-real_id58_0006__seed23646.png,1
/Users/pickapu/Documents/PyCharmMiscProject/deepfake-ViT/test_data_v3/sd2.1/fake/sd2.1__sd2.1_id40_0003__Celeb-real_id61_0009_397.png,1
/Users/pickapu/Documents/PyCharmMiscProject/deepfake-ViT/test_data_v3/pirender/fake/pirender__pirender_id9_id6_0000__000.png,1
/Users/pickapu/Documents/PyCharmMiscProject/deepfake-ViT/test_data_v3/real/real__id12_0000__193.png,0
/Users/pickapu/Documents/PyCharmMiscProject/deepfake-ViT/test_data_v3/real/real__741__190.png,0
/Users/pickapu/Documents/PyCharmMiscProject/deepfake-ViT/test_data_v3/blendface/fake/blendface__220__183.png,1
/Users/pickapu/Documents/PyCharmMiscProject/deepfake-ViT/test_data_v3/SiT/fake/SiT__SiT_id17_0005__20999.png,1
/Users/pickapu/Documents/PyCharmMiscProject/deepfake-ViT/test_data_v3/real/real__id50_0006__231.png,0
/Users/pickapu/Documents/PyCharmMiscProject/deepfake-ViT/test_data_v3/sd2.1/fake/sd2.1__008__462_376.png,1
/Users/pickapu/Documents/PyCharmMiscProject/deepfake-ViT/test_data_v3/CollabDiff/fake/CollabDiff__CollabDiff_791__000000_x_0.png,1
/Users/pickapu/Documents/PyCharmMiscProject/deepfake-ViT/test_data_v3/mobileswap/fake/mobileswap__mobileswap_id4_id30_0001__000.png,1
/Users/pickapu/Documents/PyCharmMiscProject/deepfake-ViT/test_data_v3/real/real__894__168.png,0
/Users/pickapu/Documents/PyCharmMiscProject/deepfake-ViT/test_data_v3/real/real__611__332.png,0
/Users/pickapu/Documents/PyCharmMiscProject/deepfake-ViT/test_data_v3/sadtalker/fake/sadtalker__sadtalker_id57_1Yz7Snu6pnI_50006_0004__000.png,1
/Users/pickapu/Documents/PyCharmMiscProject/deepfake-ViT/test_data_v3/pixart/fake/pixart__pixart_00190__Celeb-real_id53_0005_345.png,1
/Users/pickapu/Documents/PyCharmMiscProject/deepfake-ViT/test_data_v3/real/real__00036__283.png,0
/Users/pickapu/Documents/PyCharmMiscProject/deepfake-ViT/test_data_v3/real/real__id51_0001__210.png,0
/Users/pickapu/Documents/PyCharmMiscProject/deepfake-ViT/test_data_v3/VQGAN/fake/VQGAN__VQGAN_00002__025418.png,1
/Users/pickapu/Documents/PyCharmMiscProject/deepfake-ViT/test_data_v3/ddim/fake/ddim__ddim_id30_0000__YouTube-real_00203_188.png,1
/Users/pickapu/Documents/PyCharmMiscProject/deepfake-ViT/test_data_v3/real/real__153__377.png,0
/Users/pickapu/Documents/PyCharmMiscProject/deepfake-ViT/test_data_v3/inswap/fake/inswap__inswap_id54_id58_0006__000.png,1
/Users/pickapu/Documents/PyCharmMiscProject/deepfake-ViT/test_data_v3/starganv2/fake/starganv2__starganv2_1986__1986.jpg,1
/Users/pickapu/Documents/PyCharmMiscProject/deepfake-ViT/test_data_v3/real/real__200__370.png,0
/Users/pickapu/Documents/PyCharmMiscProject/deepfake-ViT/test_data_v3/real/real__701__202.png,0
/Users/pickapu/Documents/PyCharmMiscProject/deepfake-ViT/test_data_v3/real/real__00194__237.png,0
/Users/pickapu/Documents/PyCharmMiscProject/deepfake-ViT/test_data_v3/real/real__526__432.png,0
/Users/pickapu/Documents/PyCharmMiscProject/deepfake-ViT/test_data_v3/real/real__811__279.png,0
/Users/pickapu/Documents/PyCharmMiscProject/deepfake-ViT/test_data_v3/mcnet/fake/mcnet__mcnet_id50_id51_0008__000.png,1
/Users/pickapu/Documents/PyCharmMiscProject/deepfake-ViT/test_data_v3/real/real__00288__241.png,0
/Users/pickapu/Documents/PyCharmMiscProject/deepfake-ViT/test_data_v3/real/real__433__274.png,0
/Users/pickapu/Documents/PyCharmMiscProject/deepfake-ViT/test_data_v3/tpsm/fake/tpsm__376__000.png,1
/Users/pickapu/Documents/PyCharmMiscProject/deepfake-ViT/test_data_v3/sd2.1/fake/sd2.1__104__530_576.png,1
/Users/pickapu/Documents/PyCharmMiscProject/deepfake-ViT/test_data_v3/facevid2vid/fake/facevid2vid__371__370.png,1
/Users/pickapu/Documents/PyCharmMiscProject/deepfake-ViT/test_data_v3/one_shot_free/fake/one_shot_free__one_shot_free_id49_id52_0007__000.png,1
/Users/pickapu/Documents/PyCharmMiscProject/deepfake-ViT/test_data_v3/simswap/fake/simswap__simswap_id6_id28_0002__000.png,1
/Users/pickapu/Documents/PyCharmMiscProject/deepfake-ViT/test_data_v3/e4e/fake/e4e__000__00001.jpg,1
/Users/pickapu/Documents/PyCharmMiscProject/deepfake-ViT/test_data_v3/MidJourney/fake/MidJourney__MidJourney_13592447708_Single_person_white_female_looking_at_the_camera_fa_dee4d27d-047c-4a4e-9e12-eefd8a77301c.png__13592447708_Single_person_white_female_looking_at_the_camera_fa_dee4d27d-047c-4a4e-9e12-eefd8a77301c.png,1
/Users/pickapu/Documents/PyCharmMiscProject/deepfake-ViT/test_data_v3/real/real__430__183.png,0
/Users/pickapu/Documents/PyCharmMiscProject/deepfake-ViT/test_data_v3/real/real__00281__236.png,0
/Users/pickapu/Documents/PyCharmMiscProject/deepfake-ViT/test_data_v3/SiT/fake/SiT__169__1890.png,1
/Users/pickapu/Documents/PyCharmMiscProject/deepfake-ViT/test_data_v3/real/real__760__157.png,0
/Users/pickapu/Documents/PyCharmMiscProject/deepfake-ViT/test_data_v3/real/real__951__416.png,0
/Users/pickapu/Documents/PyCharmMiscProject/deepfake-ViT/test_data_v3/DiT/fake/DiT__995__28.png,1
/Users/pickapu/Documents/PyCharmMiscProject/deepfake-ViT/test_data_v3/real/real__134__178.png,0
/Users/pickapu/Documents/PyCharmMiscProject/deepfake-ViT/test_data_v3/stargan/fake/stargan__stargan_792__792.jpg,1
/Users/pickapu/Documents/PyCharmMiscProject/deepfake-ViT/test_data_v3/real/real__342__155.png,0
/Users/pickapu/Documents/PyCharmMiscProject/deepfake-ViT/test_data_v3/lia/fake/lia__623__181.png,1
/Users/pickapu/Documents/PyCharmMiscProject/deepfake-ViT/test_data_v3/styleclip/fake/styleclip__styleclip_00574__00574.jpg,1
/Users/pickapu/Documents/PyCharmMiscProject/deepfake-ViT/test_data_v3/sd2.1/fake/sd2.1__915__489_255.png,1
/Users/pickapu/Documents/PyCharmMiscProject/deepfake-ViT/test_data_v3/e4e/fake/e4e__840__26884.jpg,1
/Users/pickapu/Documents/PyCharmMiscProject/deepfake-ViT/test_data_v3/real/real__125__257.png,0
/Users/pickapu/Documents/PyCharmMiscProject/deepfake-ViT/test_data_v3/real/real__id7_0006__109.png,0
/Users/pickapu/Documents/PyCharmMiscProject/deepfake-ViT/test_data_v3/real/real__id32_0003__230.png,0
/Users/pickapu/Documents/PyCharmMiscProject/deepfake-ViT/test_data_v3/real/real__00061__212.png,0
/Users/pickapu/Documents/PyCharmMiscProject/deepfake-ViT/test_data_v3/real/real__862__242.png,0
/Users/pickapu/Documents/PyCharmMiscProject/deepfake-ViT/test_data_v3/real/real__627__192.png,0
/Users/pickapu/Documents/PyCharmMiscProject/deepfake-ViT/test_data_v3/real/real__00270__162.png,0
/Users/pickapu/Documents/PyCharmMiscProject/deepfake-ViT/test_data_v3/sd2.1/fake/sd2.1__00283__YouTube-real_00283_240.png,1
/Users/pickapu/Documents/PyCharmMiscProject/deepfake-ViT/test_data_v3/real/real__00082__237.png,0
/Users/pickapu/Documents/PyCharmMiscProject/deepfake-ViT/test_data_v3/mobileswap/fake/mobileswap__763__418.png,1
/Users/pickapu/Documents/PyCharmMiscProject/deepfake-ViT/test_data_v3/faceswap/fake/faceswap__faceswap_id17_id21_0000__000.png,1
/Users/pickapu/Documents/PyCharmMiscProject/deepfake-ViT/test_data_v3/uniface/fake/uniface__uniface_id9_id3_0000__000.png,1
/Users/pickapu/Documents/PyCharmMiscProject/deepfake-ViT/test_data_v3/real/real__id13_0004__181.png,0
/Users/pickapu/Documents/PyCharmMiscProject/deepfake-ViT/test_data_v3/real/real__009__302.png,0
/Users/pickapu/Documents/PyCharmMiscProject/deepfake-ViT/test_data_v3/real/real__684__256.png,0
/Users/pickapu/Documents/PyCharmMiscProject/deepfake-ViT/test_data_v3/real/real__940__158.png,0
/Users/pickapu/Documents/PyCharmMiscProject/deepfake-ViT/test_data_v3/real/real__344__325.png,0
/Users/pickapu/Documents/PyCharmMiscProject/deepfake-ViT/test_data_v3/real/real__646__226.png,0
/Users/pickapu/Documents/PyCharmMiscProject/deepfake-ViT/test_data_v3/uniface/fake/uniface__138__211.png,1
/Users/pickapu/Documents/PyCharmMiscProject/deepfake-ViT/test_data_v3/real/real__252__294.png,0
/Users/pickapu/Documents/PyCharmMiscProject/deepfake-ViT/test_data_v3/sadtalker/fake/sadtalker__sadtalker_id21_4oFGmxZ2nqE_50002_0000__000.png,1
/Users/pickapu/Documents/PyCharmMiscProject/deepfake-ViT/test_data_v3/simswap/fake/simswap__862__242.png,1
/Users/pickapu/Documents/PyCharmMiscProject/deepfake-ViT/test_data_v3/real/real__145__244.png,0
/Users/pickapu/Documents/PyCharmMiscProject/deepfake-ViT/test_data_v3/real/real__id1_0008__267.png,0
/Users/pickapu/Documents/PyCharmMiscProject/deepfake-ViT/test_data_v3/starganv2/fake/starganv2__starganv2_200__200.jpg,1
/Users/pickapu/Documents/PyCharmMiscProject/deepfake-ViT/test_data_v3/real/real__037__233.png,0
/Users/pickapu/Documents/PyCharmMiscProject/deepfake-ViT/test_data_v3/real/real__id29_0008__231.png,0
/Users/pickapu/Documents/PyCharmMiscProject/deepfake-ViT/test_data_v3/facedancer/fake/facedancer__facedancer_id43_id39_0000__000.png,1
/Users/pickapu/Documents/PyCharmMiscProject/deepfake-ViT/test_data_v3/real/real__371__370.png,0
/Users/pickapu/Documents/PyCharmMiscProject/deepfake-ViT/test_data_v3/styleclip/fake/styleclip__styleclip_00599__00599.jpg,1
/Users/pickapu/Documents/PyCharmMiscProject/deepfake-ViT/test_data_v3/real/real__222__209.png,0
/Users/pickapu/Documents/PyCharmMiscProject/deepfake-ViT/test_data_v3/fomm/fake/fomm__480__000.png,1
/Users/pickapu/Documents/PyCharmMiscProject/deepfake-ViT/test_data_v3/real/real__040__282.png,0
/Users/pickapu/Documents/PyCharmMiscProject/deepfake-ViT/test_data_v3/styleclip/fake/styleclip__styleclip_01181__01181.jpg,1
/Users/pickapu/Documents/PyCharmMiscProject/deepfake-ViT/test_data_v3/real/real__247__205.png,0
/Users/pickapu/Documents/PyCharmMiscProject/deepfake-ViT/test_data_v3/real/real__738__214.png,0
/Users/pickapu/Documents/PyCharmMiscProject/deepfake-ViT/test_data_v3/real/real__993__210.png,0
/Users/pickapu/Documents/PyCharmMiscProject/deepfake-ViT/test_data_v3/fomm/fake/fomm__fomm_id9_id3_0009__000.png,1
/Users/pickapu/Documents/PyCharmMiscProject/deepfake-ViT/test_data_v3/real/real__892__160.png,0
/Users/pickapu/Documents/PyCharmMiscProject/deepfake-ViT/test_data_v3/fsgan/fake/fsgan__id13_0004__181.png,1
/Users/pickapu/Documents/PyCharmMiscProject/deepfake-ViT/test_data_v3/real/real__id31_0004__239.png,0
/Users/pickapu/Documents/PyCharmMiscProject/deepfake-ViT/test_data_v3/real/real__140__249.png,0
/Users/pickapu/Documents/PyCharmMiscProject/deepfake-ViT/test_data_v3/danet/fake/danet__danet_id42_id40_0001__000.png,1
/Users/pickapu/Documents/PyCharmMiscProject/deepfake-ViT/test_data_v3/real/real__264__234.png,0
/Users/pickapu/Documents/PyCharmMiscProject/deepfake-ViT/test_data_v3/real/real__155__427.png,0
/Users/pickapu/Documents/PyCharmMiscProject/deepfake-ViT/test_data_v3/pirender/fake/pirender__id53_0003__000.png,1
/Users/pickapu/Documents/PyCharmMiscProject/deepfake-ViT/test_data_v3/hyperreenact/fake/hyperreenact__386__000.png,1
/Users/pickapu/Documents/PyCharmMiscProject/deepfake-ViT/test_data_v3/real/real__751__170.png,0
/Users/pickapu/Documents/PyCharmMiscProject/deepfake-ViT/test_data_v3/DiT/fake/DiT__DiT_id37_0008__24866.png,1
/Users/pickapu/Documents/PyCharmMiscProject/deepfake-ViT/test_data_v3/real/real__762__214.png,0
/Users/pickapu/Documents/PyCharmMiscProject/deepfake-ViT/test_data_v3/CollabDiff/fake/CollabDiff__CollabDiff_964__000000_x_0.png,1
/Users/pickapu/Documents/PyCharmMiscProject/deepfake-ViT/test_data_v3/wav2lip/fake/wav2lip__wav2lip_id24_0007_5Walt8nPINM_50002__000.png,1
/Users/pickapu/Documents/PyCharmMiscProject/deepfake-ViT/test_data_v3/StyleGAN3/fake/StyleGAN3__StyleGAN3_ff_650__seed16860.png,1
/Users/pickapu/Documents/PyCharmMiscProject/deepfake-ViT/test_data_v3/pixart/fake/pixart__pixart_00089__YouTube-real_00221_346.png,1
/Users/pickapu/Documents/PyCharmMiscProject/deepfake-ViT/test_data_v3/real/real__579__245.png,0
/Users/pickapu/Documents/PyCharmMiscProject/deepfake-ViT/test_data_v3/real/real__370__191.png,0
/Users/pickapu/Documents/PyCharmMiscProject/deepfake-ViT/test_data_v3/real/real__945__392.png,0
/Users/pickapu/Documents/PyCharmMiscProject/deepfake-ViT/test_data_v3/danet/fake/danet__danet_id10_id13_0007__000.png,1
/Users/pickapu/Documents/PyCharmMiscProject/deepfake-ViT/test_data_v3/stargan/fake/stargan__stargan_121__121.jpg,1
/Users/pickapu/Documents/PyCharmMiscProject/deepfake-ViT/test_data_v3/hyperreenact/fake/hyperreenact__hyperreenact_id2_id6_0008__000.png,1
/Users/pickapu/Documents/PyCharmMiscProject/deepfake-ViT/test_data_v3/real/real__367__334.png,0
/Users/pickapu/Documents/PyCharmMiscProject/deepfake-ViT/test_data_v3/real/real__385__179.png,0
/Users/pickapu/Documents/PyCharmMiscProject/deepfake-ViT/test_data_v3/lia/fake/lia__lia_id47_id48_0008__000.png,1
/Users/pickapu/Documents/PyCharmMiscProject/deepfake-ViT/test_data_v3/real/real__942__254.png,0
/Users/pickapu/Documents/PyCharmMiscProject/deepfake-ViT/test_data_v3/pixart/fake/pixart__id19_0007__Celeb-real_id19_0007_031.png,1
/Users/pickapu/Documents/PyCharmMiscProject/deepfake-ViT/test_data_v3/whichfaceisreal/fake/whichfaceisreal__whichfaceisreal_990.png__990.png,1
/Users/pickapu/Documents/PyCharmMiscProject/deepfake-ViT/test_data_v3/real/real__id53_0003__243.png,0
/Users/pickapu/Documents/PyCharmMiscProject/deepfake-ViT/test_data_v3/hyperreenact/fake/hyperreenact__445__000.png,1
/Users/pickapu/Documents/PyCharmMiscProject/deepfake-ViT/test_data_v3/real/real__229__201.png,0
/Users/pickapu/Documents/PyCharmMiscProject/deepfake-ViT/test_data_v3/real/real__765__199.png,0
/Users/pickapu/Documents/PyCharmMiscProject/deepfake-ViT/test_data_v3/MidJourney/fake/MidJourney__MidJourney_13592447708_Single_person_East_Asian_woman_looking_at_the_camer_a42eac1c-5790-4e10-905f-2340c3413130.png__13592447708_Single_person_East_Asian_woman_looking_at_the_camer_a42eac1c-5790-4e10-905f-2340c3413130.png,1
/Users/pickapu/Documents/PyCharmMiscProject/deepfake-ViT/test_data_v3/VQGAN/fake/VQGAN__VQGAN_id6_0009__011267.png,1
/Users/pickapu/Documents/PyCharmMiscProject/deepfake-ViT/test_data_v3/fomm/fake/fomm__fomm_id2_id17_0007__000.png,1
/Users/pickapu/Documents/PyCharmMiscProject/deepfake-ViT/test_data_v3/real/real__861__306.png,0
/Users/pickapu/Documents/PyCharmMiscProject/deepfake-ViT/test_data_v3/real/real__449__147.png,0
/Users/pickapu/Documents/PyCharmMiscProject/deepfake-ViT/test_data_v3/VQGAN/fake/VQGAN__VQGAN_id20_0002__012220.png,1
/Users/pickapu/Documents/PyCharmMiscProject/deepfake-ViT/test_data_v3/real/real__220__183.png,0
/Users/pickapu/Documents/PyCharmMiscProject/deepfake-ViT/test_data_v3/styleclip/fake/styleclip__styleclip_00723__00723.jpg,1
/Users/pickapu/Documents/PyCharmMiscProject/deepfake-ViT/test_data_v3/real/real__id45_0003__161.png,0
/Users/pickapu/Documents/PyCharmMiscProject/deepfake-ViT/test_data_v3/MRAA/fake/MRAA__MRAA_id7_id10_0005__000.png,1
/Users/pickapu/Documents/PyCharmMiscProject/deepfake-ViT/test_data_v3/e4e/fake/e4e__921__29475.jpg,1
/Users/pickapu/Documents/PyCharmMiscProject/deepfake-ViT/test_data_v3/simswap/fake/simswap__id17_0000__000.png,1
/Users/pickapu/Documents/PyCharmMiscProject/deepfake-ViT/test_data_v3/lia/fake/lia__lia_id17_id16_0000__000.png,1
/Users/pickapu/Documents/PyCharmMiscProject/deepfake-ViT/test_data_v3/mobileswap/fake/mobileswap__272__166.png,1
/Users/pickapu/Documents/PyCharmMiscProject/deepfake-ViT/test_data_v3/sd2.1/fake/sd2.1__sd2.1_00201__Celeb-real_id34_0009_156.png,1
/Users/pickapu/Documents/PyCharmMiscProject/deepfake-ViT/test_data_v3/real/real__872__244.png,0
/Users/pickapu/Documents/PyCharmMiscProject/deepfake-ViT/test_data_v3/sadtalker/fake/sadtalker__sadtalker_id8_3sUWSDHOVn0_50013_0002__000.png,1
/Users/pickapu/Documents/PyCharmMiscProject/deepfake-ViT/test_data_v3/facedancer/fake/facedancer__732__219.png,1
/Users/pickapu/Documents/PyCharmMiscProject/deepfake-ViT/test_data_v3/sd2.1/fake/sd2.1__id35_0000__Celeb-real_id35_0000_423.png,1
/Users/pickapu/Documents/PyCharmMiscProject/deepfake-ViT/test_data_v3/real/real__505__279.png,0
/Users/pickapu/Documents/PyCharmMiscProject/deepfake-ViT/test_data_v3/pixart/fake/pixart__00272__YouTube-real_00272_071.png,1
/Users/pickapu/Documents/PyCharmMiscProject/deepfake-ViT/test_data_v3/real/real__308__258.png,0
/Users/pickapu/Documents/PyCharmMiscProject/deepfake-ViT/test_data_v3/real/real__928__193.png,0
/Users/pickapu/Documents/PyCharmMiscProject/deepfake-ViT/test_data_v3/SiT/fake/SiT__SiT_id26_0004__21651.png,1
/Users/pickapu/Documents/PyCharmMiscProject/deepfake-ViT/test_data_v3/mobileswap/fake/mobileswap__970__245.png,1
/Users/pickapu/Documents/PyCharmMiscProject/deepfake-ViT/test_data_v3/real/real__664__150.png,0
/Users/pickapu/Documents/PyCharmMiscProject/deepfake-ViT/test_data_v3/real/real__599__204.png,0
/Users/pickapu/Documents/PyCharmMiscProject/deepfake-ViT/test_data_v3/real/real__id26_0008__163.png,0
/Users/pickapu/Documents/PyCharmMiscProject/deepfake-ViT/test_data_v3/pirender/fake/pirender__pirender_id6_id2_0005__000.png,1
/Users/pickapu/Documents/PyCharmMiscProject/deepfake-ViT/test_data_v3/real/real__773__298.png,0
/Users/pickapu/Documents/PyCharmMiscProject/deepfake-ViT/test_data_v3/real/real__327__254.png,0
/Users/pickapu/Documents/PyCharmMiscProject/deepfake-ViT/test_data_v3/styleclip/fake/styleclip__styleclip_00107__00107.jpg,1
/Users/pickapu/Documents/PyCharmMiscProject/deepfake-ViT/test_data_v3/sadtalker/fake/sadtalker__sadtalker_id37_BwIGcvBGSRk_50007_0007__000.png,1
/Users/pickapu/Documents/PyCharmMiscProject/deepfake-ViT/test_data_v3/fsgan/fake/fsgan__fsgan_id3_id37_0006__000.png,1
/Users/pickapu/Documents/PyCharmMiscProject/deepfake-ViT/test_data_v3/real/real__991__206.png,0
/Users/pickapu/Documents/PyCharmMiscProject/deepfake-ViT/test_data_v3/real/real__id39_0005__128.png,0
/Users/pickapu/Documents/PyCharmMiscProject/deepfake-ViT/test_data_v3/real/real__337__170.png,0
/Users/pickapu/Documents/PyCharmMiscProject/deepfake-ViT/test_data_v3/real/real__00023__238.png,0
/Users/pickapu/Documents/PyCharmMiscProject/deepfake-ViT/test_data_v3/fomm/fake/fomm__fomm_id28_id30_0004__000.png,1
/Users/pickapu/Documents/PyCharmMiscProject/deepfake-ViT/test_data_v3/DiT/fake/DiT__DiT_00223__25282.png,1
/Users/pickapu/Documents/PyCharmMiscProject/deepfake-ViT/test_data_v3/mcnet/fake/mcnet__mcnet_id2_id6_0008__000.png,1
/Users/pickapu/Documents/PyCharmMiscProject/deepfake-ViT/test_data_v3/real/real__670__247.png,0
/Users/pickapu/Documents/PyCharmMiscProject/deepfake-ViT/test_data_v3/real/real__026__165.png,0
/Users/pickapu/Documents/PyCharmMiscProject/deepfake-ViT/test_data_v3/real/real__351__352.png,0
/Users/pickapu/Documents/PyCharmMiscProject/deepfake-ViT/test_data_v3/SiT/fake/SiT__id36_0006__21764.png,1
/Users/pickapu/Documents/PyCharmMiscProject/deepfake-ViT/test_data_v3/uniface/fake/uniface__uniface_id37_id4_0006__000.png,1
/Users/pickapu/Documents/PyCharmMiscProject/deepfake-ViT/test_data_v3/DiT/fake/DiT__608__3815.png,1
/Users/pickapu/Documents/PyCharmMiscProject/deepfake-ViT/test_data_v3/real/real__626__502.png,0
/Users/pickapu/Documents/PyCharmMiscProject/deepfake-ViT/test_data_v3/starganv2/fake/starganv2__starganv2_1800__1800.jpg,1
/Users/pickapu/Documents/PyCharmMiscProject/deepfake-ViT/test_data_v3/real/real__00168__245.png,0
/Users/pickapu/Documents/PyCharmMiscProject/deepfake-ViT/test_data_v3/mobileswap/fake/mobileswap__mobileswap_id3_id0_0007__000.png,1
/Users/pickapu/Documents/PyCharmMiscProject/deepfake-ViT/test_data_v3/wav2lip/fake/wav2lip__wav2lip_id6_0006_BGcJXAXSSd0_50004__000.png,1
/Users/pickapu/Documents/PyCharmMiscProject/deepfake-ViT/test_data_v3/mobileswap/fake/mobileswap__mobileswap_id9_id23_0009__000.png,1
/Users/pickapu/Documents/PyCharmMiscProject/deepfake-ViT/test_data_v3/real/real__834__155.png,0
/Users/pickapu/Documents/PyCharmMiscProject/deepfake-ViT/test_data_v3/real/real__098__153.png,0
/Users/pickapu/Documents/PyCharmMiscProject/deepfake-ViT/test_data_v3/real/real__018__222.png,0
/Users/pickapu/Documents/PyCharmMiscProject/deepfake-ViT/test_data_v3/real/real__984__174.png,0
/Users/pickapu/Documents/PyCharmMiscProject/deepfake-ViT/test_data_v3/real/real__034__209.png,0
/Users/pickapu/Documents/PyCharmMiscProject/deepfake-ViT/test_data_v3/StyleGANXL/fake/StyleGANXL__StyleGANXL_Fake_from_Youtube-real_00255__seed23019.png,1
/Users/pickapu/Documents/PyCharmMiscProject/deepfake-ViT/test_data_v3/sadtalker/fake/sadtalker__sadtalker_id2_53P0aypkpXY_50017_0004__000.png,1
/Users/pickapu/Documents/PyCharmMiscProject/deepfake-ViT/test_data_v3/starganv2/fake/starganv2__starganv2_1674__1674.jpg,1
/Users/pickapu/Documents/PyCharmMiscProject/deepfake-ViT/test_data_v3/real/real__736__213.png,0
/Users/pickapu/Documents/PyCharmMiscProject/deepfake-ViT/test_data_v3/real/real__id2_0008__265.png,0
/Users/pickapu/Documents/PyCharmMiscProject/deepfake-ViT/test_data_v3/starganv2/fake/starganv2__starganv2_446__446.jpg,1
/Users/pickapu/Documents/PyCharmMiscProject/deepfake-ViT/test_data_v3/real/real__786__267.png,0
/Users/pickapu/Documents/PyCharmMiscProject/deepfake-ViT/test_data_v3/DiT/fake/DiT__DiT_00083__23185.png,1
/Users/pickapu/Documents/PyCharmMiscProject/deepfake-ViT/test_data_v3/fsgan/fake/fsgan__fsgan_id10_id11_0004__191.png,1
/Users/pickapu/Documents/PyCharmMiscProject/deepfake-ViT/test_data_v3/real/real__203__229.png,0
/Users/pickapu/Documents/PyCharmMiscProject/deepfake-ViT/test_data_v3/real/real__468__307.png,0
/Users/pickapu/Documents/PyCharmMiscProject/deepfake-ViT/test_data_v3/e4e/fake/e4e__861__27555.jpg,1
/Users/pickapu/Documents/PyCharmMiscProject/deepfake-ViT/test_data_v3/hyperreenact/fake/hyperreenact__hyperreenact_id10_id7_0001__000.png,1
/Users/pickapu/Documents/PyCharmMiscProject/deepfake-ViT/test_data_v3/starganv2/fake/starganv2__starganv2_153__153.jpg,1
/Users/pickapu/Documents/PyCharmMiscProject/deepfake-ViT/test_data_v3/real/real__901__269.png,0
/Users/pickapu/Documents/PyCharmMiscProject/deepfake-ViT/test_data_v3/real/real__428__278.png,0
/Users/pickapu/Documents/PyCharmMiscProject/deepfake-ViT/test_data_v3/pixart/fake/pixart__pixart_00200__Celeb-real_id53_0001_210.png,1
/Users/pickapu/Documents/PyCharmMiscProject/deepfake-ViT/test_data_v3/inswap/fake/inswap__inswap_id2_id1_0002__000.png,1
/Users/pickapu/Documents/PyCharmMiscProject/deepfake-ViT/test_data_v3/real/real__131__157.png,0
/Users/pickapu/Documents/PyCharmMiscProject/deepfake-ViT/test_data_v3/real/real__244__286.png,0
/Users/pickapu/Documents/PyCharmMiscProject/deepfake-ViT/test_data_v3/one_shot_free/fake/one_shot_free__one_shot_free_id26_id2_0005__000.png,1
/Users/pickapu/Documents/PyCharmMiscProject/deepfake-ViT/test_data_v3/faceswap/fake/faceswap__faceswap_id7_id10_0009__000.png,1
/Users/pickapu/Documents/PyCharmMiscProject/deepfake-ViT/test_data_v3/styleclip/fake/styleclip__styleclip_02765__02765.jpg,1
/Users/pickapu/Documents/PyCharmMiscProject/deepfake-ViT/test_data_v3/faceswap/fake/faceswap__faceswap_id6_id3_0005__000.png,1
/Users/pickapu/Documents/PyCharmMiscProject/deepfake-ViT/test_data_v3/real/real__931__164.png,0
/Users/pickapu/Documents/PyCharmMiscProject/deepfake-ViT/test_data_v3/sd2.1/fake/sd2.1__025__497_200.png,1
/Users/pickapu/Documents/PyCharmMiscProject/deepfake-ViT/test_data_v3/real/real__082__162.png,0
/Users/pickapu/Documents/PyCharmMiscProject/deepfake-ViT/test_data_v3/real/real__446__217.png,0
/Users/pickapu/Documents/PyCharmMiscProject/deepfake-ViT/test_data_v3/real/real__969__183.png,0
/Users/pickapu/Documents/PyCharmMiscProject/deepfake-ViT/test_data_v3/real/real__253__258.png,0
/Users/pickapu/Documents/PyCharmMiscProject/deepfake-ViT/test_data_v3/real/real__548__295.png,0
/Users/pickapu/Documents/PyCharmMiscProject/deepfake-ViT/test_data_v3/DiT/fake/DiT__DiT_id56_0005__22666.png,1
/Users/pickapu/Documents/PyCharmMiscProject/deepfake-ViT/test_data_v3/starganv2/fake/starganv2__starganv2_973__973.jpg,1
/Users/pickapu/Documents/PyCharmMiscProject/deepfake-ViT/test_data_v3/stargan/fake/stargan__stargan_1133__1133.jpg,1
/Users/pickapu/Documents/PyCharmMiscProject/deepfake-ViT/test_data_v3/real/real__727__285.png,0
/Users/pickapu/Documents/PyCharmMiscProject/deepfake-ViT/test_data_v3/lia/fake/lia__026__165.png,1
/Users/pickapu/Documents/PyCharmMiscProject/deepfake-ViT/test_data_v3/CollabDiff/fake/CollabDiff__CollabDiff_172__000000_x_0.png,1
/Users/pickapu/Documents/PyCharmMiscProject/deepfake-ViT/test_data_v3/real/real__246__255.png,0
/Users/pickapu/Documents/PyCharmMiscProject/deepfake-ViT/test_data_v3/styleclip/fake/styleclip__styleclip_01403__01403.jpg,1
/Users/pickapu/Documents/PyCharmMiscProject/deepfake-ViT/test_data_v3/inswap/fake/inswap__inswap_id1_id37_0002__000.png,1
/Users/pickapu/Documents/PyCharmMiscProject/deepfake-ViT/test_data_v3/real/real__011__325.png,0
/Users/pickapu/Documents/PyCharmMiscProject/deepfake-ViT/test_data_v3/real/real__id17_0000__156.png,0
/Users/pickapu/Documents/PyCharmMiscProject/deepfake-ViT/test_data_v3/real/real__448__272.png,0
/Users/pickapu/Documents/PyCharmMiscProject/deepfake-ViT/test_data_v3/mobileswap/fake/mobileswap__764__189.png,1
/Users/pickapu/Documents/PyCharmMiscProject/deepfake-ViT/test_data_v3/real/real__460__329.png,0
/Users/pickapu/Documents/PyCharmMiscProject/deepfake-ViT/test_data_v3/real/real__id2_0004__218.png,0
/Users/pickapu/Documents/PyCharmMiscProject/deepfake-ViT/test_data_v3/StyleGAN2/fake/StyleGAN2__StyleGAN2_id28_0008__seed9541.png,1
/Users/pickapu/Documents/PyCharmMiscProject/deepfake-ViT/test_data_v3/StyleGAN3/fake/StyleGAN3__StyleGAN3_Fake_from_Celeb-real_id5_0008__seed24550.png,1
/Users/pickapu/Documents/PyCharmMiscProject/deepfake-ViT/test_data_v3/MidJourney/fake/MidJourney__MidJourney_13592447708_Single_person_East_Asian_male_looking_at_the_camera_632cf7be-5175-4a97-8938-c0e102909b61.png__13592447708_Single_person_East_Asian_male_looking_at_the_camera_632cf7be-5175-4a97-8938-c0e102909b61.png,1
/Users/pickapu/Documents/PyCharmMiscProject/deepfake-ViT/test_data_v3/real/real__968__154.png,0
/Users/pickapu/Documents/PyCharmMiscProject/deepfake-ViT/test_data_v3/mobileswap/fake/mobileswap__041__179.png,1
/Users/pickapu/Documents/PyCharmMiscProject/deepfake-ViT/test_data_v3/MRAA/fake/MRAA__MRAA_id34_id38_0003__000.png,1
/Users/pickapu/Documents/PyCharmMiscProject/deepfake-ViT/test_data_v3/simswap/fake/simswap__simswap_id4_id28_0006__000.png,1
/Users/pickapu/Documents/PyCharmMiscProject/deepfake-ViT/test_data_v3/real/real__472__246.png,0
/Users/pickapu/Documents/PyCharmMiscProject/deepfake-ViT/test_data_v3/real/real__933__254.png,0
/Users/pickapu/Documents/PyCharmMiscProject/deepfake-ViT/test_data_v3/mcnet/fake/mcnet__mcnet_id35_id23_0007__000.png,1
/Users/pickapu/Documents/PyCharmMiscProject/deepfake-ViT/test_data_v3/real/real__856__462.png,0
/Users/pickapu/Documents/PyCharmMiscProject/deepfake-ViT/test_data_v3/real/real__272__166.png,0
/Users/pickapu/Documents/PyCharmMiscProject/deepfake-ViT/test_data_v3/real/real__00138__247.png,0
/Users/pickapu/Documents/PyCharmMiscProject/deepfake-ViT/test_data_v3/fomm/fake/fomm__fomm_id37_id3_0006__000.png,1
/Users/pickapu/Documents/PyCharmMiscProject/deepfake-ViT/test_data_v3/simswap/fake/simswap__simswap_id26_id28_0000__000.png,1
/Users/pickapu/Documents/PyCharmMiscProject/deepfake-ViT/test_data_v3/danet/fake/danet__danet_id20_id6_0007__000.png,1
/Users/pickapu/Documents/PyCharmMiscProject/deepfake-ViT/test_data_v3/real/real__106__183.png,0
/Users/pickapu/Documents/PyCharmMiscProject/deepfake-ViT/test_data_v3/blendface/fake/blendface__id17_0000__000.png,1
/Users/pickapu/Documents/PyCharmMiscProject/deepfake-ViT/test_data_v3/mobileswap/fake/mobileswap__901__269.png,1
/Users/pickapu/Documents/PyCharmMiscProject/deepfake-ViT/test_data_v3/real/real__00269__163.png,0
/Users/pickapu/Documents/PyCharmMiscProject/deepfake-ViT/test_data_v3/VQGAN/fake/VQGAN__VQGAN_id38_0007__015774.png,1
/Users/pickapu/Documents/PyCharmMiscProject/deepfake-ViT/test_data_v3/e4e/fake/e4e__813__26020.jpg,1
/Users/pickapu/Documents/PyCharmMiscProject/deepfake-ViT/test_data_v3/StyleGAN2/fake/StyleGAN2__StyleGAN2_00092__seed5009.png,1
/Users/pickapu/Documents/PyCharmMiscProject/deepfake-ViT/test_data_v3/faceswap/fake/faceswap__421__468.png,1
/Users/pickapu/Documents/PyCharmMiscProject/deepfake-ViT/test_data_v3/blendface/fake/blendface__blendface_id1_id20_0003__000.png,1
/Users/pickapu/Documents/PyCharmMiscProject/deepfake-ViT/test_data_v3/hyperreenact/fake/hyperreenact__739__156.png,1
/Users/pickapu/Documents/PyCharmMiscProject/deepfake-ViT/test_data_v3/hyperreenact/fake/hyperreenact__hyperreenact_id21_id30_0002__000.png,1
/Users/pickapu/Documents/PyCharmMiscProject/deepfake-ViT/test_data_v3/real/real__206__368.png,0
/Users/pickapu/Documents/PyCharmMiscProject/deepfake-ViT/test_data_v3/inswap/fake/inswap__inswap_id44_id42_0001__000.png,1
/Users/pickapu/Documents/PyCharmMiscProject/deepfake-ViT/test_data_v3/real/real__657__281.png,0
/Users/pickapu/Documents/PyCharmMiscProject/deepfake-ViT/test_data_v3/real/real__402__217.png,0
/Users/pickapu/Documents/PyCharmMiscProject/deepfake-ViT/test_data_v3/real/real__00268__160.png,0
/Users/pickapu/Documents/PyCharmMiscProject/deepfake-ViT/test_data_v3/SiT/fake/SiT__id51_0001__2135.png,1
/Users/pickapu/Documents/PyCharmMiscProject/deepfake-ViT/test_data_v3/real/real__452__312.png,0
/Users/pickapu/Documents/PyCharmMiscProject/deepfake-ViT/test_data_v3/facevid2vid/fake/facevid2vid__facevid2vid_id57_id55_0002__000.png,1
/Users/pickapu/Documents/PyCharmMiscProject/deepfake-ViT/test_data_v3/sd2.1/fake/sd2.1__335__564_647.png,1
/Users/pickapu/Documents/PyCharmMiscProject/deepfake-ViT/test_data_v3/lia/fake/lia__lia_id49_id52_0005__000.png,1
/Users/pickapu/Documents/PyCharmMiscProject/deepfake-ViT/test_data_v3/sd2.1/fake/sd2.1__164__412_571.png,1
/Users/pickapu/Documents/PyCharmMiscProject/deepfake-ViT/test_data_v3/VQGAN/fake/VQGAN__VQGAN_id17_0006__016546.png,1
/Users/pickapu/Documents/PyCharmMiscProject/deepfake-ViT/test_data_v3/CollabDiff/fake/CollabDiff__CollabDiff_317__000000_x_0.png,1
/Users/pickapu/Documents/PyCharmMiscProject/deepfake-ViT/test_data_v3/real/real__825__281.png,0
/Users/pickapu/Documents/PyCharmMiscProject/deepfake-ViT/test_data_v3/real/real__717__192.png,0
/Users/pickapu/Documents/PyCharmMiscProject/deepfake-ViT/test_data_v3/stargan/fake/stargan__stargan_1487__1487.jpg,1
/Users/pickapu/Documents/PyCharmMiscProject/deepfake-ViT/test_data_v3/real/real__314__212.png,0
/Users/pickapu/Documents/PyCharmMiscProject/deepfake-ViT/test_data_v3/real/real__471__278.png,0
/Users/pickapu/Documents/PyCharmMiscProject/deepfake-ViT/test_data_v3/real/real__197__453.png,0
/Users/pickapu/Documents/PyCharmMiscProject/deepfake-ViT/test_data_v3/real/real__id27_0009__160.png,0
/Users/pickapu/Documents/PyCharmMiscProject/deepfake-ViT/test_data_v3/real/real__038__156.png,0
/Users/pickapu/Documents/PyCharmMiscProject/deepfake-ViT/test_data_v3/real/real__743__160.png,0
/Users/pickapu/Documents/PyCharmMiscProject/deepfake-ViT/test_data_v3/real/real__id24_0009__159.png,0
/Users/pickapu/Documents/PyCharmMiscProject/deepfake-ViT/test_data_v3/fsgan/fake/fsgan__id3_0008__235.png,1
/Users/pickapu/Documents/PyCharmMiscProject/deepfake-ViT/test_data_v3/real/real__675__216.png,0
/Users/pickapu/Documents/PyCharmMiscProject/deepfake-ViT/test_data_v3/StyleGANXL/fake/StyleGANXL__StyleGANXL_Fake_from_Youtube-real_00256__seed21858.png,1
/Users/pickapu/Documents/PyCharmMiscProject/deepfake-ViT/test_data_v3/mobileswap/fake/mobileswap__327__254.png,1
/Users/pickapu/Documents/PyCharmMiscProject/deepfake-ViT/test_data_v3/facedancer/fake/facedancer__739__156.png,1
/Users/pickapu/Documents/PyCharmMiscProject/deepfake-ViT/test_data_v3/real/real__100__217.png,0
/Users/pickapu/Documents/PyCharmMiscProject/deepfake-ViT/test_data_v3/real/real__114__368.png,0
/Users/pickapu/Documents/PyCharmMiscProject/deepfake-ViT/test_data_v3/real/real__782__286.png,0
/Users/pickapu/Documents/PyCharmMiscProject/deepfake-ViT/test_data_v3/StyleGAN3/fake/StyleGAN3__StyleGAN3_Fake_from_Youtube-real_00155__seed22826.png,1
/Users/pickapu/Documents/PyCharmMiscProject/deepfake-ViT/test_data_v3/real/real__868__221.png,0
/Users/pickapu/Documents/PyCharmMiscProject/deepfake-ViT/test_data_v3/real/real__id19_0005__165.png,0
/Users/pickapu/Documents/PyCharmMiscProject/deepfake-ViT/test_data_v3/real/real__138__211.png,0
/Users/pickapu/Documents/PyCharmMiscProject/deepfake-ViT/test_data_v3/one_shot_free/fake/one_shot_free__one_shot_free_id4_id0_0000__000.png,1
/Users/pickapu/Documents/PyCharmMiscProject/deepfake-ViT/test_data_v3/e4e/fake/e4e__300__09615.jpg,1
/Users/pickapu/Documents/PyCharmMiscProject/deepfake-ViT/test_data_v3/real/real__797__223.png,0
/Users/pickapu/Documents/PyCharmMiscProject/deepfake-ViT/test_data_v3/facevid2vid/fake/facevid2vid__607__233.png,1
/Users/pickapu/Documents/PyCharmMiscProject/deepfake-ViT/test_data_v3/StyleGANXL/fake/StyleGANXL__StyleGANXL_Fake_from_Celeb-real_id26_0001__seed21092.png,1
/Users/pickapu/Documents/PyCharmMiscProject/deepfake-ViT/test_data_v3/SiT/fake/SiT__id56_0002__24199.png,1
/Users/pickapu/Documents/PyCharmMiscProject/deepfake-ViT/test_data_v3/uniface/fake/uniface__uniface_id0_id26_0009__000.png,1
/Users/pickapu/Documents/PyCharmMiscProject/deepfake-ViT/test_data_v3/real/real__764__189.png,0
/Users/pickapu/Documents/PyCharmMiscProject/deepfake-ViT/test_data_v3/StyleGANXL/fake/StyleGANXL__StyleGANXL_ff_995__seed1828.png,1
/Users/pickapu/Documents/PyCharmMiscProject/deepfake-ViT/test_data_v3/real/real__494__413.png,0
/Users/pickapu/Documents/PyCharmMiscProject/deepfake-ViT/test_data_v3/real/real__id8_0000__245.png,0
/Users/pickapu/Documents/PyCharmMiscProject/deepfake-ViT/test_data_v3/real/real__278__231.png,0
/Users/pickapu/Documents/PyCharmMiscProject/deepfake-ViT/test_data_v3/stargan/fake/stargan__stargan_1912__1912.jpg,1
/Users/pickapu/Documents/PyCharmMiscProject/deepfake-ViT/test_data_v3/MRAA/fake/MRAA__MRAA_id1_id6_0007__000.png,1
/Users/pickapu/Documents/PyCharmMiscProject/deepfake-ViT/test_data_v3/sadtalker/fake/sadtalker__sadtalker_id17_bLGTrz1Zolk_50027_0003__000.png,1
/Users/pickapu/Documents/PyCharmMiscProject/deepfake-ViT/test_data_v3/real/real__id22_0009__170.png,0
/Users/pickapu/Documents/PyCharmMiscProject/deepfake-ViT/test_data_v3/mcnet/fake/mcnet__169__000.png,1
/Users/pickapu/Documents/PyCharmMiscProject/deepfake-ViT/test_data_v3/hyperreenact/fake/hyperreenact__hyperreenact_id3_id16_0001__000.png,1
/Users/pickapu/Documents/PyCharmMiscProject/deepfake-ViT/test_data_v3/real/real__513__254.png,0
/Users/pickapu/Documents/PyCharmMiscProject/deepfake-ViT/test_data_v3/real/real__111__222.png,0
/Users/pickapu/Documents/PyCharmMiscProject/deepfake-ViT/test_data_v3/real/real__540__493.png,0
/Users/pickapu/Documents/PyCharmMiscProject/deepfake-ViT/test_data_v3/simswap/fake/simswap__simswap_id4_id20_0000__000.png,1
/Users/pickapu/Documents/PyCharmMiscProject/deepfake-ViT/test_data_v3/real/real__id23_0001__158.png,0
/Users/pickapu/Documents/PyCharmMiscProject/deepfake-ViT/test_data_v3/tpsm/fake/tpsm__445__000.png,1
/Users/pickapu/Documents/PyCharmMiscProject/deepfake-ViT/test_data_v3/sd2.1/fake/sd2.1__sd2.1_id48_0004__Celeb-real_id60_0003_319.png,1
/Users/pickapu/Documents/PyCharmMiscProject/deepfake-ViT/test_data_v3/faceswap/fake/faceswap__faceswap_id50_id51_0008__000.png,1
/Users/pickapu/Documents/PyCharmMiscProject/deepfake-ViT/test_data_v3/sd2.1/fake/sd2.1__sd2.1_id30_0009__Celeb-real_id4_0006_136.png,1
/Users/pickapu/Documents/PyCharmMiscProject/deepfake-ViT/test_data_v3/facedancer/fake/facedancer__facedancer_id7_id11_0007__000.png,1
/Users/pickapu/Documents/PyCharmMiscProject/deepfake-ViT/test_data_v3/CollabDiff/fake/CollabDiff__CollabDiff_850__000000_x_0.png,1
/Users/pickapu/Documents/PyCharmMiscProject/deepfake-ViT/test_data_v3/hyperreenact/fake/hyperreenact__hyperreenact_id16_id3_0009__000.png,1
/Users/pickapu/Documents/PyCharmMiscProject/deepfake-ViT/test_data_v3/real/real__766__443.png,0
/Users/pickapu/Documents/PyCharmMiscProject/deepfake-ViT/test_data_v3/real/real__id35_0008__107.png,0
/Users/pickapu/Documents/PyCharmMiscProject/deepfake-ViT/test_data_v3/real/real__863__264.png,0
/Users/pickapu/Documents/PyCharmMiscProject/deepfake-ViT/test_data_v3/starganv2/fake/starganv2__starganv2_184__184.jpg,1
/Users/pickapu/Documents/PyCharmMiscProject/deepfake-ViT/test_data_v3/real/real__541__200.png,0
/Users/pickapu/Documents/PyCharmMiscProject/deepfake-ViT/test_data_v3/StyleGAN3/fake/StyleGAN3__StyleGAN3_Fake_from_Celeb-real_id3_0007__seed22975.png,1
/Users/pickapu/Documents/PyCharmMiscProject/deepfake-ViT/test_data_v3/one_shot_free/fake/one_shot_free__one_shot_free_id1_id16_0004__000.png,1
/Users/pickapu/Documents/PyCharmMiscProject/deepfake-ViT/test_data_v3/real/real__522__367.png,0
/Users/pickapu/Documents/PyCharmMiscProject/deepfake-ViT/test_data_v3/real/real__id56_0002__186.png,0
/Users/pickapu/Documents/PyCharmMiscProject/deepfake-ViT/test_data_v3/real/real__867__240.png,0
/Users/pickapu/Documents/PyCharmMiscProject/deepfake-ViT/test_data_v3/simswap/fake/simswap__simswap_id28_id0_0009__000.png,1
/Users/pickapu/Documents/PyCharmMiscProject/deepfake-ViT/test_data_v3/stargan/fake/stargan__stargan_570__570.jpg,1
/Users/pickapu/Documents/PyCharmMiscProject/deepfake-ViT/test_data_v3/CollabDiff/fake/CollabDiff__CollabDiff_508__000000_x_0.png,1
/Users/pickapu/Documents/PyCharmMiscProject/deepfake-ViT/test_data_v3/real/real__841__267.png,0
/Users/pickapu/Documents/PyCharmMiscProject/deepfake-ViT/test_data_v3/real/real__00208__236.png,0
/Users/pickapu/Documents/PyCharmMiscProject/deepfake-ViT/test_data_v3/real/real__239__302.png,0
/Users/pickapu/Documents/PyCharmMiscProject/deepfake-ViT/test_data_v3/MidJourney/fake/MidJourney__MidJourney_13592447708_Clean_East_Asian_female_face_face_only_shown_face_c_f0c83233-821d-4bcd-9840-c7588cd69ae9.png__13592447708_Clean_East_Asian_female_face_face_only_shown_face_c_f0c83233-821d-4bcd-9840-c7588cd69ae9.png,1
/Users/pickapu/Documents/PyCharmMiscProject/deepfake-ViT/test_data_v3/real/real__560__179.png,0
/Users/pickapu/Documents/PyCharmMiscProject/deepfake-ViT/test_data_v3/real/real__046__259.png,0
/Users/pickapu/Documents/PyCharmMiscProject/deepfake-ViT/test_data_v3/StyleGAN2/fake/StyleGAN2__StyleGAN2_id37_0008__seed6724.png,1
/Users/pickapu/Documents/PyCharmMiscProject/deepfake-ViT/test_data_v3/facedancer/fake/facedancer__000__203.png,1
/Users/pickapu/Documents/PyCharmMiscProject/deepfake-ViT/test_data_v3/real/real__354__236.png,0
/Users/pickapu/Documents/PyCharmMiscProject/deepfake-ViT/test_data_v3/MidJourney/fake/MidJourney__MidJourney_13592447708_Clean_East_Asian_male_face_only_face_shown_close-up_3fe7a4a4-4c73-4947-8dbd-9503fcdf4a36.png__13592447708_Clean_East_Asian_male_face_only_face_shown_close-up_3fe7a4a4-4c73-4947-8dbd-9503fcdf4a36.png,1
/Users/pickapu/Documents/PyCharmMiscProject/deepfake-ViT/test_data_v3/real/real__654__211.png,0
/Users/pickapu/Documents/PyCharmMiscProject/deepfake-ViT/test_data_v3/sd2.1/fake/sd2.1__846__622_322.png,1
/Users/pickapu/Documents/PyCharmMiscProject/deepfake-ViT/test_data_v3/real/real__287__244.png,0
/Users/pickapu/Documents/PyCharmMiscProject/deepfake-ViT/test_data_v3/real/real__610__202.png,0
/Users/pickapu/Documents/PyCharmMiscProject/deepfake-ViT/test_data_v3/real/real__047__164.png,0
/Users/pickapu/Documents/PyCharmMiscProject/deepfake-ViT/test_data_v3/whichfaceisreal/fake/whichfaceisreal__whichfaceisreal_513.png__513.png,1
/Users/pickapu/Documents/PyCharmMiscProject/deepfake-ViT/test_data_v3/real/real__925__183.png,0
/Users/pickapu/Documents/PyCharmMiscProject/deepfake-ViT/test_data_v3/e4e/fake/e4e__850__27203.jpg,1
/Users/pickapu/Documents/PyCharmMiscProject/deepfake-ViT/test_data_v3/real/real__726__211.png,0
/Users/pickapu/Documents/PyCharmMiscProject/deepfake-ViT/test_data_v3/sd2.1/fake/sd2.1__676__427_467.png,1
/Users/pickapu/Documents/PyCharmMiscProject/deepfake-ViT/test_data_v3/real/real__755__172.png,0
/Users/pickapu/Documents/PyCharmMiscProject/deepfake-ViT/test_data_v3/starganv2/fake/starganv2__starganv2_1333__1333.jpg,1
/Users/pickapu/Documents/PyCharmMiscProject/deepfake-ViT/test_data_v3/facedancer/fake/facedancer__facedancer_id21_id30_0002__000.png,1
/Users/pickapu/Documents/PyCharmMiscProject/deepfake-ViT/test_data_v3/real/real__465__169.png,0
/Users/pickapu/Documents/PyCharmMiscProject/deepfake-ViT/test_data_v3/real/real__id32_0006__238.png,0
/Users/pickapu/Documents/PyCharmMiscProject/deepfake-ViT/test_data_v3/real/real__022__167.png,0
/Users/pickapu/Documents/PyCharmMiscProject/deepfake-ViT/test_data_v3/real/real__325__274.png,0
/Users/pickapu/Documents/PyCharmMiscProject/deepfake-ViT/test_data_v3/real/real__576__237.png,0
/Users/pickapu/Documents/PyCharmMiscProject/deepfake-ViT/test_data_v3/danet/fake/danet__danet_id9_id2_0000__000.png,1
/Users/pickapu/Documents/PyCharmMiscProject/deepfake-ViT/test_data_v3/real/real__668__204.png,0
/Users/pickapu/Documents/PyCharmMiscProject/deepfake-ViT/test_data_v3/DiT/fake/DiT__DiT_id57_0004__23805.png,1
/Users/pickapu/Documents/PyCharmMiscProject/deepfake-ViT/test_data_v3/real/real__435__245.png,0
/Users/pickapu/Documents/PyCharmMiscProject/deepfake-ViT/test_data_v3/real/real__109__153.png,0
/Users/pickapu/Documents/PyCharmMiscProject/deepfake-ViT/test_data_v3/real/real__783__207.png,0
/Users/pickapu/Documents/PyCharmMiscProject/deepfake-ViT/test_data_v3/RDDM/fake/RDDM__RDDM_id30_0003__sample-21499.png,1
/Users/pickapu/Documents/PyCharmMiscProject/deepfake-ViT/test_data_v3/real/real__883__222.png,0
/Users/pickapu/Documents/PyCharmMiscProject/deepfake-ViT/test_data_v3/real/real__566__372.png,0
/Users/pickapu/Documents/PyCharmMiscProject/deepfake-ViT/test_data_v3/lia/fake/lia__lia_id26_id23_0003__000.png,1
/Users/pickapu/Documents/PyCharmMiscProject/deepfake-ViT/test_data_v3/real/real__788__275.png,0
/Users/pickapu/Documents/PyCharmMiscProject/deepfake-ViT/test_data_v3/fsgan/fake/fsgan__id35_0000__250.png,1
/Users/pickapu/Documents/PyCharmMiscProject/deepfake-ViT/test_data_v3/lia/fake/lia__707__000.png,1
/Users/pickapu/Documents/PyCharmMiscProject/deepfake-ViT/test_data_v3/fomm/fake/fomm__id7_0006__000.png,1
/Users/pickapu/Documents/PyCharmMiscProject/deepfake-ViT/test_data_v3/pirender/fake/pirender__pirender_id3_id9_0001__000.png,1
/Users/pickapu/Documents/PyCharmMiscProject/deepfake-ViT/test_data_v3/real/real__id36_0002__220.png,0
/Users/pickapu/Documents/PyCharmMiscProject/deepfake-ViT/test_data_v3/e4e/fake/e4e__792__25348.jpg,1
/Users/pickapu/Documents/PyCharmMiscProject/deepfake-ViT/test_data_v3/StyleGAN3/fake/StyleGAN3__StyleGAN3_Fake_from_Celeb-real_id52_0005__seed21600.png,1
/Users/pickapu/Documents/PyCharmMiscProject/deepfake-ViT/test_data_v3/real/real__538__307.png,0
/Users/pickapu/Documents/PyCharmMiscProject/deepfake-ViT/test_data_v3/MidJourney/fake/MidJourney__MidJourney_13592447708_Single_person_white_male_looking_at_the_camera_faci_60da104e-ab5e-4d6f-9283-62d50f99ffc0.png__13592447708_Single_person_white_male_looking_at_the_camera_faci_60da104e-ab5e-4d6f-9283-62d50f99ffc0.png,1
/Users/pickapu/Documents/PyCharmMiscProject/deepfake-ViT/test_data_v3/StyleGAN2/fake/StyleGAN2__StyleGAN2_id53_0005__seed23488.png,1
/Users/pickapu/Documents/PyCharmMiscProject/deepfake-ViT/test_data_v3/tpsm/fake/tpsm__tpsm_id30_id29_0000__000.png,1
/Users/pickapu/Documents/PyCharmMiscProject/deepfake-ViT/test_data_v3/styleclip/fake/styleclip__styleclip_01622__01622.jpg,1
/Users/pickapu/Documents/PyCharmMiscProject/deepfake-ViT/test_data_v3/real/real__042__173.png,0
/Users/pickapu/Documents/PyCharmMiscProject/deepfake-ViT/test_data_v3/StyleGAN3/fake/StyleGAN3__StyleGAN3_Fake_from_Youtube-real_00062__seed20702.png,1
/Users/pickapu/Documents/PyCharmMiscProject/deepfake-ViT/test_data_v3/StyleGAN3/fake/StyleGAN3__StyleGAN3_Fake_from_Youtube-real_00142__seed24562.png,1
/Users/pickapu/Documents/PyCharmMiscProject/deepfake-ViT/test_data_v3/real/real__066__224.png,0
/Users/pickapu/Documents/PyCharmMiscProject/deepfake-ViT/test_data_v3/real/real__283__498.png,0
/Users/pickapu/Documents/PyCharmMiscProject/deepfake-ViT/test_data_v3/real/real__487__164.png,0
/Users/pickapu/Documents/PyCharmMiscProject/deepfake-ViT/test_data_v3/real/real__231__295.png,0
/Users/pickapu/Documents/PyCharmMiscProject/deepfake-ViT/test_data_v3/real/real__159__167.png,0
/Users/pickapu/Documents/PyCharmMiscProject/deepfake-ViT/test_data_v3/real/real__884__176.png,0
/Users/pickapu/Documents/PyCharmMiscProject/deepfake-ViT/test_data_v3/VQGAN/fake/VQGAN__VQGAN_00105__015371.png,1
/Users/pickapu/Documents/PyCharmMiscProject/deepfake-ViT/test_data_v3/real/real__995__282.png,0
/Users/pickapu/Documents/PyCharmMiscProject/deepfake-ViT/test_data_v3/sd2.1/fake/sd2.1__349__425_129.png,1
/Users/pickapu/Documents/PyCharmMiscProject/deepfake-ViT/test_data_v3/RDDM/fake/RDDM__RDDM_id55_0001__sample-19956.png,1
/Users/pickapu/Documents/PyCharmMiscProject/deepfake-ViT/test_data_v3/sd2.1/fake/sd2.1__sd2.1_id4_0009__Celeb-real_id50_0001_345.png,1
/Users/pickapu/Documents/PyCharmMiscProject/deepfake-ViT/test_data_v3/facedancer/fake/facedancer__facedancer_id35_id29_0000__000.png,1
/Users/pickapu/Documents/PyCharmMiscProject/deepfake-ViT/test_data_v3/real/real__00279__233.png,0
/Users/pickapu/Documents/PyCharmMiscProject/deepfake-ViT/test_data_v3/sd2.1/fake/sd2.1__984__550_185.png,1
/Users/pickapu/Documents/PyCharmMiscProject/deepfake-ViT/test_data_v3/StyleGANXL/fake/StyleGANXL__StyleGANXL_Fake_from_Youtube-real_00221__seed2852.png,1
/Users/pickapu/Documents/PyCharmMiscProject/deepfake-ViT/test_data_v3/real/real__057__221.png,0
/Users/pickapu/Documents/PyCharmMiscProject/deepfake-ViT/test_data_v3/real/real__id43_0002__172.png,0
/Users/pickapu/Documents/PyCharmMiscProject/deepfake-ViT/test_data_v3/SiT/fake/SiT__00286__2208.png,1
/Users/pickapu/Documents/PyCharmMiscProject/deepfake-ViT/test_data_v3/real/real__350__208.png,0
/Users/pickapu/Documents/PyCharmMiscProject/deepfake-ViT/test_data_v3/real/real__996__160.png,0
/Users/pickapu/Documents/PyCharmMiscProject/deepfake-ViT/test_data_v3/real/real__789__292.png,0
/Users/pickapu/Documents/PyCharmMiscProject/deepfake-ViT/test_data_v3/styleclip/fake/styleclip__styleclip_01805__01805.jpg,1
/Users/pickapu/Documents/PyCharmMiscProject/deepfake-ViT/test_data_v3/DiT/fake/DiT__DiT_id41_0001__21563.png,1
/Users/pickapu/Documents/PyCharmMiscProject/deepfake-ViT/test_data_v3/mcnet/fake/mcnet__mcnet_id39_id43_0000__000.png,1
/Users/pickapu/Documents/PyCharmMiscProject/deepfake-ViT/test_data_v3/SiT/fake/SiT__00133__242.png,1
/Users/pickapu/Documents/PyCharmMiscProject/deepfake-ViT/test_data_v3/faceswap/fake/faceswap__id19_0005__000.png,1
/Users/pickapu/Documents/PyCharmMiscProject/deepfake-ViT/test_data_v3/fsgan/fake/fsgan__fsgan_id16_id0_0007__000.png,1
/Users/pickapu/Documents/PyCharmMiscProject/deepfake-ViT/test_data_v3/VQGAN/fake/VQGAN__VQGAN_id58_0006__017777.png,1
/Users/pickapu/Documents/PyCharmMiscProject/deepfake-ViT/test_data_v3/real/real__625__170.png,0
/Users/pickapu/Documents/PyCharmMiscProject/deepfake-ViT/test_data_v3/real/real__412__294.png,0
/Users/pickapu/Documents/PyCharmMiscProject/deepfake-ViT/test_data_v3/real/real__142__496.png,0
/Users/pickapu/Documents/PyCharmMiscProject/deepfake-ViT/test_data_v3/RDDM/fake/RDDM__RDDM_id6_0006__sample-22677.png,1
/Users/pickapu/Documents/PyCharmMiscProject/deepfake-ViT/test_data_v3/real/real__234__272.png,0
/Users/pickapu/Documents/PyCharmMiscProject/deepfake-ViT/test_data_v3/pirender/fake/pirender__452__000.png,1
/Users/pickapu/Documents/PyCharmMiscProject/deepfake-ViT/test_data_v3/real/real__740__179.png,0
/Users/pickapu/Documents/PyCharmMiscProject/deepfake-ViT/test_data_v3/real/real__521__156.png,0
/Users/pickapu/Documents/PyCharmMiscProject/deepfake-ViT/test_data_v3/real/real__178__268.png,0
/Users/pickapu/Documents/PyCharmMiscProject/deepfake-ViT/test_data_v3/real/real__00289__161.png,0
/Users/pickapu/Documents/PyCharmMiscProject/deepfake-ViT/test_data_v3/real/real__00188__245.png,0
/Users/pickapu/Documents/PyCharmMiscProject/deepfake-ViT/test_data_v3/real/real__258__256.png,0
/Users/pickapu/Documents/PyCharmMiscProject/deepfake-ViT/test_data_v3/mcnet/fake/mcnet__mcnet_id28_id37_0007__000.png,1
/Users/pickapu/Documents/PyCharmMiscProject/deepfake-ViT/test_data_v3/facedancer/fake/facedancer__facedancer_id3_id17_0007__000.png,1
/Users/pickapu/Documents/PyCharmMiscProject/deepfake-ViT/test_data_v3/hyperreenact/fake/hyperreenact__hyperreenact_id33_id34_0002__000.png,1
/Users/pickapu/Documents/PyCharmMiscProject/deepfake-ViT/test_data_v3/real/real__171__278.png,0
/Users/pickapu/Documents/PyCharmMiscProject/deepfake-ViT/test_data_v3/pixart/fake/pixart__id28_0004__Celeb-real_id28_0004_250.png,1
/Users/pickapu/Documents/PyCharmMiscProject/deepfake-ViT/test_data_v3/real/real__081__414.png,0
/Users/pickapu/Documents/PyCharmMiscProject/deepfake-ViT/test_data_v3/facevid2vid/fake/facevid2vid__facevid2vid_id45_id44_0000__000.png,1
/Users/pickapu/Documents/PyCharmMiscProject/deepfake-ViT/test_data_v3/real/real__805__211.png,0
/Users/pickapu/Documents/PyCharmMiscProject/deepfake-ViT/test_data_v3/tpsm/fake/tpsm__tpsm_id10_id13_0001__000.png,1
/Users/pickapu/Documents/PyCharmMiscProject/deepfake-ViT/test_data_v3/fomm/fake/fomm__fomm_id28_id3_0004__000.png,1
/Users/pickapu/Documents/PyCharmMiscProject/deepfake-ViT/test_data_v3/pirender/fake/pirender__id30_0007__000.png,1
/Users/pickapu/Documents/PyCharmMiscProject/deepfake-ViT/test_data_v3/real/real__065__227.png,0
/Users/pickapu/Documents/PyCharmMiscProject/deepfake-ViT/test_data_v3/StyleGANXL/fake/StyleGANXL__StyleGANXL_Fake_from_Youtube-real_00108__seed19336.png,1
/Users/pickapu/Documents/PyCharmMiscProject/deepfake-ViT/test_data_v3/real/real__739__156.png,0
/Users/pickapu/Documents/PyCharmMiscProject/deepfake-ViT/test_data_v3/real/real__104__237.png,0
/Users/pickapu/Documents/PyCharmMiscProject/deepfake-ViT/test_data_v3/real/real__381__297.png,0
/Users/pickapu/Documents/PyCharmMiscProject/deepfake-ViT/test_data_v3/sd2.1/fake/sd2.1__sd2.1_id2_0001__Celeb-real_id49_0002_393.png,1
/Users/pickapu/Documents/PyCharmMiscProject/deepfake-ViT/test_data_v3/mobileswap/fake/mobileswap__335__197.png,1
/Users/pickapu/Documents/PyCharmMiscProject/deepfake-ViT/test_data_v3/uniface/fake/uniface__uniface_id24_id27_0007__000.png,1
/Users/pickapu/Documents/PyCharmMiscProject/deepfake-ViT/test_data_v3/StyleGANXL/fake/StyleGANXL__StyleGANXL_Fake_from_Youtube-real_00204__seed20921.png,1
/Users/pickapu/Documents/PyCharmMiscProject/deepfake-ViT/test_data_v3/faceswap/fake/faceswap__faceswap_id37_id35_0005__000.png,1
/Users/pickapu/Documents/PyCharmMiscProject/deepfake-ViT/test_data_v3/real/real__581__196.png,0
/Users/pickapu/Documents/PyCharmMiscProject/deepfake-ViT/test_data_v3/lia/fake/lia__lia_id7_id10_0008__000.png,1
/Users/pickapu/Documents/PyCharmMiscProject/deepfake-ViT/test_data_v3/real/real__926__171.png,0
/Users/pickapu/Documents/PyCharmMiscProject/deepfake-ViT/test_data_v3/real/real__631__218.png,0
/Users/pickapu/Documents/PyCharmMiscProject/deepfake-ViT/test_data_v3/CollabDiff/fake/CollabDiff__CollabDiff_418__000000_x_0.png,1
/Users/pickapu/Documents/PyCharmMiscProject/deepfake-ViT/test_data_v3/real/real__839__198.png,0
/Users/pickapu/Documents/PyCharmMiscProject/deepfake-ViT/test_data_v3/real/real__373__310.png,0
/Users/pickapu/Documents/PyCharmMiscProject/deepfake-ViT/test_data_v3/real/real__758__201.png,0
/Users/pickapu/Documents/PyCharmMiscProject/deepfake-ViT/test_data_v3/real/real__376__265.png,0
/Users/pickapu/Documents/PyCharmMiscProject/deepfake-ViT/test_data_v3/one_shot_free/fake/one_shot_free__one_shot_free_id1_id9_0007__000.png,1
/Users/pickapu/Documents/PyCharmMiscProject/deepfake-ViT/test_data_v3/real/real__368__392.png,0
/Users/pickapu/Documents/PyCharmMiscProject/deepfake-ViT/test_data_v3/real/real__360__198.png,0
/Users/pickapu/Documents/PyCharmMiscProject/deepfake-ViT/test_data_v3/real/real__924__362.png,0
/Users/pickapu/Documents/PyCharmMiscProject/deepfake-ViT/test_data_v3/whichfaceisreal/fake/whichfaceisreal__whichfaceisreal_33.png__33.png,1
/Users/pickapu/Documents/PyCharmMiscProject/deepfake-ViT/test_data_v3/one_shot_free/fake/one_shot_free__141__000.png,1
/Users/pickapu/Documents/PyCharmMiscProject/deepfake-ViT/test_data_v3/real/real__024__157.png,0
/Users/pickapu/Documents/PyCharmMiscProject/deepfake-ViT/test_data_v3/real/real__208__239.png,0
/Users/pickapu/Documents/PyCharmMiscProject/deepfake-ViT/test_data_v3/real/real__403__364.png,0
/Users/pickapu/Documents/PyCharmMiscProject/deepfake-ViT/test_data_v3/real/real__077__314.png,0
/Users/pickapu/Documents/PyCharmMiscProject/deepfake-ViT/test_data_v3/real/real__339__235.png,0
/Users/pickapu/Documents/PyCharmMiscProject/deepfake-ViT/test_data_v3/real/real__873__455.png,0
/Users/pickapu/Documents/PyCharmMiscProject/deepfake-ViT/test_data_v3/real/real__242__170.png,0
/Users/pickapu/Documents/PyCharmMiscProject/deepfake-ViT/test_data_v3/mobileswap/fake/mobileswap__mobileswap_id1_id3_0006__000.png,1
/Users/pickapu/Documents/PyCharmMiscProject/deepfake-ViT/test_data_v3/real/real__183__200.png,0
/Users/pickapu/Documents/PyCharmMiscProject/deepfake-ViT/test_data_v3/real/real__240__369.png,0
/Users/pickapu/Documents/PyCharmMiscProject/deepfake-ViT/test_data_v3/mobileswap/fake/mobileswap__mobileswap_id2_id0_0008__000.png,1
/Users/pickapu/Documents/PyCharmMiscProject/deepfake-ViT/test_data_v3/VQGAN/fake/VQGAN__VQGAN_00108__014061.png,1
/Users/pickapu/Documents/PyCharmMiscProject/deepfake-ViT/test_data_v3/real/real__693__306.png,0
/Users/pickapu/Documents/PyCharmMiscProject/deepfake-ViT/test_data_v3/real/real__518__151.png,0
/Users/pickapu/Documents/PyCharmMiscProject/deepfake-ViT/test_data_v3/StyleGANXL/fake/StyleGANXL__StyleGANXL_Fake_from_Celeb-real_id7_0008__seed21215.png,1
/Users/pickapu/Documents/PyCharmMiscProject/deepfake-ViT/test_data_v3/mcnet/fake/mcnet__mcnet_id46_id45_0001__000.png,1
/Users/pickapu/Documents/PyCharmMiscProject/deepfake-ViT/test_data_v3/faceswap/fake/faceswap__faceswap_id27_id21_0008__000.png,1
/Users/pickapu/Documents/PyCharmMiscProject/deepfake-ViT/test_data_v3/e4e/fake/e4e__011__00369.jpg,1
/Users/pickapu/Documents/PyCharmMiscProject/deepfake-ViT/test_data_v3/wav2lip/fake/wav2lip__wav2lip_id0_0006_6bVhrpkp0WU_50019__000.png,1
/Users/pickapu/Documents/PyCharmMiscProject/deepfake-ViT/test_data_v3/lia/fake/lia__lia_id42_id40_0001__000.png,1
/Users/pickapu/Documents/PyCharmMiscProject/deepfake-ViT/test_data_v3/lia/fake/lia__lia_id45_id48_0002__000.png,1
/Users/pickapu/Documents/PyCharmMiscProject/deepfake-ViT/test_data_v3/real/real__934__194.png,0
/Users/pickapu/Documents/PyCharmMiscProject/deepfake-ViT/test_data_v3/real/real__685__268.png,0
/Users/pickapu/Documents/PyCharmMiscProject/deepfake-ViT/test_data_v3/facevid2vid/fake/facevid2vid__id16_0007__000.png,1
/Users/pickapu/Documents/PyCharmMiscProject/deepfake-ViT/test_data_v3/real/real__832__284.png,0
/Users/pickapu/Documents/PyCharmMiscProject/deepfake-ViT/test_data_v3/wav2lip/fake/wav2lip__id28_0009__170.png,1
/Users/pickapu/Documents/PyCharmMiscProject/deepfake-ViT/test_data_v3/real/real__176__193.png,0
/Users/pickapu/Documents/PyCharmMiscProject/deepfake-ViT/test_data_v3/StyleGAN2/fake/StyleGAN2__StyleGAN2_id45_0002__seed5242.png,1
/Users/pickapu/Documents/PyCharmMiscProject/deepfake-ViT/test_data_v3/real/real__848__185.png,0
/Users/pickapu/Documents/PyCharmMiscProject/deepfake-ViT/test_data_v3/real/real__547__255.png,0
/Users/pickapu/Documents/PyCharmMiscProject/deepfake-ViT/test_data_v3/real/real__829__412.png,0
/Users/pickapu/Documents/PyCharmMiscProject/deepfake-ViT/test_data_v3/real/real__962__236.png,0
/Users/pickapu/Documents/PyCharmMiscProject/deepfake-ViT/test_data_v3/styleclip/fake/styleclip__styleclip_01361__01361.jpg,1
/Users/pickapu/Documents/PyCharmMiscProject/deepfake-ViT/test_data_v3/pirender/fake/pirender__pirender_id20_id28_0006__000.png,1
/Users/pickapu/Documents/PyCharmMiscProject/deepfake-ViT/test_data_v3/real/real__677__161.png,0
/Users/pickapu/Documents/PyCharmMiscProject/deepfake-ViT/test_data_v3/MRAA/fake/MRAA__114__368.png,1
/Users/pickapu/Documents/PyCharmMiscProject/deepfake-ViT/test_data_v3/StyleGAN2/fake/StyleGAN2__StyleGAN2_id30_0002__seed15515.png,1
/Users/pickapu/Documents/PyCharmMiscProject/deepfake-ViT/test_data_v3/real/real__id27_0008__170.png,0
/Users/pickapu/Documents/PyCharmMiscProject/deepfake-ViT/test_data_v3/real/real__565__221.png,0
/Users/pickapu/Documents/PyCharmMiscProject/deepfake-ViT/test_data_v3/e4s/fake/e4s__id20_0008__000.png,1
/Users/pickapu/Documents/PyCharmMiscProject/deepfake-ViT/test_data_v3/DiT/fake/DiT__DiT_00144__17467.png,1
/Users/pickapu/Documents/PyCharmMiscProject/deepfake-ViT/test_data_v3/uniface/fake/uniface__uniface_id3_id37_0006__000.png,1
/Users/pickapu/Documents/PyCharmMiscProject/deepfake-ViT/test_data_v3/lia/fake/lia__lia_id1_id4_0003__000.png,1
/Users/pickapu/Documents/PyCharmMiscProject/deepfake-ViT/test_data_v3/real/real__833__309.png,0
/Users/pickapu/Documents/PyCharmMiscProject/deepfake-ViT/test_data_v3/real/real__879__432.png,0
/Users/pickapu/Documents/PyCharmMiscProject/deepfake-ViT/test_data_v3/real/real__957__215.png,0
/Users/pickapu/Documents/PyCharmMiscProject/deepfake-ViT/test_data_v3/DiT/fake/DiT__id54_0007__22674.png,1
/Users/pickapu/Documents/PyCharmMiscProject/deepfake-ViT/test_data_v3/CollabDiff/fake/CollabDiff__CollabDiff_169__000000_x_0.png,1
/Users/pickapu/Documents/PyCharmMiscProject/deepfake-ViT/test_data_v3/real/real__456__313.png,0
/Users/pickapu/Documents/PyCharmMiscProject/deepfake-ViT/test_data_v3/StyleGANXL/fake/StyleGANXL__StyleGANXL_Fake_from_Youtube-real_00251__seed19227.png,1
/Users/pickapu/Documents/PyCharmMiscProject/deepfake-ViT/test_data_v3/whichfaceisreal/fake/whichfaceisreal__whichfaceisreal_744.png__744.png,1
/Users/pickapu/Documents/PyCharmMiscProject/deepfake-ViT/test_data_v3/real/real__398__299.png,0
/Users/pickapu/Documents/PyCharmMiscProject/deepfake-ViT/test_data_v3/stargan/fake/stargan__stargan_548__548.jpg,1
/Users/pickapu/Documents/PyCharmMiscProject/deepfake-ViT/test_data_v3/real/real__269__199.png,0
/Users/pickapu/Documents/PyCharmMiscProject/deepfake-ViT/test_data_v3/real/real__261__348.png,0
/Users/pickapu/Documents/PyCharmMiscProject/deepfake-ViT/test_data_v3/DiT/fake/DiT__DiT_id59_0000__21350.png,1
/Users/pickapu/Documents/PyCharmMiscProject/deepfake-ViT/test_data_v3/wav2lip/fake/wav2lip__wav2lip_id49_0003_b6rAgHcuYtE_50018__000.png,1
/Users/pickapu/Documents/PyCharmMiscProject/deepfake-ViT/test_data_v3/real/real__413__195.png,0
/Users/pickapu/Documents/PyCharmMiscProject/deepfake-ViT/test_data_v3/uniface/fake/uniface__uniface_id20_id6_0007__000.png,1
/Users/pickapu/Documents/PyCharmMiscProject/deepfake-ViT/test_data_v3/real/real__007__260.png,0
/Users/pickapu/Documents/PyCharmMiscProject/deepfake-ViT/test_data_v3/ddim/fake/ddim__ddim_id40_0002__Celeb-real_id20_0003_000.png,1
/Users/pickapu/Documents/PyCharmMiscProject/deepfake-ViT/test_data_v3/DiT/fake/DiT__DiT_00130__26696.png,1
/Users/pickapu/Documents/PyCharmMiscProject/deepfake-ViT/test_data_v3/real/real__570__221.png,0
/Users/pickapu/Documents/PyCharmMiscProject/deepfake-ViT/test_data_v3/tpsm/fake/tpsm__tpsm_id13_id10_0004__000.png,1
/Users/pickapu/Documents/PyCharmMiscProject/deepfake-ViT/test_data_v3/real/real__698__156.png,0
/Users/pickapu/Documents/PyCharmMiscProject/deepfake-ViT/test_data_v3/real/real__754__206.png,0
/Users/pickapu/Documents/PyCharmMiscProject/deepfake-ViT/test_data_v3/real/real__753__353.png,0
/Users/pickapu/Documents/PyCharmMiscProject/deepfake-ViT/test_data_v3/MRAA/fake/MRAA__MRAA_id49_id54_0003__000.png,1
/Users/pickapu/Documents/PyCharmMiscProject/deepfake-ViT/test_data_v3/tpsm/fake/tpsm__141__000.png,1
/Users/pickapu/Documents/PyCharmMiscProject/deepfake-ViT/test_data_v3/pixart/fake/pixart__id8_0009__Celeb-real_id8_0009_072.png,1
/Users/pickapu/Documents/PyCharmMiscProject/deepfake-ViT/test_data_v3/real/real__00254__238.png,0
/Users/pickapu/Documents/PyCharmMiscProject/deepfake-ViT/test_data_v3/StyleGAN2/fake/StyleGAN2__StyleGAN2_id24_0002__seed9425.png,1
/Users/pickapu/Documents/PyCharmMiscProject/deepfake-ViT/test_data_v3/stargan/fake/stargan__stargan_708__708.jpg,1
/Users/pickapu/Documents/PyCharmMiscProject/deepfake-ViT/test_data_v3/StyleGANXL/fake/StyleGANXL__StyleGANXL_Fake_from_Celeb-real_id25_0005__seed25175.png,1
/Users/pickapu/Documents/PyCharmMiscProject/deepfake-ViT/test_data_v3/SiT/fake/SiT__SiT_id61_0005__24318.png,1
/Users/pickapu/Documents/PyCharmMiscProject/deepfake-ViT/test_data_v3/stargan/fake/stargan__stargan_1185__1185.jpg,1
/Users/pickapu/Documents/PyCharmMiscProject/deepfake-ViT/test_data_v3/real/real__613__213.png,0
/Users/pickapu/Documents/PyCharmMiscProject/deepfake-ViT/test_data_v3/real/real__00095__235.png,0
/Users/pickapu/Documents/PyCharmMiscProject/deepfake-ViT/test_data_v3/fomm/fake/fomm__id19_0005__000.png,1
/Users/pickapu/Documents/PyCharmMiscProject/deepfake-ViT/test_data_v3/styleclip/fake/styleclip__styleclip_00165__00165.jpg,1
/Users/pickapu/Documents/PyCharmMiscProject/deepfake-ViT/test_data_v3/real/real__616__341.png,0
/Users/pickapu/Documents/PyCharmMiscProject/deepfake-ViT/test_data_v3/StyleGAN3/fake/StyleGAN3__StyleGAN3_ff_529__seed20520.png,1
/Users/pickapu/Documents/PyCharmMiscProject/deepfake-ViT/test_data_v3/real/real__364__333.png,0
/Users/pickapu/Documents/PyCharmMiscProject/deepfake-ViT/test_data_v3/faceswap/fake/faceswap__faceswap_id6_id4_0008__000.png,1
/Users/pickapu/Documents/PyCharmMiscProject/deepfake-ViT/test_data_v3/real/real__556__191.png,0
/Users/pickapu/Documents/PyCharmMiscProject/deepfake-ViT/test_data_v3/real/real__528__194.png,0
/Users/pickapu/Documents/PyCharmMiscProject/deepfake-ViT/test_data_v3/starganv2/fake/starganv2__starganv2_1578__1578.jpg,1
/Users/pickapu/Documents/PyCharmMiscProject/deepfake-ViT/test_data_v3/simswap/fake/simswap__simswap_id44_id45_0000__000.png,1
/Users/pickapu/Documents/PyCharmMiscProject/deepfake-ViT/test_data_v3/starganv2/fake/starganv2__starganv2_1324__1324.jpg,1
/Users/pickapu/Documents/PyCharmMiscProject/deepfake-ViT/test_data_v3/real/real__943__242.png,0
/Users/pickapu/Documents/PyCharmMiscProject/deepfake-ViT/test_data_v3/real/real__423__1754.png,0
/Users/pickapu/Documents/PyCharmMiscProject/deepfake-ViT/test_data_v3/mcnet/fake/mcnet__mcnet_id37_id2_0009__000.png,1
/Users/pickapu/Documents/PyCharmMiscProject/deepfake-ViT/test_data_v3/real/real__432__185.png,0
/Users/pickapu/Documents/PyCharmMiscProject/deepfake-ViT/test_data_v3/danet/fake/danet__danet_id7_id11_0009__000.png,1
/Users/pickapu/Documents/PyCharmMiscProject/deepfake-ViT/test_data_v3/real/real__442__182.png,0
/Users/pickapu/Documents/PyCharmMiscProject/deepfake-ViT/test_data_v3/simswap/fake/simswap__simswap_id23_id35_0009__000.png,1
/Users/pickapu/Documents/PyCharmMiscProject/deepfake-ViT/test_data_v3/real/real__00213__252.png,0
/Users/pickapu/Documents/PyCharmMiscProject/deepfake-ViT/test_data_v3/one_shot_free/fake/one_shot_free__one_shot_free_id26_id17_0006__000.png,1
/Users/pickapu/Documents/PyCharmMiscProject/deepfake-ViT/test_data_v3/styleclip/fake/styleclip__styleclip_01162__01162.jpg,1
/Users/pickapu/Documents/PyCharmMiscProject/deepfake-ViT/test_data_v3/real/real__id13_0011__240.png,0
/Users/pickapu/Documents/PyCharmMiscProject/deepfake-ViT/test_data_v3/MidJourney/fake/MidJourney__MidJourney_13592447708_black_male_face_face_only_face_close-up_face_close-_a7fc54cb-0f4a-4cd8-901e-31a827c94f7e.png__13592447708_black_male_face_face_only_face_close-up_face_close-_a7fc54cb-0f4a-4cd8-901e-31a827c94f7e.png,1
/Users/pickapu/Documents/PyCharmMiscProject/deepfake-ViT/test_data_v3/real/real__539__161.png,0
/Users/pickapu/Documents/PyCharmMiscProject/deepfake-ViT/test_data_v3/whichfaceisreal/fake/whichfaceisreal__whichfaceisreal_117.png__117.png,1
/Users/pickapu/Documents/PyCharmMiscProject/deepfake-ViT/test_data_v3/wav2lip/fake/wav2lip__wav2lip_id26_0009_6Af5tJzSR2w_50006__000.png,1
/Users/pickapu/Documents/PyCharmMiscProject/deepfake-ViT/test_data_v3/starganv2/fake/starganv2__starganv2_1839__1839.jpg,1
/Users/pickapu/Documents/PyCharmMiscProject/deepfake-ViT/test_data_v3/ddim/fake/ddim__ddim_id55_0001__Celeb-real_id38_0008_300.png,1
/Users/pickapu/Documents/PyCharmMiscProject/deepfake-ViT/test_data_v3/real/real__912__333.png,0
/Users/pickapu/Documents/PyCharmMiscProject/deepfake-ViT/test_data_v3/StyleGAN3/fake/StyleGAN3__StyleGAN3_Fake_from_Youtube-real_00219__seed22004.png,1
/Users/pickapu/Documents/PyCharmMiscProject/deepfake-ViT/test_data_v3/blendface/fake/blendface__blendface_id29_id33_0004__000.png,1
/Users/pickapu/Documents/PyCharmMiscProject/deepfake-ViT/test_data_v3/real/real__612__216.png,0
/Users/pickapu/Documents/PyCharmMiscProject/deepfake-ViT/test_data_v3/styleclip/fake/styleclip__styleclip_02266__02266.jpg,1
/Users/pickapu/Documents/PyCharmMiscProject/deepfake-ViT/test_data_v3/real/real__575__286.png,0
/Users/pickapu/Documents/PyCharmMiscProject/deepfake-ViT/test_data_v3/StyleGANXL/fake/StyleGANXL__StyleGANXL_Fake_from_Celeb-real_id44_0001__seed19850.png,1
/Users/pickapu/Documents/PyCharmMiscProject/deepfake-ViT/test_data_v3/real/real__312__220.png,0
/Users/pickapu/Documents/PyCharmMiscProject/deepfake-ViT/test_data_v3/real/real__732__219.png,0
/Users/pickapu/Documents/PyCharmMiscProject/deepfake-ViT/test_data_v3/starganv2/fake/starganv2__starganv2_240__240.jpg,1
/Users/pickapu/Documents/PyCharmMiscProject/deepfake-ViT/test_data_v3/real/real__276__170.png,0
/Users/pickapu/Documents/PyCharmMiscProject/deepfake-ViT/test_data_v3/real/real__597__152.png,0
/Users/pickapu/Documents/PyCharmMiscProject/deepfake-ViT/test_data_v3/pixart/fake/pixart__707__455_249.png,1
/Users/pickapu/Documents/PyCharmMiscProject/deepfake-ViT/test_data_v3/lia/fake/lia__lia_id23_id17_0009__000.png,1
/Users/pickapu/Documents/PyCharmMiscProject/deepfake-ViT/test_data_v3/stargan/fake/stargan__stargan_1521__1521.jpg,1
/Users/pickapu/Documents/PyCharmMiscProject/deepfake-ViT/test_data_v3/MidJourney/fake/MidJourney__MidJourney_13592447708_Single_person_white_female_looking_at_the_camera_fa_f3013a9a-f89b-4477-81f0-9eed5ff0b125.png__13592447708_Single_person_white_female_looking_at_the_camera_fa_f3013a9a-f89b-4477-81f0-9eed5ff0b125.png,1
/Users/pickapu/Documents/PyCharmMiscProject/deepfake-ViT/test_data_v3/real/real__210__432.png,0
/Users/pickapu/Documents/PyCharmMiscProject/deepfake-ViT/test_data_v3/faceswap/fake/faceswap__faceswap_id47_id45_0002__000.png,1
/Users/pickapu/Documents/PyCharmMiscProject/deepfake-ViT/test_data_v3/fsgan/fake/fsgan__fsgan_id47_id45_0002__000.png,1
/Users/pickapu/Documents/PyCharmMiscProject/deepfake-ViT/test_data_v3/real/real__480__249.png,0
/Users/pickapu/Documents/PyCharmMiscProject/deepfake-ViT/test_data_v3/pixart/fake/pixart__pixart_id9_0004__Celeb-real_id57_0000_432.png,1
/Users/pickapu/Documents/PyCharmMiscProject/deepfake-ViT/test_data_v3/real/real__516__182.png,0
/Users/pickapu/Documents/PyCharmMiscProject/deepfake-ViT/test_data_v3/SiT/fake/SiT__SiT_id33_0009__27249.png,1
/Users/pickapu/Documents/PyCharmMiscProject/deepfake-ViT/test_data_v3/real/real__733__266.png,0
/Users/pickapu/Documents/PyCharmMiscProject/deepfake-ViT/test_data_v3/mobileswap/fake/mobileswap__007__260.png,1
/Users/pickapu/Documents/PyCharmMiscProject/deepfake-ViT/test_data_v3/SiT/fake/SiT__id31_0004__24412.png,1
/Users/pickapu/Documents/PyCharmMiscProject/deepfake-ViT/test_data_v3/e4e/fake/e4e__516__16520.jpg,1
/Users/pickapu/Documents/PyCharmMiscProject/deepfake-ViT/test_data_v3/real/real__917__230.png,0
/Users/pickapu/Documents/PyCharmMiscProject/deepfake-ViT/test_data_v3/sd2.1/fake/sd2.1__978__552_029.png,1
/Users/pickapu/Documents/PyCharmMiscProject/deepfake-ViT/test_data_v3/real/real__254__219.png,0
/Users/pickapu/Documents/PyCharmMiscProject/deepfake-ViT/test_data_v3/one_shot_free/fake/one_shot_free__015__000.png,1
/Users/pickapu/Documents/PyCharmMiscProject/deepfake-ViT/test_data_v3/sadtalker/fake/sadtalker__sadtalker_id4_BMOjVYgYaG8_50008_0008__000.png,1
/Users/pickapu/Documents/PyCharmMiscProject/deepfake-ViT/test_data_v3/real/real__707__499.png,0
/Users/pickapu/Documents/PyCharmMiscProject/deepfake-ViT/test_data_v3/styleclip/fake/styleclip__styleclip_01612__01612.jpg,1
/Users/pickapu/Documents/PyCharmMiscProject/deepfake-ViT/test_data_v3/StyleGAN3/fake/StyleGAN3__StyleGAN3_ff_138__seed16675.png,1
/Users/pickapu/Documents/PyCharmMiscProject/deepfake-ViT/test_data_v3/StyleGAN3/fake/StyleGAN3__StyleGAN3_Fake_from_Youtube-real_00057__seed21105.png,1
/Users/pickapu/Documents/PyCharmMiscProject/deepfake-ViT/test_data_v3/real/real__317__351.png,0
/Users/pickapu/Documents/PyCharmMiscProject/deepfake-ViT/test_data_v3/real/real__299__161.png,0
/Users/pickapu/Documents/PyCharmMiscProject/deepfake-ViT/test_data_v3/real/real__572__178.png,0
/Users/pickapu/Documents/PyCharmMiscProject/deepfake-ViT/test_data_v3/real/real__193__191.png,0
/Users/pickapu/Documents/PyCharmMiscProject/deepfake-ViT/test_data_v3/real/real__837__228.png,0
/Users/pickapu/Documents/PyCharmMiscProject/deepfake-ViT/test_data_v3/real/real__019__312.png,0
/Users/pickapu/Documents/PyCharmMiscProject/deepfake-ViT/test_data_v3/real/real__990__156.png,0
/Users/pickapu/Documents/PyCharmMiscProject/deepfake-ViT/test_data_v3/real/real__id53_0000__243.png,0
/Users/pickapu/Documents/PyCharmMiscProject/deepfake-ViT/test_data_v3/real/real__id11_0008__190.png,0
/Users/pickapu/Documents/PyCharmMiscProject/deepfake-ViT/test_data_v3/fsgan/fake/fsgan__fsgan_id37_id4_0006__000.png,1
/Users/pickapu/Documents/PyCharmMiscProject/deepfake-ViT/test_data_v3/fomm/fake/fomm__fomm_id1_id0_0000__000.png,1
/Users/pickapu/Documents/PyCharmMiscProject/deepfake-ViT/test_data_v3/real/real__667__241.png,0
/Users/pickapu/Documents/PyCharmMiscProject/deepfake-ViT/test_data_v3/real/real__00258__237.png,0
/Users/pickapu/Documents/PyCharmMiscProject/deepfake-ViT/test_data_v3/one_shot_free/fake/one_shot_free__one_shot_free_id7_id13_0000__000.png,1
/Users/pickapu/Documents/PyCharmMiscProject/deepfake-ViT/test_data_v3/stargan/fake/stargan__stargan_376__376.jpg,1
/Users/pickapu/Documents/PyCharmMiscProject/deepfake-ViT/test_data_v3/real/real__986__426.png,0
/Users/pickapu/Documents/PyCharmMiscProject/deepfake-ViT/test_data_v3/danet/fake/danet__386__000.png,1
/Users/pickapu/Documents/PyCharmMiscProject/deepfake-ViT/test_data_v3/real/real__id35_0000__250.png,0
/Users/pickapu/Documents/PyCharmMiscProject/deepfake-ViT/test_data_v3/sd2.1/fake/sd2.1__sd2.1_id11_0008__YouTube-real_00025_332.png,1
/Users/pickapu/Documents/PyCharmMiscProject/deepfake-ViT/test_data_v3/real/real__013__170.png,0
/Users/pickapu/Documents/PyCharmMiscProject/deepfake-ViT/test_data_v3/e4e/fake/e4e__066__02128.jpg,1
/Users/pickapu/Documents/PyCharmMiscProject/deepfake-ViT/test_data_v3/real/real__096__259.png,0
/Users/pickapu/Documents/PyCharmMiscProject/deepfake-ViT/test_data_v3/real/real__228__286.png,0
/Users/pickapu/Documents/PyCharmMiscProject/deepfake-ViT/test_data_v3/real/real__225__156.png,0
/Users/pickapu/Documents/PyCharmMiscProject/deepfake-ViT/test_data_v3/sadtalker/fake/sadtalker__sadtalker_id3_79tRTivyMSM_50009_0006__000.png,1
/Users/pickapu/Documents/PyCharmMiscProject/deepfake-ViT/test_data_v3/sd2.1/fake/sd2.1__232__430_160.png,1
/Users/pickapu/Documents/PyCharmMiscProject/deepfake-ViT/test_data_v3/real/real__041__179.png,0
/Users/pickapu/Documents/PyCharmMiscProject/deepfake-ViT/test_data_v3/tpsm/fake/tpsm__tpsm_id21_id0_0000__000.png,1
/Users/pickapu/Documents/PyCharmMiscProject/deepfake-ViT/test_data_v3/real/real__067__277.png,0
/Users/pickapu/Documents/PyCharmMiscProject/deepfake-ViT/test_data_v3/real/real__00272__163.png,0
/Users/pickapu/Documents/PyCharmMiscProject/deepfake-ViT/test_data_v3/real/real__886__270.png,0
/Users/pickapu/Documents/PyCharmMiscProject/deepfake-ViT/test_data_v3/real/real__515__394.png,0
/Users/pickapu/Documents/PyCharmMiscProject/deepfake-ViT/test_data_v3/real/real__508__310.png,0
/Users/pickapu/Documents/PyCharmMiscProject/deepfake-ViT/test_data_v3/real/real__553__187.png,0
/Users/pickapu/Documents/PyCharmMiscProject/deepfake-ViT/test_data_v3/MRAA/fake/MRAA__MRAA_id35_id28_0006__000.png,1
/Users/pickapu/Documents/PyCharmMiscProject/deepfake-ViT/test_data_v3/fomm/fake/fomm__fomm_id28_id22_0006__000.png,1
/Users/pickapu/Documents/PyCharmMiscProject/deepfake-ViT/test_data_v3/real/real__072__160.png,0
/Users/pickapu/Documents/PyCharmMiscProject/deepfake-ViT/test_data_v3/real/real__008__328.png,0
/Users/pickapu/Documents/PyCharmMiscProject/deepfake-ViT/test_data_v3/e4e/fake/e4e__902__28867.jpg,1
/Users/pickapu/Documents/PyCharmMiscProject/deepfake-ViT/test_data_v3/real/real__608__388.png,0
/Users/pickapu/Documents/PyCharmMiscProject/deepfake-ViT/test_data_v3/real/real__978__390.png,0
/Users/pickapu/Documents/PyCharmMiscProject/deepfake-ViT/test_data_v3/MRAA/fake/MRAA__MRAA_id4_id0_0004__000.png,1
/Users/pickapu/Documents/PyCharmMiscProject/deepfake-ViT/test_data_v3/sadtalker/fake/sadtalker__sadtalker_id30_3QZp6smeSQA_50008_0002__000.png,1
/Users/pickapu/Documents/PyCharmMiscProject/deepfake-ViT/test_data_v3/real/real__647__360.png,0
/Users/pickapu/Documents/PyCharmMiscProject/deepfake-ViT/test_data_v3/stargan/fake/stargan__stargan_1385__1385.jpg,1
/Users/pickapu/Documents/PyCharmMiscProject/deepfake-ViT/test_data_v3/real/real__830__263.png,0
/Users/pickapu/Documents/PyCharmMiscProject/deepfake-ViT/test_data_v3/real/real__123__264.png,0
/Users/pickapu/Documents/PyCharmMiscProject/deepfake-ViT/test_data_v3/StyleGANXL/fake/StyleGANXL__StyleGANXL_Fake_from_Celeb-real_id16_0008__seed2118.png,1
/Users/pickapu/Documents/PyCharmMiscProject/deepfake-ViT/test_data_v3/SiT/fake/SiT__id37_0004__2272.png,1
/Users/pickapu/Documents/PyCharmMiscProject/deepfake-ViT/test_data_v3/real/real__187__508.png,0
/Users/pickapu/Documents/PyCharmMiscProject/deepfake-ViT/test_data_v3/real/real__162__353.png,0
/Users/pickapu/Documents/PyCharmMiscProject/deepfake-ViT/test_data_v3/real/real__328__164.png,0
/Users/pickapu/Documents/PyCharmMiscProject/deepfake-ViT/test_data_v3/real/real__289__307.png,0
/Users/pickapu/Documents/PyCharmMiscProject/deepfake-ViT/test_data_v3/StyleGAN3/fake/StyleGAN3__StyleGAN3_Fake_from_Celeb-real_id41_0006__seed22772.png,1
/Users/pickapu/Documents/PyCharmMiscProject/deepfake-ViT/test_data_v3/wav2lip/fake/wav2lip__wav2lip_id26_0000_1mUDw0sRZV0_50012__000.png,1
/Users/pickapu/Documents/PyCharmMiscProject/deepfake-ViT/test_data_v3/real/real__457__272.png,0
/Users/pickapu/Documents/PyCharmMiscProject/deepfake-ViT/test_data_v3/sd2.1/fake/sd2.1__415__487_071.png,1
/Users/pickapu/Documents/PyCharmMiscProject/deepfake-ViT/test_data_v3/e4e/fake/e4e__069__02224.jpg,1
/Users/pickapu/Documents/PyCharmMiscProject/deepfake-ViT/test_data_v3/e4s/fake/e4s__e4s_id8_id3_0003__000.png,1
/Users/pickapu/Documents/PyCharmMiscProject/deepfake-ViT/test_data_v3/sd2.1/fake/sd2.1__sd2.1_id16_0011__YouTube-real_00246_175.png,1
/Users/pickapu/Documents/PyCharmMiscProject/deepfake-ViT/test_data_v3/wav2lip/fake/wav2lip__wav2lip_id34_0005_56WGgJNBRxQ_50011__000.png,1
/Users/pickapu/Documents/PyCharmMiscProject/deepfake-ViT/test_data_v3/real/real__00287__241.png,0
/Users/pickapu/Documents/PyCharmMiscProject/deepfake-ViT/test_data_v3/CollabDiff/fake/CollabDiff__CollabDiff_532__000000_x_0.png,1
/Users/pickapu/Documents/PyCharmMiscProject/deepfake-ViT/test_data_v3/real/real__346__316.png,0
/Users/pickapu/Documents/PyCharmMiscProject/deepfake-ViT/test_data_v3/real/real__id19_0007__168.png,0
/Users/pickapu/Documents/PyCharmMiscProject/deepfake-ViT/test_data_v3/SiT/fake/SiT__00194__23557.png,1
/Users/pickapu/Documents/PyCharmMiscProject/deepfake-ViT/test_data_v3/DiT/fake/DiT__id27_0009__2461.png,1
/Users/pickapu/Documents/PyCharmMiscProject/deepfake-ViT/test_data_v3/real/real__365__189.png,0
/Users/pickapu/Documents/PyCharmMiscProject/deepfake-ViT/test_data_v3/stargan/fake/stargan__stargan_1167__1167.jpg,1
/Users/pickapu/Documents/PyCharmMiscProject/deepfake-ViT/test_data_v3/mobileswap/fake/mobileswap__014__348.png,1
/Users/pickapu/Documents/PyCharmMiscProject/deepfake-ViT/test_data_v3/real/real__045__180.png,0
/Users/pickapu/Documents/PyCharmMiscProject/deepfake-ViT/test_data_v3/real/real__id34_0006__212.png,0
/Users/pickapu/Documents/PyCharmMiscProject/deepfake-ViT/test_data_v3/real/real__352__216.png,0
/Users/pickapu/Documents/PyCharmMiscProject/deepfake-ViT/test_data_v3/real/real__286__344.png,0
/Users/pickapu/Documents/PyCharmMiscProject/deepfake-ViT/test_data_v3/real/real__531__153.png,0
/Users/pickapu/Documents/PyCharmMiscProject/deepfake-ViT/test_data_v3/CollabDiff/fake/CollabDiff__CollabDiff_622__000000_x_0.png,1
/Users/pickapu/Documents/PyCharmMiscProject/deepfake-ViT/test_data_v3/MRAA/fake/MRAA__MRAA_id50_id49_0001__000.png,1
/Users/pickapu/Documents/PyCharmMiscProject/deepfake-ViT/test_data_v3/faceswap/fake/faceswap__faceswap_id9_id0_0000__000.png,1
/Users/pickapu/Documents/PyCharmMiscProject/deepfake-ViT/test_data_v3/real/real__961__166.png,0
/Users/pickapu/Documents/PyCharmMiscProject/deepfake-ViT/test_data_v3/real/real__id30_0007__234.png,0
/Users/pickapu/Documents/PyCharmMiscProject/deepfake-ViT/test_data_v3/RDDM/fake/RDDM__RDDM_id13_0015__sample-23494.png,1
/Users/pickapu/Documents/PyCharmMiscProject/deepfake-ViT/test_data_v3/real/real__437__305.png,0
/Users/pickapu/Documents/PyCharmMiscProject/deepfake-ViT/test_data_v3/fsgan/fake/fsgan__280__312.png,1
/Users/pickapu/Documents/PyCharmMiscProject/deepfake-ViT/test_data_v3/real/real__175__259.png,0
/Users/pickapu/Documents/PyCharmMiscProject/deepfake-ViT/test_data_v3/StyleGAN3/fake/StyleGAN3__StyleGAN3_Fake_from_Celeb-real_id33_0009__seed23823.png,1
/Users/pickapu/Documents/PyCharmMiscProject/deepfake-ViT/test_data_v3/fomm/fake/fomm__579__000.png,1
/Users/pickapu/Documents/PyCharmMiscProject/deepfake-ViT/test_data_v3/real/real__562__240.png,0
/Users/pickapu/Documents/PyCharmMiscProject/deepfake-ViT/test_data_v3/real/real__000__203.png,0
/Users/pickapu/Documents/PyCharmMiscProject/deepfake-ViT/test_data_v3/whichfaceisreal/fake/whichfaceisreal__whichfaceisreal_942.png__942.png,1
/Users/pickapu/Documents/PyCharmMiscProject/deepfake-ViT/test_data_v3/DiT/fake/DiT__DiT_id25_0001__25783.png,1
/Users/pickapu/Documents/PyCharmMiscProject/deepfake-ViT/test_data_v3/real/real__320__259.png,0
/Users/pickapu/Documents/PyCharmMiscProject/deepfake-ViT/test_data_v3/real/real__699__269.png,0
/Users/pickapu/Documents/PyCharmMiscProject/deepfake-ViT/test_data_v3/MRAA/fake/MRAA__675__216.png,1
/Users/pickapu/Documents/PyCharmMiscProject/deepfake-ViT/test_data_v3/real/real__311__189.png,0
/Users/pickapu/Documents/PyCharmMiscProject/deepfake-ViT/test_data_v3/StyleGAN3/fake/StyleGAN3__StyleGAN3_Fake_from_Celeb-real_id3_0001__seed20371.png,1
/Users/pickapu/Documents/PyCharmMiscProject/deepfake-ViT/test_data_v3/SiT/fake/SiT__SiT_00053__22335.png,1
/Users/pickapu/Documents/PyCharmMiscProject/deepfake-ViT/test_data_v3/pirender/fake/pirender__550__000.png,1
/Users/pickapu/Documents/PyCharmMiscProject/deepfake-ViT/test_data_v3/real/real__315__156.png,0
/Users/pickapu/Documents/PyCharmMiscProject/deepfake-ViT/test_data_v3/ddim/fake/ddim__ddim_00261__Celeb-real_id47_0004_020.png,1
/Users/pickapu/Documents/PyCharmMiscProject/deepfake-ViT/test_data_v3/danet/fake/danet__danet_id3_id17_0007__000.png,1
/Users/pickapu/Documents/PyCharmMiscProject/deepfake-ViT/test_data_v3/e4s/fake/e4s__e4s_id4_id28_0006__000.png,1
/Users/pickapu/Documents/PyCharmMiscProject/deepfake-ViT/test_data_v3/real/real__115__164.png,0
/Users/pickapu/Documents/PyCharmMiscProject/deepfake-ViT/test_data_v3/real/real__501__268.png,0
/Users/pickapu/Documents/PyCharmMiscProject/deepfake-ViT/test_data_v3/real/real__00133__257.png,0
/Users/pickapu/Documents/PyCharmMiscProject/deepfake-ViT/test_data_v3/real/real__302__451.png,0
/Users/pickapu/Documents/PyCharmMiscProject/deepfake-ViT/test_data_v3/one_shot_free/fake/one_shot_free__one_shot_free_id29_id38_0008__000.png,1
/Users/pickapu/Documents/PyCharmMiscProject/deepfake-ViT/test_data_v3/uniface/fake/uniface__uniface_id7_id11_0007__000.png,1
/Users/pickapu/Documents/PyCharmMiscProject/deepfake-ViT/test_data_v3/uniface/fake/uniface__uniface_id9_id6_0006__000.png,1
/Users/pickapu/Documents/PyCharmMiscProject/deepfake-ViT/test_data_v3/blendface/fake/blendface__blendface_id35_id31_0009__000.png,1
/Users/pickapu/Documents/PyCharmMiscProject/deepfake-ViT/test_data_v3/whichfaceisreal/fake/whichfaceisreal__whichfaceisreal_270.png__270.png,1
/Users/pickapu/Documents/PyCharmMiscProject/deepfake-ViT/test_data_v3/real/real__248__255.png,0
/Users/pickapu/Documents/PyCharmMiscProject/deepfake-ViT/test_data_v3/real/real__921__152.png,0
/Users/pickapu/Documents/PyCharmMiscProject/deepfake-ViT/test_data_v3/real/real__582__221.png,0
/Users/pickapu/Documents/PyCharmMiscProject/deepfake-ViT/test_data_v3/sadtalker/fake/sadtalker__sadtalker_id35_Bk9wQD6eYts_50002_0000__000.png,1
/Users/pickapu/Documents/PyCharmMiscProject/deepfake-ViT/test_data_v3/e4e/fake/e4e__228__07312.jpg,1
/Users/pickapu/Documents/PyCharmMiscProject/deepfake-ViT/test_data_v3/real/real__124__163.png,0
/Users/pickapu/Documents/PyCharmMiscProject/deepfake-ViT/test_data_v3/fsgan/fake/fsgan__fsgan_id56_id51_0000__000.png,1
/Users/pickapu/Documents/PyCharmMiscProject/deepfake-ViT/test_data_v3/real/real__id10_0007__242.png,0
/Users/pickapu/Documents/PyCharmMiscProject/deepfake-ViT/test_data_v3/real/real__809__188.png,0
/Users/pickapu/Documents/PyCharmMiscProject/deepfake-ViT/test_data_v3/real/real__00119__218.png,0
/Users/pickapu/Documents/PyCharmMiscProject/deepfake-ViT/test_data_v3/SiT/fake/SiT__SiT_id2_0000__22985.png,1
/Users/pickapu/Documents/PyCharmMiscProject/deepfake-ViT/test_data_v3/real/real__250__290.png,0
/Users/pickapu/Documents/PyCharmMiscProject/deepfake-ViT/test_data_v3/lia/fake/lia__lia_id16_id23_0003__000.png,1
/Users/pickapu/Documents/PyCharmMiscProject/deepfake-ViT/test_data_v3/real/real__802__180.png,0
/Users/pickapu/Documents/PyCharmMiscProject/deepfake-ViT/test_data_v3/real/real__063__479.png,0
/Users/pickapu/Documents/PyCharmMiscProject/deepfake-ViT/test_data_v3/real/real__708__282.png,0
/Users/pickapu/Documents/PyCharmMiscProject/deepfake-ViT/test_data_v3/pixart/fake/pixart__pixart_00168__YouTube-real_00019_436.png,1
/Users/pickapu/Documents/PyCharmMiscProject/deepfake-ViT/test_data_v3/real/real__904__184.png,0
/Users/pickapu/Documents/PyCharmMiscProject/deepfake-ViT/test_data_v3/mcnet/fake/mcnet__mcnet_id21_id25_0005__000.png,1
/Users/pickapu/Documents/PyCharmMiscProject/deepfake-ViT/test_data_v3/real/real__214__237.png,0
/Users/pickapu/Documents/PyCharmMiscProject/deepfake-ViT/test_data_v3/real/real__069__398.png,0
/Users/pickapu/Documents/PyCharmMiscProject/deepfake-ViT/test_data_v3/simswap/fake/simswap__id10_0007__000.png,1
/Users/pickapu/Documents/PyCharmMiscProject/deepfake-ViT/test_data_v3/real/real__391__281.png,0
/Users/pickapu/Documents/PyCharmMiscProject/deepfake-ViT/test_data_v3/tpsm/fake/tpsm__801__000.png,1
/Users/pickapu/Documents/PyCharmMiscProject/deepfake-ViT/test_data_v3/real/real__238__320.png,0
/Users/pickapu/Documents/PyCharmMiscProject/deepfake-ViT/test_data_v3/real/real__649__479.png,0
/Users/pickapu/Documents/PyCharmMiscProject/deepfake-ViT/test_data_v3/starganv2/fake/starganv2__starganv2_402__402.jpg,1
/Users/pickapu/Documents/PyCharmMiscProject/deepfake-ViT/test_data_v3/real/real__343__153.png,0
/Users/pickapu/Documents/PyCharmMiscProject/deepfake-ViT/test_data_v3/DiT/fake/DiT__660__18546.png,1
/Users/pickapu/Documents/PyCharmMiscProject/deepfake-ViT/test_data_v3/real/real__709__154.png,0
/Users/pickapu/Documents/PyCharmMiscProject/deepfake-ViT/test_data_v3/real/real__948__223.png,0
/Users/pickapu/Documents/PyCharmMiscProject/deepfake-ViT/test_data_v3/danet/fake/danet__danet_id4_id21_0004__000.png,1
/Users/pickapu/Documents/PyCharmMiscProject/deepfake-ViT/test_data_v3/real/real__806__154.png,0
/Users/pickapu/Documents/PyCharmMiscProject/deepfake-ViT/test_data_v3/real/real__899__288.png,0
/Users/pickapu/Documents/PyCharmMiscProject/deepfake-ViT/test_data_v3/uniface/fake/uniface__uniface_id20_id19_0000__000.png,1
/Users/pickapu/Documents/PyCharmMiscProject/deepfake-ViT/test_data_v3/MidJourney/fake/MidJourney__MidJourney_13592447708_Face_of_clean_caucasian_male_face_only_shown_close-_a6762465-3699-477f-8435-862d2b2e0365.png__13592447708_Face_of_clean_caucasian_male_face_only_shown_close-_a6762465-3699-477f-8435-862d2b2e0365.png,1
/Users/pickapu/Documents/PyCharmMiscProject/deepfake-ViT/test_data_v3/real/real__00244__148.png,0
/Users/pickapu/Documents/PyCharmMiscProject/deepfake-ViT/test_data_v3/styleclip/fake/styleclip__styleclip_02635__02635.jpg,1
/Users/pickapu/Documents/PyCharmMiscProject/deepfake-ViT/test_data_v3/real/real__488__266.png,0
/Users/pickapu/Documents/PyCharmMiscProject/deepfake-ViT/test_data_v3/real/real__105__154.png,0
/Users/pickapu/Documents/PyCharmMiscProject/deepfake-ViT/test_data_v3/real/real__332__358.png,0
/Users/pickapu/Documents/PyCharmMiscProject/deepfake-ViT/test_data_v3/real/real__864__167.png,0
/Users/pickapu/Documents/PyCharmMiscProject/deepfake-ViT/test_data_v3/real/real__824__297.png,0
/Users/pickapu/Documents/PyCharmMiscProject/deepfake-ViT/test_data_v3/real/real__id36_0008__238.png,0
/Users/pickapu/Documents/PyCharmMiscProject/deepfake-ViT/test_data_v3/e4s/fake/e4s__e4s_id33_id34_0002__000.png,1
/Users/pickapu/Documents/PyCharmMiscProject/deepfake-ViT/test_data_v3/real/real__815__232.png,0
/Users/pickapu/Documents/PyCharmMiscProject/deepfake-ViT/test_data_v3/blendface/fake/blendface__blendface_id3_id37_0006__000.png,1
/Users/pickapu/Documents/PyCharmMiscProject/deepfake-ViT/test_data_v3/real/real__091__329.png,0
/Users/pickapu/Documents/PyCharmMiscProject/deepfake-ViT/test_data_v3/real/real__00263__167.png,0
/Users/pickapu/Documents/PyCharmMiscProject/deepfake-ViT/test_data_v3/real/real__id37_0005__235.png,0
/Users/pickapu/Documents/PyCharmMiscProject/deepfake-ViT/test_data_v3/stargan/fake/stargan__stargan_901__901.jpg,1
/Users/pickapu/Documents/PyCharmMiscProject/deepfake-ViT/test_data_v3/real/real__445__475.png,0
/Users/pickapu/Documents/PyCharmMiscProject/deepfake-ViT/test_data_v3/real/real__590__309.png,0
/Users/pickapu/Documents/PyCharmMiscProject/deepfake-ViT/test_data_v3/real/real__554__426.png,0
/Users/pickapu/Documents/PyCharmMiscProject/deepfake-ViT/test_data_v3/StyleGANXL/fake/StyleGANXL__StyleGANXL_Fake_from_Celeb-real_id22_0000__seed2096.png,1
/Users/pickapu/Documents/PyCharmMiscProject/deepfake-ViT/test_data_v3/styleclip/fake/styleclip__styleclip_02484__02484.jpg,1
/Users/pickapu/Documents/PyCharmMiscProject/deepfake-ViT/test_data_v3/one_shot_free/fake/one_shot_free__id7_0006__000.png,1
/Users/pickapu/Documents/PyCharmMiscProject/deepfake-ViT/test_data_v3/inswap/fake/inswap__inswap_id23_id4_0006__000.png,1
/Users/pickapu/Documents/PyCharmMiscProject/deepfake-ViT/test_data_v3/real/real__763__418.png,0
/Users/pickapu/Documents/PyCharmMiscProject/deepfake-ViT/test_data_v3/pixart/fake/pixart__pixart_id50_0009__YouTube-real_00037_190.png,1
/Users/pickapu/Documents/PyCharmMiscProject/deepfake-ViT/test_data_v3/real/real__663__162.png,0
/Users/pickapu/Documents/PyCharmMiscProject/deepfake-ViT/test_data_v3/StyleGANXL/fake/StyleGANXL__StyleGANXL_Fake_from_Celeb-real_id26_0007__seed21185.png,1
/Users/pickapu/Documents/PyCharmMiscProject/deepfake-ViT/test_data_v3/real/real__025__385.png,0
/Users/pickapu/Documents/PyCharmMiscProject/deepfake-ViT/test_data_v3/real/real__600__199.png,0
/Users/pickapu/Documents/PyCharmMiscProject/deepfake-ViT/test_data_v3/tpsm/fake/tpsm__161__000.png,1
/Users/pickapu/Documents/PyCharmMiscProject/deepfake-ViT/test_data_v3/pirender/fake/pirender__pirender_id44_id45_0000__000.png,1
/Users/pickapu/Documents/PyCharmMiscProject/deepfake-ViT/test_data_v3/MidJourney/fake/MidJourney__MidJourney_13592447708_Clean_caucasian_female_face_face_only_shown_face_cl_65600c2a-1c9e-48a3-a3a3-e35da8f740a6.png__13592447708_Clean_caucasian_female_face_face_only_shown_face_cl_65600c2a-1c9e-48a3-a3a3-e35da8f740a6.png,1
/Users/pickapu/Documents/PyCharmMiscProject/deepfake-ViT/test_data_v3/real/real__473__295.png,0
/Users/pickapu/Documents/PyCharmMiscProject/deepfake-ViT/test_data_v3/real/real__049__185.png,0
/Users/pickapu/Documents/PyCharmMiscProject/deepfake-ViT/test_data_v3/StyleGAN3/fake/StyleGAN3__StyleGAN3_Fake_from_Celeb-real_id0_0003__seed24361.png,1
/Users/pickapu/Documents/PyCharmMiscProject/deepfake-ViT/test_data_v3/real/real__550__228.png,0
/Users/pickapu/Documents/PyCharmMiscProject/deepfake-ViT/test_data_v3/SiT/fake/SiT__SiT_id13_0006__21583.png,1
/Users/pickapu/Documents/PyCharmMiscProject/deepfake-ViT/test_data_v3/simswap/fake/simswap__simswap_id35_id26_0003__000.png,1
/Users/pickapu/Documents/PyCharmMiscProject/deepfake-ViT/test_data_v3/real/real__393__298.png,0
/Users/pickapu/Documents/PyCharmMiscProject/deepfake-ViT/test_data_v3/real/real__169__334.png,0
/Users/pickapu/Documents/PyCharmMiscProject/deepfake-ViT/test_data_v3/hyperreenact/fake/hyperreenact__hyperreenact_id32_id34_0007__000.png,1
/Users/pickapu/Documents/PyCharmMiscProject/deepfake-ViT/test_data_v3/RDDM/fake/RDDM__732__sample-20019.png,1
/Users/pickapu/Documents/PyCharmMiscProject/deepfake-ViT/test_data_v3/real/real__335__197.png,0
/Users/pickapu/Documents/PyCharmMiscProject/deepfake-ViT/test_data_v3/e4e/fake/e4e__278__08911.jpg,1
/Users/pickapu/Documents/PyCharmMiscProject/deepfake-ViT/test_data_v3/real/real__285__197.png,0
/Users/pickapu/Documents/PyCharmMiscProject/deepfake-ViT/test_data_v3/e4e/fake/e4e__378__12109.jpg,1
/Users/pickapu/Documents/PyCharmMiscProject/deepfake-ViT/test_data_v3/real/real__00193__181.png,0
/Users/pickapu/Documents/PyCharmMiscProject/deepfake-ViT/test_data_v3/starganv2/fake/starganv2__starganv2_1117__1117.jpg,1
/Users/pickapu/Documents/PyCharmMiscProject/deepfake-ViT/test_data_v3/real/real__260__155.png,0
/Users/pickapu/Documents/PyCharmMiscProject/deepfake-ViT/test_data_v3/real/real__722__203.png,0
/Users/pickapu/Documents/PyCharmMiscProject/deepfake-ViT/test_data_v3/pixart/fake/pixart__pixart_id0_0006__YouTube-real_00083_161.png,1
/Users/pickapu/Documents/PyCharmMiscProject/deepfake-ViT/test_data_v3/hyperreenact/fake/hyperreenact__hyperreenact_id57_id51_0000__000.png,1
/Users/pickapu/Documents/PyCharmMiscProject/deepfake-ViT/test_data_v3/pirender/fake/pirender__169__000.png,1
/Users/pickapu/Documents/PyCharmMiscProject/deepfake-ViT/test_data_v3/real/real__id2_0003__197.png,0
/Users/pickapu/Documents/PyCharmMiscProject/deepfake-ViT/test_data_v3/real/real__580__150.png,0
/Users/pickapu/Documents/PyCharmMiscProject/deepfake-ViT/test_data_v3/styleclip/fake/styleclip__styleclip_00794__00794.jpg,1
/Users/pickapu/Documents/PyCharmMiscProject/deepfake-ViT/test_data_v3/real/real__544__182.png,0
/Users/pickapu/Documents/PyCharmMiscProject/deepfake-ViT/test_data_v3/real/real__id2_0001__193.png,0
/Users/pickapu/Documents/PyCharmMiscProject/deepfake-ViT/test_data_v3/real/real__672__278.png,0
/Users/pickapu/Documents/PyCharmMiscProject/deepfake-ViT/test_data_v3/real/real__112__215.png,0
/Users/pickapu/Documents/PyCharmMiscProject/deepfake-ViT/test_data_v3/real/real__id12_0005__161.png,0
/Users/pickapu/Documents/PyCharmMiscProject/deepfake-ViT/test_data_v3/real/real__659__483.png,0
/Users/pickapu/Documents/PyCharmMiscProject/deepfake-ViT/test_data_v3/danet/fake/danet__danet_id1_id3_0007__000.png,1
/Users/pickapu/Documents/PyCharmMiscProject/deepfake-ViT/test_data_v3/real/real__id32_0008__243.png,0
/Users/pickapu/Documents/PyCharmMiscProject/deepfake-ViT/test_data_v3/real/real__814__283.png,0
/Users/pickapu/Documents/PyCharmMiscProject/deepfake-ViT/test_data_v3/StyleGAN3/fake/StyleGAN3__StyleGAN3_Fake_from_Celeb-real_id48_0005__seed23694.png,1
/Users/pickapu/Documents/PyCharmMiscProject/deepfake-ViT/test_data_v3/pixart/fake/pixart__pixart_00154__Celeb-real_id38_0001_092.png,1
/Users/pickapu/Documents/PyCharmMiscProject/deepfake-ViT/test_data_v3/pirender/fake/pirender__pirender_id47_id43_0007__000.png,1
/Users/pickapu/Documents/PyCharmMiscProject/deepfake-ViT/test_data_v3/real/real__408__157.png,0
/Users/pickapu/Documents/PyCharmMiscProject/deepfake-ViT/test_data_v3/one_shot_free/fake/one_shot_free__970__000.png,1
/Users/pickapu/Documents/PyCharmMiscProject/deepfake-ViT/test_data_v3/real/real__160__275.png,0
/Users/pickapu/Documents/PyCharmMiscProject/deepfake-ViT/test_data_v3/real/real__166__389.png,0
/Users/pickapu/Documents/PyCharmMiscProject/deepfake-ViT/test_data_v3/real/real__032__159.png,0
/Users/pickapu/Documents/PyCharmMiscProject/deepfake-ViT/test_data_v3/one_shot_free/fake/one_shot_free__one_shot_free_id32_id31_0008__000.png,1
/Users/pickapu/Documents/PyCharmMiscProject/deepfake-ViT/test_data_v3/real/real__478__386.png,0
/Users/pickapu/Documents/PyCharmMiscProject/deepfake-ViT/test_data_v3/real/real__394__216.png,0
/Users/pickapu/Documents/PyCharmMiscProject/deepfake-ViT/test_data_v3/pixart/fake/pixart__pixart_00236__Celeb-real_id27_0000_152.png,1
/Users/pickapu/Documents/PyCharmMiscProject/deepfake-ViT/test_data_v3/real/real__177__211.png,0
/Users/pickapu/Documents/PyCharmMiscProject/deepfake-ViT/test_data_v3/VQGAN/fake/VQGAN__VQGAN_00233__027311.png,1
/Users/pickapu/Documents/PyCharmMiscProject/deepfake-ViT/test_data_v3/mobileswap/fake/mobileswap__mobileswap_id37_id38_0009__000.png,1
/Users/pickapu/Documents/PyCharmMiscProject/deepfake-ViT/test_data_v3/danet/fake/danet__420__435.png,1
/Users/pickapu/Documents/PyCharmMiscProject/deepfake-ViT/test_data_v3/real/real__192__147.png,0
/Users/pickapu/Documents/PyCharmMiscProject/deepfake-ViT/test_data_v3/real/real__662__255.png,0
/Users/pickapu/Documents/PyCharmMiscProject/deepfake-ViT/test_data_v3/stargan/fake/stargan__stargan_1369__1369.jpg,1
/Users/pickapu/Documents/PyCharmMiscProject/deepfake-ViT/test_data_v3/facevid2vid/fake/facevid2vid__facevid2vid_id6_id28_0006__000.png,1
/Users/pickapu/Documents/PyCharmMiscProject/deepfake-ViT/test_data_v3/real/real__233__347.png,0
/Users/pickapu/Documents/PyCharmMiscProject/deepfake-ViT/test_data_v3/SiT/fake/SiT__id23_0001__26297.png,1
/Users/pickapu/Documents/PyCharmMiscProject/deepfake-ViT/test_data_v3/MRAA/fake/MRAA__MRAA_id37_id21_0005__000.png,1
/Users/pickapu/Documents/PyCharmMiscProject/deepfake-ViT/test_data_v3/real/real__489__291.png,0
/Users/pickapu/Documents/PyCharmMiscProject/deepfake-ViT/test_data_v3/pixart/fake/pixart__00011__YouTube-real_00011_378.png,1
/Users/pickapu/Documents/PyCharmMiscProject/deepfake-ViT/test_data_v3/real/real__563__200.png,0
/Users/pickapu/Documents/PyCharmMiscProject/deepfake-ViT/test_data_v3/real/real__306__375.png,0
/Users/pickapu/Documents/PyCharmMiscProject/deepfake-ViT/test_data_v3/sd2.1/fake/sd2.1__sd2.1_00049__Celeb-real_id17_0009_182.png,1
/Users/pickapu/Documents/PyCharmMiscProject/deepfake-ViT/test_data_v3/tpsm/fake/tpsm__tpsm_id6_id20_0007__000.png,1
/Users/pickapu/Documents/PyCharmMiscProject/deepfake-ViT/test_data_v3/real/real__id13_0013__236.png,0
/Users/pickapu/Documents/PyCharmMiscProject/deepfake-ViT/test_data_v3/MidJourney/fake/MidJourney__MidJourney_13592447708_Single_person_white_female_looking_at_the_camera_fa_dd802b44-54a2-4a8a-a2ba-d2dd93fe13c0.png__13592447708_Single_person_white_female_looking_at_the_camera_fa_dd802b44-54a2-4a8a-a2ba-d2dd93fe13c0.png,1
/Users/pickapu/Documents/PyCharmMiscProject/deepfake-ViT/test_data_v3/lia/fake/lia__367__334.png,1
/Users/pickapu/Documents/PyCharmMiscProject/deepfake-ViT/test_data_v3/real/real__875__217.png,0
/Users/pickapu/Documents/PyCharmMiscProject/deepfake-ViT/test_data_v3/real/real__767__209.png,0
/Users/pickapu/Documents/PyCharmMiscProject/deepfake-ViT/test_data_v3/pirender/fake/pirender__725__000.png,1
/Users/pickapu/Documents/PyCharmMiscProject/deepfake-ViT/test_data_v3/starganv2/fake/starganv2__starganv2_928__928.jpg,1
/Users/pickapu/Documents/PyCharmMiscProject/deepfake-ViT/test_data_v3/real/real__630__217.png,0
/Users/pickapu/Documents/PyCharmMiscProject/deepfake-ViT/test_data_v3/fomm/fake/fomm__id56_0009__000.png,1
/Users/pickapu/Documents/PyCharmMiscProject/deepfake-ViT/test_data_v3/real/real__00092__282.png,0
/Users/pickapu/Documents/PyCharmMiscProject/deepfake-ViT/test_data_v3/real/real__id3_0008__235.png,0
/Users/pickapu/Documents/PyCharmMiscProject/deepfake-ViT/test_data_v3/mcnet/fake/mcnet__mcnet_id56_id55_0009__000.png,1
/Users/pickapu/Documents/PyCharmMiscProject/deepfake-ViT/test_data_v3/wav2lip/fake/wav2lip__wav2lip_id35_0006_AAsSqx2aLsA_50004__000.png,1
/Users/pickapu/Documents/PyCharmMiscProject/deepfake-ViT/test_data_v3/real/real__161__189.png,0
/Users/pickapu/Documents/PyCharmMiscProject/deepfake-ViT/test_data_v3/StyleGAN2/fake/StyleGAN2__StyleGAN2_id19_0000__seed28000.png,1
/Users/pickapu/Documents/PyCharmMiscProject/deepfake-ViT/test_data_v3/fsgan/fake/fsgan__fsgan_id1_id2_0007__000.png,1
/Users/pickapu/Documents/PyCharmMiscProject/deepfake-ViT/test_data_v3/real/real__00277__239.png,0
/Users/pickapu/Documents/PyCharmMiscProject/deepfake-ViT/test_data_v3/fsgan/fake/fsgan__fsgan_id25_id28_0003__000.png,1
/Users/pickapu/Documents/PyCharmMiscProject/deepfake-ViT/test_data_v3/e4e/fake/e4e__585__18726.jpg,1
/Users/pickapu/Documents/PyCharmMiscProject/deepfake-ViT/test_data_v3/real/real__495__295.png,0
/Users/pickapu/Documents/PyCharmMiscProject/deepfake-ViT/test_data_v3/real/real__262__204.png,0
/Users/pickapu/Documents/PyCharmMiscProject/deepfake-ViT/test_data_v3/blendface/fake/blendface__blendface_id27_id21_0002__000.png,1
/Users/pickapu/Documents/PyCharmMiscProject/deepfake-ViT/test_data_v3/real/real__731__401.png,0
/Users/pickapu/Documents/PyCharmMiscProject/deepfake-ViT/test_data_v3/real/real__989__494.png,0
/Users/pickapu/Documents/PyCharmMiscProject/deepfake-ViT/test_data_v3/deepfacelab/fake/deepfacelab__deepfacelab_0037_0038__055.png,1
/Users/pickapu/Documents/PyCharmMiscProject/deepfake-ViT/test_data_v3/pirender/fake/pirender__707__000.png,1
/Users/pickapu/Documents/PyCharmMiscProject/deepfake-ViT/test_data_v3/real/real__885__169.png,0
/Users/pickapu/Documents/PyCharmMiscProject/deepfake-ViT/test_data_v3/fomm/fake/fomm__id53_0000__000.png,1
/Users/pickapu/Documents/PyCharmMiscProject/deepfake-ViT/test_data_v3/real/real__729__327.png,0
/Users/pickapu/Documents/PyCharmMiscProject/deepfake-ViT/test_data_v3/styleclip/fake/styleclip__styleclip_01239__01239.jpg,1
/Users/pickapu/Documents/PyCharmMiscProject/deepfake-ViT/test_data_v3/real/real__715__441.png,0
/Users/pickapu/Documents/PyCharmMiscProject/deepfake-ViT/test_data_v3/real/real__966__187.png,0
/Users/pickapu/Documents/PyCharmMiscProject/deepfake-ViT/test_data_v3/SiT/fake/SiT__00258__20092.png,1
/Users/pickapu/Documents/PyCharmMiscProject/deepfake-ViT/test_data_v3/real/real__737__189.png,0
/Users/pickapu/Documents/PyCharmMiscProject/deepfake-ViT/test_data_v3/whichfaceisreal/fake/whichfaceisreal__whichfaceisreal_65.png__65.png,1
/Users/pickapu/Documents/PyCharmMiscProject/deepfake-ViT/test_data_v3/StyleGAN3/fake/StyleGAN3__StyleGAN3_Fake_from_Youtube-real_00152__seed23311.png,1
/Users/pickapu/Documents/PyCharmMiscProject/deepfake-ViT/test_data_v3/real/real__988__234.png,0
/Users/pickapu/Documents/PyCharmMiscProject/deepfake-ViT/test_data_v3/real/real__id3_0002__220.png,0
/Users/pickapu/Documents/PyCharmMiscProject/deepfake-ViT/test_data_v3/simswap/fake/simswap__simswap_id7_id10_0005__000.png,1
/Users/pickapu/Documents/PyCharmMiscProject/deepfake-ViT/test_data_v3/MidJourney/fake/MidJourney__MidJourney_13592447708_Clean_caucasian_female_face_face_only_shown_face_cl_b05907a4-757d-4c56-b33c-85c8cd1c004d.png__13592447708_Clean_caucasian_female_face_face_only_shown_face_cl_b05907a4-757d-4c56-b33c-85c8cd1c004d.png,1
/Users/pickapu/Documents/PyCharmMiscProject/deepfake-ViT/test_data_v3/pixart/fake/pixart__367__635_689.png,1
/Users/pickapu/Documents/PyCharmMiscProject/deepfake-ViT/test_data_v3/real/real__319__369.png,0
/Users/pickapu/Documents/PyCharmMiscProject/deepfake-ViT/test_data_v3/tpsm/fake/tpsm__tpsm_id48_id47_0008__000.png,1
/Users/pickapu/Documents/PyCharmMiscProject/deepfake-ViT/test_data_v3/MidJourney/fake/MidJourney__MidJourney_13592447708_Clean_caucasian_female_face_face_only_shown_face_cl_b20f076a-dd6c-400f-8ece-4f3cb3c31045.png__13592447708_Clean_caucasian_female_face_face_only_shown_face_cl_b20f076a-dd6c-400f-8ece-4f3cb3c31045.png,1
/Users/pickapu/Documents/PyCharmMiscProject/deepfake-ViT/test_data_v3/facedancer/fake/facedancer__facedancer_id37_id21_0005__000.png,1
/Users/pickapu/Documents/PyCharmMiscProject/deepfake-ViT/test_data_v3/styleclip/fake/styleclip__styleclip_01260__01260.jpg,1
/Users/pickapu/Documents/PyCharmMiscProject/deepfake-ViT/test_data_v3/real/real__00256__166.png,0
/Users/pickapu/Documents/PyCharmMiscProject/deepfake-ViT/test_data_v3/e4e/fake/e4e__354__11342.jpg,1
/Users/pickapu/Documents/PyCharmMiscProject/deepfake-ViT/test_data_v3/StyleGAN2/fake/StyleGAN2__StyleGAN2_00098__seed14873.png,1
/Users/pickapu/Documents/PyCharmMiscProject/deepfake-ViT/test_data_v3/real/real__382__161.png,0
/Users/pickapu/Documents/PyCharmMiscProject/deepfake-ViT/test_data_v3/CollabDiff/fake/CollabDiff__CollabDiff_437__000000_x_0.png,1
/Users/pickapu/Documents/PyCharmMiscProject/deepfake-ViT/test_data_v3/real/real__973__274.png,0
/Users/pickapu/Documents/PyCharmMiscProject/deepfake-ViT/test_data_v3/simswap/fake/simswap__simswap_id17_id23_0000__000.png,1
/Users/pickapu/Documents/PyCharmMiscProject/deepfake-ViT/test_data_v3/real/real__938__189.png,0
/Users/pickapu/Documents/PyCharmMiscProject/deepfake-ViT/test_data_v3/real/real__00284__238.png,0
/Users/pickapu/Documents/PyCharmMiscProject/deepfake-ViT/test_data_v3/real/real__181__246.png,0
/Users/pickapu/Documents/PyCharmMiscProject/deepfake-ViT/test_data_v3/hyperreenact/fake/hyperreenact__hyperreenact_id1_id4_0007__000.png,1
/Users/pickapu/Documents/PyCharmMiscProject/deepfake-ViT/test_data_v3/lia/fake/lia__lia_id19_id20_0004__000.png,1
/Users/pickapu/Documents/PyCharmMiscProject/deepfake-ViT/test_data_v3/real/real__031__248.png,0
/Users/pickapu/Documents/PyCharmMiscProject/deepfake-ViT/test_data_v3/real/real__191__191.png,0
/Users/pickapu/Documents/PyCharmMiscProject/deepfake-ViT/test_data_v3/real/real__048__249.png,0
/Users/pickapu/Documents/PyCharmMiscProject/deepfake-ViT/test_data_v3/hyperreenact/fake/hyperreenact__hyperreenact_id38_id34_0004__000.png,1
/Users/pickapu/Documents/PyCharmMiscProject/deepfake-ViT/test_data_v3/e4e/fake/e4e__544__17415.jpg,1
/Users/pickapu/Documents/PyCharmMiscProject/deepfake-ViT/test_data_v3/real/real__545__224.png,0
/Users/pickapu/Documents/PyCharmMiscProject/deepfake-ViT/test_data_v3/RDDM/fake/RDDM__id23_0001__sample-22867.png,1
/Users/pickapu/Documents/PyCharmMiscProject/deepfake-ViT/test_data_v3/whichfaceisreal/fake/whichfaceisreal__whichfaceisreal_844.png__844.png,1
/Users/pickapu/Documents/PyCharmMiscProject/deepfake-ViT/test_data_v3/one_shot_free/fake/one_shot_free__one_shot_free_id32_id31_0006__000.png,1
/Users/pickapu/Documents/PyCharmMiscProject/deepfake-ViT/test_data_v3/real/real__id16_0011__139.png,0
/Users/pickapu/Documents/PyCharmMiscProject/deepfake-ViT/test_data_v3/StyleGAN3/fake/StyleGAN3__StyleGAN3_Fake_from_Celeb-real_id36_0007__seed23661.png,1
/Users/pickapu/Documents/PyCharmMiscProject/deepfake-ViT/test_data_v3/danet/fake/danet__danet_id10_id13_0001__000.png,1
/Users/pickapu/Documents/PyCharmMiscProject/deepfake-ViT/test_data_v3/real/real__628__461.png,0
/Users/pickapu/Documents/PyCharmMiscProject/deepfake-ViT/test_data_v3/facevid2vid/fake/facevid2vid__facevid2vid_id23_id35_0006__000.png,1
/Users/pickapu/Documents/PyCharmMiscProject/deepfake-ViT/test_data_v3/faceswap/fake/faceswap__660__000.png,1
/Users/pickapu/Documents/PyCharmMiscProject/deepfake-ViT/test_data_v3/real/real__00251__164.png,0
/Users/pickapu/Documents/PyCharmMiscProject/deepfake-ViT/test_data_v3/mcnet/fake/mcnet__mcnet_id32_id31_0006__000.png,1
/Users/pickapu/Documents/PyCharmMiscProject/deepfake-ViT/test_data_v3/real/real__823__346.png,0
/Users/pickapu/Documents/PyCharmMiscProject/deepfake-ViT/test_data_v3/one_shot_free/fake/one_shot_free__one_shot_free_id27_id21_0008__000.png,1
/Users/pickapu/Documents/PyCharmMiscProject/deepfake-ViT/test_data_v3/real/real__054__189.png,0
/Users/pickapu/Documents/PyCharmMiscProject/deepfake-ViT/test_data_v3/VQGAN/fake/VQGAN__VQGAN_id55_0000__012644.png,1
/Users/pickapu/Documents/PyCharmMiscProject/deepfake-ViT/test_data_v3/real/real__546__368.png,0
/Users/pickapu/Documents/PyCharmMiscProject/deepfake-ViT/test_data_v3/fomm/fake/fomm__fomm_id16_id0_0007__000.png,1
/Users/pickapu/Documents/PyCharmMiscProject/deepfake-ViT/test_data_v3/sd2.1/fake/sd2.1__608__551_023.png,1
/Users/pickapu/Documents/PyCharmMiscProject/deepfake-ViT/test_data_v3/real/real__577__177.png,0
/Users/pickapu/Documents/PyCharmMiscProject/deepfake-ViT/test_data_v3/one_shot_free/fake/one_shot_free__one_shot_free_id25_id21_0005__000.png,1
/Users/pickapu/Documents/PyCharmMiscProject/deepfake-ViT/test_data_v3/real/real__514__185.png,0
/Users/pickapu/Documents/PyCharmMiscProject/deepfake-ViT/test_data_v3/real/real__377__204.png,0
/Users/pickapu/Documents/PyCharmMiscProject/deepfake-ViT/test_data_v3/danet/fake/danet__danet_id26_id16_0001__000.png,1
/Users/pickapu/Documents/PyCharmMiscProject/deepfake-ViT/test_data_v3/real/real__804__184.png,0
/Users/pickapu/Documents/PyCharmMiscProject/deepfake-ViT/test_data_v3/tpsm/fake/tpsm__id9_0000__000.png,1
/Users/pickapu/Documents/PyCharmMiscProject/deepfake-ViT/test_data_v3/MRAA/fake/MRAA__MRAA_id4_id1_0003__000.png,1
/Users/pickapu/Documents/PyCharmMiscProject/deepfake-ViT/test_data_v3/real/real__585__184.png,0
/Users/pickapu/Documents/PyCharmMiscProject/deepfake-ViT/test_data_v3/real/real__632__219.png,0
/Users/pickapu/Documents/PyCharmMiscProject/deepfake-ViT/test_data_v3/e4s/fake/e4s__467__217.png,1
/Users/pickapu/Documents/PyCharmMiscProject/deepfake-ViT/test_data_v3/mobileswap/fake/mobileswap__899__288.png,1
/Users/pickapu/Documents/PyCharmMiscProject/deepfake-ViT/test_data_v3/wav2lip/fake/wav2lip__wav2lip_id17_0009_2Kk9R2rhwlQ_50001__000.png,1
/Users/pickapu/Documents/PyCharmMiscProject/deepfake-ViT/test_data_v3/real/real__636__172.png,0
/Users/pickapu/Documents/PyCharmMiscProject/deepfake-ViT/test_data_v3/real/real__744__151.png,0
/Users/pickapu/Documents/PyCharmMiscProject/deepfake-ViT/test_data_v3/DiT/fake/DiT__DiT_id40_0001__22578.png,1
/Users/pickapu/Documents/PyCharmMiscProject/deepfake-ViT/test_data_v3/real/real__279__467.png,0
/Users/pickapu/Documents/PyCharmMiscProject/deepfake-ViT/test_data_v3/real/real__838__235.png,0
/Users/pickapu/Documents/PyCharmMiscProject/deepfake-ViT/test_data_v3/real/real__143__213.png,0
/Users/pickapu/Documents/PyCharmMiscProject/deepfake-ViT/test_data_v3/fsgan/fake/fsgan__552__155.png,1
/Users/pickapu/Documents/PyCharmMiscProject/deepfake-ViT/test_data_v3/StyleGAN3/fake/StyleGAN3__StyleGAN3_Fake_from_Celeb-real_id10_0001__seed19436.png,1
/Users/pickapu/Documents/PyCharmMiscProject/deepfake-ViT/test_data_v3/whichfaceisreal/fake/whichfaceisreal__whichfaceisreal_47.png__47.png,1
/Users/pickapu/Documents/PyCharmMiscProject/deepfake-ViT/test_data_v3/facedancer/fake/facedancer__id33_0002__000.png,1
/Users/pickapu/Documents/PyCharmMiscProject/deepfake-ViT/test_data_v3/real/real__440__215.png,0
/Users/pickapu/Documents/PyCharmMiscProject/deepfake-ViT/test_data_v3/mobileswap/fake/mobileswap__111__222.png,1
/Users/pickapu/Documents/PyCharmMiscProject/deepfake-ViT/test_data_v3/real/real__787__258.png,0
/Users/pickapu/Documents/PyCharmMiscProject/deepfake-ViT/test_data_v3/real/real__757__227.png,0
/Users/pickapu/Documents/PyCharmMiscProject/deepfake-ViT/test_data_v3/SiT/fake/SiT__SiT_id11_0000__1877.png,1
/Users/pickapu/Documents/PyCharmMiscProject/deepfake-ViT/test_data_v3/styleclip/fake/styleclip__styleclip_01385__01385.jpg,1
/Users/pickapu/Documents/PyCharmMiscProject/deepfake-ViT/test_data_v3/DiT/fake/DiT__00270__23708.png,1
/Users/pickapu/Documents/PyCharmMiscProject/deepfake-ViT/test_data_v3/sd2.1/fake/sd2.1__sd2.1_00164__Celeb-real_id6_0000_547.png,1
/Users/pickapu/Documents/PyCharmMiscProject/deepfake-ViT/test_data_v3/real/real__id44_0003__176.png,0
/Users/pickapu/Documents/PyCharmMiscProject/deepfake-ViT/test_data_v3/hyperreenact/fake/hyperreenact__hyperreenact_id31_id37_0008__000.png,1
/Users/pickapu/Documents/PyCharmMiscProject/deepfake-ViT/test_data_v3/real/real__293__390.png,0
/Users/pickapu/Documents/PyCharmMiscProject/deepfake-ViT/test_data_v3/real/real__062__217.png,0
/Users/pickapu/Documents/PyCharmMiscProject/deepfake-ViT/test_data_v3/real/real__623__181.png,0
/Users/pickapu/Documents/PyCharmMiscProject/deepfake-ViT/test_data_v3/real/real__167__175.png,0
/Users/pickapu/Documents/PyCharmMiscProject/deepfake-ViT/test_data_v3/real/real__id50_0003__240.png,0
/Users/pickapu/Documents/PyCharmMiscProject/deepfake-ViT/test_data_v3/real/real__409__185.png,0
/Users/pickapu/Documents/PyCharmMiscProject/deepfake-ViT/test_data_v3/DiT/fake/DiT__DiT_00298__2642.png,1
/Users/pickapu/Documents/PyCharmMiscProject/deepfake-ViT/test_data_v3/real/real__00265__240.png,0
/Users/pickapu/Documents/PyCharmMiscProject/deepfake-ViT/test_data_v3/DiT/fake/DiT__DiT_id33_0006__22967.png,1
/Users/pickapu/Documents/PyCharmMiscProject/deepfake-ViT/test_data_v3/real/real__929__237.png,0
/Users/pickapu/Documents/PyCharmMiscProject/deepfake-ViT/test_data_v3/fsgan/fake/fsgan__376__265.png,1
/Users/pickapu/Documents/PyCharmMiscProject/deepfake-ViT/test_data_v3/mobileswap/fake/mobileswap__096__259.png,1
/Users/pickapu/Documents/PyCharmMiscProject/deepfake-ViT/test_data_v3/stargan/fake/stargan__stargan_1001__1001.jpg,1
/Users/pickapu/Documents/PyCharmMiscProject/deepfake-ViT/test_data_v3/styleclip/fake/styleclip__styleclip_00417__00417.jpg,1
/Users/pickapu/Documents/PyCharmMiscProject/deepfake-ViT/test_data_v3/e4e/fake/e4e__444__14220.jpg,1
/Users/pickapu/Documents/PyCharmMiscProject/deepfake-ViT/test_data_v3/real/real__213__194.png,0
/Users/pickapu/Documents/PyCharmMiscProject/deepfake-ViT/test_data_v3/real/real__510__174.png,0
/Users/pickapu/Documents/PyCharmMiscProject/deepfake-ViT/test_data_v3/real/real__615__232.png,0
/Users/pickapu/Documents/PyCharmMiscProject/deepfake-ViT/test_data_v3/StyleGANXL/fake/StyleGANXL__StyleGANXL_Fake_from_Youtube-real_00052__seed20895.png,1
/Users/pickapu/Documents/PyCharmMiscProject/deepfake-ViT/test_data_v3/real/real__774__161.png,0
/Users/pickapu/Documents/PyCharmMiscProject/deepfake-ViT/test_data_v3/real/real__334__345.png,0
/Users/pickapu/Documents/PyCharmMiscProject/deepfake-ViT/test_data_v3/sd2.1/fake/sd2.1__610__339_029.png,1
/Users/pickapu/Documents/PyCharmMiscProject/deepfake-ViT/test_data_v3/real/real__399__444.png,0
/Users/pickapu/Documents/PyCharmMiscProject/deepfake-ViT/test_data_v3/pirender/fake/pirender__pirender_id1_id4_0003__000.png,1
/Users/pickapu/Documents/PyCharmMiscProject/deepfake-ViT/test_data_v3/real/real__406__263.png,0
/Users/pickapu/Documents/PyCharmMiscProject/deepfake-ViT/test_data_v3/blendface/fake/blendface__blendface_id45_id39_0008__000.png,1
/Users/pickapu/Documents/PyCharmMiscProject/deepfake-ViT/test_data_v3/wav2lip/fake/wav2lip__wav2lip_id13_0007_asgdGSGQBgY_50012__000.png,1
/Users/pickapu/Documents/PyCharmMiscProject/deepfake-ViT/test_data_v3/sadtalker/fake/sadtalker__sadtalker_id10_855Now8h5Rs_50024_0009__000.png,1
/Users/pickapu/Documents/PyCharmMiscProject/deepfake-ViT/test_data_v3/inswap/fake/inswap__inswap_id2_id16_0004__000.png,1
/Users/pickapu/Documents/PyCharmMiscProject/deepfake-ViT/test_data_v3/real/real__023__284.png,0
/Users/pickapu/Documents/PyCharmMiscProject/deepfake-ViT/test_data_v3/real/real__976__168.png,0
/Users/pickapu/Documents/PyCharmMiscProject/deepfake-ViT/test_data_v3/inswap/fake/inswap__inswap_id37_id21_0005__000.png,1
/Users/pickapu/Documents/PyCharmMiscProject/deepfake-ViT/test_data_v3/DiT/fake/DiT__732__2787.png,1
/Users/pickapu/Documents/PyCharmMiscProject/deepfake-ViT/test_data_v3/starganv2/fake/starganv2__starganv2_1766__1766.jpg,1
/Users/pickapu/Documents/PyCharmMiscProject/deepfake-ViT/test_data_v3/ddim/fake/ddim__ddim_id24_0000__YouTube-real_00081_029.png,1
/Users/pickapu/Documents/PyCharmMiscProject/deepfake-ViT/test_data_v3/real/real__id28_0007__154.png,0
/Users/pickapu/Documents/PyCharmMiscProject/deepfake-ViT/test_data_v3/blendface/fake/blendface__blendface_id49_id50_0001__000.png,1
/Users/pickapu/Documents/PyCharmMiscProject/deepfake-ViT/test_data_v3/ddim/fake/ddim__ddim_id31_0008__Celeb-real_id51_0009_016.png,1
/Users/pickapu/Documents/PyCharmMiscProject/deepfake-ViT/test_data_v3/real/real__881__328.png,0
/Users/pickapu/Documents/PyCharmMiscProject/deepfake-ViT/test_data_v3/blendface/fake/blendface__blendface_id33_id38_0001__000.png,1
/Users/pickapu/Documents/PyCharmMiscProject/deepfake-ViT/test_data_v3/real/real__844__439.png,0
/Users/pickapu/Documents/PyCharmMiscProject/deepfake-ViT/test_data_v3/one_shot_free/fake/one_shot_free__id21_0009__000.png,1
/Users/pickapu/Documents/PyCharmMiscProject/deepfake-ViT/test_data_v3/starganv2/fake/starganv2__starganv2_1877__1877.jpg,1
/Users/pickapu/Documents/PyCharmMiscProject/deepfake-ViT/test_data_v3/real/real__745__293.png,0
/Users/pickapu/Documents/PyCharmMiscProject/deepfake-ViT/test_data_v3/RDDM/fake/RDDM__280__sample-19425.png,1
/Users/pickapu/Documents/PyCharmMiscProject/deepfake-ViT/test_data_v3/blendface/fake/blendface__blendface_id46_id41_0000__000.png,1
/Users/pickapu/Documents/PyCharmMiscProject/deepfake-ViT/test_data_v3/whichfaceisreal/fake/whichfaceisreal__whichfaceisreal_756.png__756.png,1
/Users/pickapu/Documents/PyCharmMiscProject/deepfake-ViT/test_data_v3/real/real__987__296.png,0
/Users/pickapu/Documents/PyCharmMiscProject/deepfake-ViT/test_data_v3/real/real__090__354.png,0
/Users/pickapu/Documents/PyCharmMiscProject/deepfake-ViT/test_data_v3/real/real__00264__163.png,0
/Users/pickapu/Documents/PyCharmMiscProject/deepfake-ViT/test_data_v3/real/real__257__368.png,0
/Users/pickapu/Documents/PyCharmMiscProject/deepfake-ViT/test_data_v3/pirender/fake/pirender__id21_0009__000.png,1
/Users/pickapu/Documents/PyCharmMiscProject/deepfake-ViT/test_data_v3/real/real__397__182.png,0
/Users/pickapu/Documents/PyCharmMiscProject/deepfake-ViT/test_data_v3/inswap/fake/inswap__945__392.png,1
/Users/pickapu/Documents/PyCharmMiscProject/deepfake-ViT/test_data_v3/DiT/fake/DiT__00269__23057.png,1
/Users/pickapu/Documents/PyCharmMiscProject/deepfake-ViT/test_data_v3/real/real__015__225.png,0
/Users/pickapu/Documents/PyCharmMiscProject/deepfake-ViT/test_data_v3/one_shot_free/fake/one_shot_free__one_shot_free_id6_id20_0007__000.png,1
/Users/pickapu/Documents/PyCharmMiscProject/deepfake-ViT/test_data_v3/real/real__146__484.png,0
/Users/pickapu/Documents/PyCharmMiscProject/deepfake-ViT/test_data_v3/ddim/fake/ddim__ddim_id31_0001__YouTube-real_00141_000.png,1
/Users/pickapu/Documents/PyCharmMiscProject/deepfake-ViT/test_data_v3/RDDM/fake/RDDM__RDDM_id41_0009__sample-2451.png,1
/Users/pickapu/Documents/PyCharmMiscProject/deepfake-ViT/test_data_v3/mobileswap/fake/mobileswap__613__213.png,1
/Users/pickapu/Documents/PyCharmMiscProject/deepfake-ViT/test_data_v3/sd2.1/fake/sd2.1__sd2.1_id0_0007__Celeb-real_id49_0000_268.png,1
/Users/pickapu/Documents/PyCharmMiscProject/deepfake-ViT/test_data_v3/real/real__761__176.png,0
/Users/pickapu/Documents/PyCharmMiscProject/deepfake-ViT/test_data_v3/real/real__947__330.png,0
/Users/pickapu/Documents/PyCharmMiscProject/deepfake-ViT/test_data_v3/whichfaceisreal/fake/whichfaceisreal__whichfaceisreal_353.png__353.png,1
/Users/pickapu/Documents/PyCharmMiscProject/deepfake-ViT/test_data_v3/real/real__723__376.png,0
/Users/pickapu/Documents/PyCharmMiscProject/deepfake-ViT/test_data_v3/danet/fake/danet__danet_id34_id38_0004__000.png,1
/Users/pickapu/Documents/PyCharmMiscProject/deepfake-ViT/test_data_v3/hyperreenact/fake/hyperreenact__hyperreenact_id39_id45_0008__000.png,1
/Users/pickapu/Documents/PyCharmMiscProject/deepfake-ViT/test_data_v3/real/real__637__262.png,0
/Users/pickapu/Documents/PyCharmMiscProject/deepfake-ViT/test_data_v3/DiT/fake/DiT__DiT_id45_0005__2598.png,1
/Users/pickapu/Documents/PyCharmMiscProject/deepfake-ViT/test_data_v3/real/real__713__271.png,0
/Users/pickapu/Documents/PyCharmMiscProject/deepfake-ViT/test_data_v3/sd2.1/fake/sd2.1__sd2.1_00097__Celeb-real_id42_0004_000.png,1
/Users/pickapu/Documents/PyCharmMiscProject/deepfake-ViT/test_data_v3/inswap/fake/inswap__inswap_id3_id6_0001__000.png,1
/Users/pickapu/Documents/PyCharmMiscProject/deepfake-ViT/test_data_v3/e4s/fake/e4s__e4s_id1_id16_0004__000.png,1
/Users/pickapu/Documents/PyCharmMiscProject/deepfake-ViT/test_data_v3/real/real__426__172.png,0
/Users/pickapu/Documents/PyCharmMiscProject/deepfake-ViT/test_data_v3/real/real__898__179.png,0
/Users/pickapu/Documents/PyCharmMiscProject/deepfake-ViT/test_data_v3/real/real__271__252.png,0
/Users/pickapu/Documents/PyCharmMiscProject/deepfake-ViT/test_data_v3/real/real__537__198.png,0
/Users/pickapu/Documents/PyCharmMiscProject/deepfake-ViT/test_data_v3/real/real__014__348.png,0
/Users/pickapu/Documents/PyCharmMiscProject/deepfake-ViT/test_data_v3/real/real__id51_0006__237.png,0
/Users/pickapu/Documents/PyCharmMiscProject/deepfake-ViT/test_data_v3/real/real__378__392.png,0
/Users/pickapu/Documents/PyCharmMiscProject/deepfake-ViT/test_data_v3/MidJourney/fake/MidJourney__MidJourney_13592447708_Single_person_black_male_looking_at_the_camera_faci_a0735461-6995-4418-81e7-da2ef36bdcad.png__13592447708_Single_person_black_male_looking_at_the_camera_faci_a0735461-6995-4418-81e7-da2ef36bdcad.png,1
/Users/pickapu/Documents/PyCharmMiscProject/deepfake-ViT/test_data_v3/real/real__543__370.png,0
/Users/pickapu/Documents/PyCharmMiscProject/deepfake-ViT/test_data_v3/stargan/fake/stargan__stargan_1069__1069.jpg,1
/Users/pickapu/Documents/PyCharmMiscProject/deepfake-ViT/test_data_v3/real/real__295__211.png,0
/Users/pickapu/Documents/PyCharmMiscProject/deepfake-ViT/test_data_v3/styleclip/fake/styleclip__styleclip_01564__01564.jpg,1
/Users/pickapu/Documents/PyCharmMiscProject/deepfake-ViT/test_data_v3/real/real__056__192.png,0
/Users/pickapu/Documents/PyCharmMiscProject/deepfake-ViT/test_data_v3/VQGAN/fake/VQGAN__VQGAN_id7_0000__026913.png,1
/Users/pickapu/Documents/PyCharmMiscProject/deepfake-ViT/test_data_v3/DiT/fake/DiT__DiT_00056__21725.png,1
/Users/pickapu/Documents/PyCharmMiscProject/deepfake-ViT/test_data_v3/simswap/fake/simswap__421__468.png,1
/Users/pickapu/Documents/PyCharmMiscProject/deepfake-ViT/test_data_v3/DiT/fake/DiT__480__18293.png,1
/Users/pickapu/Documents/PyCharmMiscProject/deepfake-ViT/test_data_v3/e4s/fake/e4s__e4s_id1_id3_0003__000.png,1
/Users/pickapu/Documents/PyCharmMiscProject/deepfake-ViT/test_data_v3/real/real__020__200.png,0
/Users/pickapu/Documents/PyCharmMiscProject/deepfake-ViT/test_data_v3/RDDM/fake/RDDM__RDDM_id30_0006__sample-20579.png,1
/Users/pickapu/Documents/PyCharmMiscProject/deepfake-ViT/test_data_v3/real/real__id11_0006__162.png,0
/Users/pickapu/Documents/PyCharmMiscProject/deepfake-ViT/test_data_v3/StyleGAN2/fake/StyleGAN2__StyleGAN2_id21_0002__seed5252.png,1
/Users/pickapu/Documents/PyCharmMiscProject/deepfake-ViT/test_data_v3/sd2.1/fake/sd2.1__id45_0003__Celeb-real_id45_0003_241.png,1
/Users/pickapu/Documents/PyCharmMiscProject/deepfake-ViT/test_data_v3/real/real__064__206.png,0
/Users/pickapu/Documents/PyCharmMiscProject/deepfake-ViT/test_data_v3/StyleGAN3/fake/StyleGAN3__StyleGAN3_Fake_from_Celeb-real_id59_0004__seed19924.png,1
/Users/pickapu/Documents/PyCharmMiscProject/deepfake-ViT/test_data_v3/real/real__144__177.png,0
/Users/pickapu/Documents/PyCharmMiscProject/deepfake-ViT/test_data_v3/real/real__068__206.png,0
/Users/pickapu/Documents/PyCharmMiscProject/deepfake-ViT/test_data_v3/real/real__781__244.png,0
/Users/pickapu/Documents/PyCharmMiscProject/deepfake-ViT/test_data_v3/real/real__087__158.png,0
/Users/pickapu/Documents/PyCharmMiscProject/deepfake-ViT/test_data_v3/sd2.1/fake/sd2.1__393__401_380.png,1
/Users/pickapu/Documents/PyCharmMiscProject/deepfake-ViT/test_data_v3/tpsm/fake/tpsm__tpsm_id58_id57_0008__000.png,1
/Users/pickapu/Documents/PyCharmMiscProject/deepfake-ViT/test_data_v3/fsgan/fake/fsgan__660__174.png,1
/Users/pickapu/Documents/PyCharmMiscProject/deepfake-ViT/test_data_v3/faceswap/fake/faceswap__faceswap_id1_id20_0003__000.png,1
/Users/pickapu/Documents/PyCharmMiscProject/deepfake-ViT/test_data_v3/StyleGAN3/fake/StyleGAN3__StyleGAN3_Fake_from_Celeb-real_id52_0006__seed2358.png,1
/Users/pickapu/Documents/PyCharmMiscProject/deepfake-ViT/test_data_v3/real/real__779__157.png,0
/Users/pickapu/Documents/PyCharmMiscProject/deepfake-ViT/test_data_v3/real/real__416__161.png,0
/Users/pickapu/Documents/PyCharmMiscProject/deepfake-ViT/test_data_v3/real/real__889__169.png,0
/Users/pickapu/Documents/PyCharmMiscProject/deepfake-ViT/test_data_v3/e4e/fake/e4e__436__13964.jpg,1
/Users/pickapu/Documents/PyCharmMiscProject/deepfake-ViT/test_data_v3/real/real__998__177.png,0
/Users/pickapu/Documents/PyCharmMiscProject/deepfake-ViT/test_data_v3/real/real__id20_0008__173.png,0
/Users/pickapu/Documents/PyCharmMiscProject/deepfake-ViT/test_data_v3/real/real__395__230.png,0
/Users/pickapu/Documents/PyCharmMiscProject/deepfake-ViT/test_data_v3/real/real__443__443.png,0
/Users/pickapu/Documents/PyCharmMiscProject/deepfake-ViT/test_data_v3/SiT/fake/SiT__SiT_id16_0012__21541.png,1
/Users/pickapu/Documents/PyCharmMiscProject/deepfake-ViT/test_data_v3/real/real__095__486.png,0
/Users/pickapu/Documents/PyCharmMiscProject/deepfake-ViT/test_data_v3/real/real__243__199.png,0
/Users/pickapu/Documents/PyCharmMiscProject/deepfake-ViT/test_data_v3/uniface/fake/uniface__uniface_id51_id50_0008__000.png,1
/Users/pickapu/Documents/PyCharmMiscProject/deepfake-ViT/test_data_v3/real/real__226__168.png,0
/Users/pickapu/Documents/PyCharmMiscProject/deepfake-ViT/test_data_v3/mcnet/fake/mcnet__705__000.png,1
/Users/pickapu/Documents/PyCharmMiscProject/deepfake-ViT/test_data_v3/real/real__00276__237.png,0
/Users/pickapu/Documents/PyCharmMiscProject/deepfake-ViT/test_data_v3/hyperreenact/fake/hyperreenact__hyperreenact_id16_id21_0002__000.png,1
/Users/pickapu/Documents/PyCharmMiscProject/deepfake-ViT/test_data_v3/SiT/fake/SiT__SiT_id21_0007__23822.png,1
/Users/pickapu/Documents/PyCharmMiscProject/deepfake-ViT/test_data_v3/real/real__id8_0009__182.png,0
/Users/pickapu/Documents/PyCharmMiscProject/deepfake-ViT/test_data_v3/sd2.1/fake/sd2.1__sd2.1_00283__Celeb-real_id61_0005_206.png,1
/Users/pickapu/Documents/PyCharmMiscProject/deepfake-ViT/test_data_v3/MidJourney/fake/MidJourney__MidJourney_13592447708_Clean_caucasian_female_face_face_only_shown_face_cl_b98026d2-afc5-4423-ab84-e979bf550ed4.png__13592447708_Clean_caucasian_female_face_face_only_shown_face_cl_b98026d2-afc5-4423-ab84-e979bf550ed4.png,1
/Users/pickapu/Documents/PyCharmMiscProject/deepfake-ViT/test_data_v3/real/real__265__284.png,0
/Users/pickapu/Documents/PyCharmMiscProject/deepfake-ViT/test_data_v3/MidJourney/fake/MidJourney__MidJourney_13592447708_Clean_East_Asian_female_face_face_only_shown_face_c_f9235e78-2fcc-4137-89e9-f807ee61e912.png__13592447708_Clean_East_Asian_female_face_face_only_shown_face_c_f9235e78-2fcc-4137-89e9-f807ee61e912.png,1
